Newspaper,Title,Link,Article Content
O Globo,O Fluminense desafia os manuais do Campeonato Brasileiro,{'https://oglobo.globo.com/esportes/carlos-eduardo-mansur/coluna/2024/08/o-fluminense-desafia-os-manuais-do-campeonato-brasileiro.ghtml'}," Um dos aspectos mais fascinantes do futebol é a frequência com que desafia verdades estabelecidas. O Fluminense, em plena reação no Campeonato Brasileiro, é o exemplo da vez. Uma das críticas mais recorrentes feitas a clubes que trocam de treinador no Brasil é a brutal diferença de perfis entre o substituído e o substituto. De fato, dizem as cartilhas de boas práticas que impor a jogadores mudanças radicais de comportamentos táticos, com uma temporada em andamento e jogos a cada três dias, parece a receita do desastre. Como não existe uma realidade paralela no futebol, não é possível dizer como estaria o Fluminense a esta altura da temporada, caso mantivesse Fernando Diniz. Seja pelo sucesso da última temporada, seja pelos reforços que o clube foi buscar — Thiago Silva entre eles —, há motivos para acreditar que a pontuação baixíssima do início do Campeonato Brasileiro era quase um desvio estatístico que acabaria por ser revertido. Mas tal impressão fica no território da crença. Por ora, resta analisar o mundo real. E, nele, o Fluminense reagiu contrariando boa parte dos manuais. Os caminhos de Mano Menezes são radicalmente diferentes daqueles de Diniz. E a transformação no estilo de jogo vem sendo feita sob intensa pressão de vencer jogos seguidos, separados por pouquíssimo tempo de treinamento. Diniz acumulava jogadores na saída de bola. Mano, em seus primeiros jogos, sinalizava freneticamente para que nem tantos de seus atletas recuassem para o início da construção. Diniz chamava seu sistema de “aposicional”, fazia da bola a referência para que jogadores aglomerassem e trocassem passes. Mano, longe de ser um pragmático do jogo posicional, tem clara preocupação com a ocupação de alguns espaços. Diniz entendia que seu modelo permitia reunir jogadores com uma faixa etária mais elevada, privilegiava a capacidade técnica sobre o vigor. Uma das primeiras decisões de Mano foi, gradativamente, dotar o Fluminense de mais pulmão. Nomes como Renato Augusto, Gabriel Pires, Douglas Costa ou Terans passaram a ter menos minutos ou deixaram o clube. Se a chegada de Thiago Silva deu à defesa a estabilidade que só a presença de um atleta de elite mundial é capaz de conferir, a contratação de Serna e a ascensão de Kauã Elias deram ao setor ofensivo elementos de força, arranque e velocidade para um time que tenta chegar ao gol em muito menos passes do que com Diniz. Algumas das vitórias mais relevantes com Mano Menezes, contra Palmeiras, Bragantino, Bahia ou Atlético-MG, o time teve entre 39% e 50% de posse. Os números mostram como os modelos diferem. No Brasileiro do ano passado, disputado com Fernando Diniz nas 38 rodadas, o Fluminense acertou, em média, 487 passes por jogo. Nos dez jogos da atual edição com Mano, a média é de 393, com uma posse de bola de 51% contra os 62% de média em 2023. Não há fórmula para vencer: com mais posse e passes, o tricolor teve um 2023 memorável; com menos posse e mais verticalidade, vem reagindo num Brasileirão em que pareceu condenado. Pode não ter se tornado, da noite para o dia, favorito ao bi da Libertadores. No entanto, o crescimento no Brasileirão, que se tornara a verdadeira urgência, já permite olhar a disputa sul-americana como uma ambição, e não como uma distração. Nos dez últimos jogos no torneio nacional, o Fluminense somou 18 pontos. Neste período, o Corinthians e Vitória somaram dez, o Criciúma fez apenas seis, enquanto o Bragantino fez nove. Nas cinco rodadas do returno, só o Grêmio e o líder Fortaleza fizeram mais pontos do que o Fluminense. Tudo aponta para um desfecho sem sustos no Brasileirão, algo impensável há algumas semanas. A montanha já não parece tão íngreme. Gol providencial Um Flamengo em modo de sobrevivência venceu o Bragantino. Salvo a volta de Michael e a imposição de Léo Ortiz, o jogo não deixa grandes sensações. Mas reafirma a urgência de recuperar lesionados e incorporar reforços. A formação de domingo, com mais aceleração do que articulação, teve a sorte de encontrar o gol da vitória logo após sofrer o empate, e antes que o físico cobrasse uma conta alta três dias após a jornada em La Paz. Grande jogo Foram 30 finalizações no empate sem gols de Bahia e Botafogo, em Salvador. O número reflete um ótimo jogo de times que alternaram momentos de domínio. O controle alvinegro durou mais tempo e teve duas bolas na trave, resultado de um período da segunda etapa em que o time pressionou bem e teve muito volume. Mais tarde, sentiu a queda física e o Bahia criou as chances mais claras do jogo. John virou o destaque da tarde. Enigma O mais notável da liderança do Fortaleza é a mensagem passada ao futebol brasileiro: um clube sustentável, com gastos limitados à arrecadação, compromissos cumpridos... É importante que este tipo de trabalho seja premiado num país sem fair play financeiro. O curioso é que, no campo, o time atual não parece exibir sequer a melhor versão do Fortaleza de Vojvoda. Ainda assim, é eficiente em sua segurança defensiva e verticalidade ao atacar."
O Globo,"Conheça Patrícia e Alison, mãe e irmã de Mariah Carey que morreram no mesmo dia",{'https://oglobo.globo.com/ela/noticia/2024/08/27/conheca-patricia-e-alison-mae-e-irma-de-mariah-carey-que-morreram-no-mesmo-dia.ghtml'}," Mariah Carey revelou, na última segunda-feira (26), que sua mãe, Patricia, de 87 anos, e a irmã Alison, de 63 anos, faleceram no mesmo dia, no último fim de semana. Nenhum detalhe, incluindo as causas das mortes, foi revelado até o momento.   ""Meu coração está partido por ter perdido minha mãe no último fim de semana. Infelizmente, em uma trágica reviravolta de eventos, minha irmã perdeu a vida no mesmo dia"", disse a cantora vencedora do Grammy, 55, em declaração ao site People. ""Sinto-me abençoada por ter conseguido passar a última semana com minha mãe antes de ela falecer"", acrescenta Mariah. ""Agradeço o amor, o apoio e o respeito de todos pela minha privacidade durante esse momento impossível."" Patricia, que foi casada com Alfred Roy Carey, era uma cantora de ópera e professora de canto. Ela foi mãe de Alison, Mariah e Morgan. Os pais se divorciaram quando a cantora de ""Hero"" tinha 3 anos. O relacionamento de Mariah com sua mãe — de quem herdou seus talentos vocais — foi complicado ao longo de sua vida. ""Um amor complicado amarra meu coração ao da minha mãe"", escreveu ela em seu livro de memórias de 2020, The Meaning of Mariah Carey . ""Nosso relacionamento é uma corda espinhosa de orgulho, dor, vergonha, gratidão, ciúme, admiração e decepção"", continuou Mariah. O relacionamento de Mariah com Alison também era bem complexo. A estrela escreveu no livro de memórias que era, pelo menos na época, ""emocionalmente e fisicamente mais seguro para mim não ter nenhum contato"" com ela ou Morgan, e chegou a se referir a ela como ""ex-irmã"". Alison e Mariah só moraram juntas até o divórcio dos pais, porque a mais velha foi morar com Alfred. Aos 15, a irmã da cantora se casou e engravidou de seu filho Shawn. Em 2015, em Long Island, ela foi vítima de uma invasão domiciliar, quando um intruso a atingiu na cabeça com um taco de beisebol. Carey sofreu uma lesão cerebral e perda de memória de curto prazo. Ela chegou a morar na rua e tinha um histórico de dependência química. Em 2018, foi relatado, pelo The Sun , que Alison morava em Nova York, quando afirmou que estava limpa há cerca de 3 anos. Em 2020, Carey entrou com um processo de R$ 7 milhões contra Mariah na Suprema Corte estadual em Manhattan, alegando que a cantora a difamou em sua autobiografia de 2020, “The Meaning of Mariah Carey”. Mariah alegou no livro que sua irmã mais velha a drogou aos 12 anos, uma vez lhe deu queimaduras de terceiro grau e tentou recrutá-la para ser uma trabalhadora do sexo para um cafetão. O resultado do caso não foi divulgado. O jornal Times Union divulgou, de acordo com uma fonte, que ela morreu em casa, em NY, e que a causa estaria relacionada ao funcionamento dos órgãos de Carey, que estava em cuidados paliativos. “Sabíamos que isso aconteceria”, disse ele, acrescentando: “Havia sinais de que ela não conseguiria ir mais longe”, afirmou David Baker, amigo de Alison, ao jornal."
O Globo,"Diretor do Vasco pede desculpas ao Athletico-PR após confusão, e promete medidas internas",{'https://oglobo.globo.com/esportes/futebol/vasco/noticia/2024/08/27/diretor-do-vasco-pede-desculpas-ao-athletico-pr-apos-confusao-e-promete-medidas-internas.ghtml'}," A confusão formada após a vitória do Vasco sobre o Athletico-PR nesta segunda-feira, por 2 a 1, pelo Brasileirão, em São Januário, fez com que o cruz-maltino pedisse desculpas ao rubro-negro nos bastidores e prometesse tomar medidas internas. Ao final da partida, jogadores dos dois times se envolveram em briga e até um segurança do Vasco, identificado como Beto, trocou socos. Antes da coletiva do treinador Rafael Paiva, o diretor de futebol do Vasco, Marcelo Sant'Ana fez um pronunciamento em nome do clube. Sem citar especificamente o alvo das medidas internas, garantiu que elas serão avaliadas para manter a relação saudável entre os dois lados, e pediu desculpas a Mario Celso Petraglia e Paulo Autuori, presidente e diretor de futebol do Athletico. — Sobre aquele clima mais acalorado ali no final do jogo, o Club de Regatas Vasco da Gama e a Vasco SAF pedem desculpas ao Athletico-PR por eventuais excessos que podem ter ocorrido, que aconteceram. O Vasco já conversou, no pós-jogo, com o Paulo Autuori e com o próprio presidente do Athletico-PR (Petraglia) — disse Sant'Ana.   A briga em São Januário teve dois momentos diferentes. Primeiramente, jogadores e funcionários se estranharam ainda no campo, após provocações. Depois, na saída para os vestiários, atletas do Athletico brigaram diretamente com Beto, e provocaram tumulto próximo ao túnel. O árbitro Jonathan Benkenstein Pinheiro expulsou Fernando, lateral-esquerdo do time paranaense, após revisão no VAR."
O Globo,"'Não quero tomar nada do Bolsonaro', diz Marçal em sabatina da GloboNews",{'https://oglobo.globo.com/politica/eleicoes-2024/noticia/2024/08/27/nao-quero-tomar-nada-do-bolsonaro-diz-marcal-em-sabatina-da-globonews.ghtml'}," Alvo de críticas públicas de Jair Bolsonaro (PL) e de seus filhos, o empresário Pablo Marçal (PRTB) procurou tranquilizar o ex-presidente a respeito de uma ruptura na base de apoio ao bolsonarismo em razão da disputa eleitoral em São Paulo. O candidato concorre a prefeito contra o atual governante, Ricardo Nunes (MDB), que conta com o apoio de Bolsonaro e do PL.   Em sabatina da Globonews, na noite desta segunda-feira, 26, Marçal declarou, sobre as críticas de Bolsonaro, que na eleição ""vale tudo"", que considera naturalmente ser um ""período de guerra"" e que não tem a pretensão de substituí-lo como líder na direita. — Não quero tomar nada do Bolsonaro — afirmou o candidato do PRTB. — Eu quero é que tenha mil Bolsonaros, mil Pablos. Ele é o maior líder e ninguém vai tirar isso dele. Eu não quero esse peso, de ser o cara. Quero servir o povo de São Paulo. O empresário voltou a ofender o filho ""02"" do político, o vereador carioca Carlos Bolsonaro (PL), com o termo ""retardado"", além de atribuir a derrota para Lula (PT), na eleição passada, à sua postura de centralizar as decisões de campanha, sem espaço para conselhos externos. — O Carlos é um cara ciumento — afirmou o desafeto, aproveitando para alfinetar o desempenho de Alexandre Ramagem (PL), candidato a prefeito no Rio de Janeiro que está distante do prefeito Eduardo Paes (PSD) nas pesquisas. — Em vez de se preocupar com o Ramagem, que inclusive eu vou ajudar, ele está preocupado comigo em São Paulo. Mais cedo, em conversa com jornalistas da CNN Brasil, o empresário prometeu que não concorrerá a presidente em 2026. Esse é um dos temores levantados por aliados próximos do ex-presidente, segundo apurou o GLOBO. Segundo uma fonte ouvida de forma reservada, o político considera que Marçal não é confiável e segue agenda própria. Na Globonews, Marçal fez um aceno a Bolsonaro ao dizer que confia na reversão da sua inelegibilidade. Neste caso, contaria com o seu apoio na disputa presidencial. Ele não esclareceu, porém, se o governador de São Paulo, Tarcísio de Freitas (Republicanos), também pode contar com o seu apoio. O político, que é seu ex-ministro, passou a ser apontado como favorito para ocupar o posto de candidato bolsonarista daqui a dois anos. Tarcísio é um dos principais articuladores de Nunes, de quem é próximo.   Marçal disse ainda que estaria disposto a afastar todos os integrantes do seu partido, o PRTB, com suspeitas de ligação com o crime organizado, incluindo o presidente nacional da sigla, Leonardo Avalanche, fiador da sua candidatura a prefeito de São Paulo. — Não sou presidente, não sou dono do partido. Se dependesse de mim, era afastamento geral. Eu sou uma pessoa que estou usando o partido para ser candidato — declarou Marçal. — Eu não escolhi (o partido), foi o único que teve para entrar. Eles vão votar em mim, depois eu posso sair do partido. O ex-coach alegou que trocou o Democracia Cristã (DC) pelo PRTB na véspera do prazo de filiação partidária, no dia 5 de abril deste ano, depois que o presidente da legenda, José Maria Eymael, vetou por telefone a sua candidatura. A dica teria partido do publicitário Sérgio Lima.   A respeito do áudio em que Avalanche diz ter ajudado na soltura do traficante André do Rap, um dos líderes do Primeiro Comando da Capital (PCC), e que seu motorista seria membro da organização, Marçal disse que se sente ""constrangido"", mas o dirigente teria se negado a deixar o cargo. Negou ainda ser ""amigo"" do presidente do PRTB, que também é natural de Goiânia (GO), contrariando declarações dele. O candidato repetiu a estratégia de dizer que a infiltração do crime organizado é geral na sociedade e que outros partidos, como o PT, tem problemas na Justiça, como uma forma de minimizar as acusações. Pediu ainda ""ajuda"" das autoridades para ""limpar o PRTB"". — Partido político não é sinônimo de pureza, não.   Marçal também comentou o caso da prisão em Goiás, após investigações que levaram à sua condenação em primeira instância por furto qualificado pela Justiça Federal de Goiás, em 2010. O candidato disse que passou “três ou quatro dias” detido na Superintendência da Polícia Federal. — Queria ser uma pessoa que nunca foi processada, um menino que nem peida. Mas não foi assim. Infelizmente, fui injustiçado. Muitas coisas na minha vida foi bobeira mesmo que eu fiz, todo mundo erra. A gente tem um presidente que fez a maior quadrilha e vocês tão pegando em coisa que eu peguei R$ 350 para ajudar na minha casa? — disse Marçal ao se explicar. Apesar da condenação, ele não cumpriu a pena de quatro anos e cinco meses de reclusão, uma vez que sua punição foi declarada prescrita por ter ultrapassado o prazo. Na decisão que condenou o hoje empresário, o juiz responsável pela sentença escreveu que, “apesar da negativa de participação nos fatos delituosos, as próprias declarações de Pablo Henrique (Marçal) na polícia são discrepantes com a tese de inocência defendida” pelo ex-coach. O juiz acrescentou que os ""conhecimentos"" do candidato em ""informática"" possibilitavam a ele ""claramente compreender a perfeita dimensão do que ocorria, ainda mais com os programas maliciosos existentes nos computadores"". O grupo foi condenado em maio de 2010. A defesa entrou com recurso, analisado em segunda instância em 2018. Dessa forma, o prazo foi considerado prescrito. A condenação de Marçal é usada como munição por adversários do candidato do PRTB à prefeitura de São Paulo. O tema foi trazido à tona pela deputada federal Tabata Amaral (PSB) em debate realizado pela TV Bandeirantes, e momentos mais tarde a sentença da Justiça goiana foi compartilhada pelo também candidato Guilherme Boulos (PSOL) em suas redes sociais.   Marçal negou ter obtido vantagens políticas com os chamados ""campeonatos de cortes"", em que pessoas em grupos do Discord eram incentivadas a viralizar gravações e memes a respeito dele, com base em conteúdos publicados em seus perfis, por meio de promessas de ganhos financeiros. O candidato é acusado de abuso de poder econômico e uso indevido dos meios de comunicação pelo PSB, partido da deputada federal Tabata Amaral, sua concorrente no pleito. No sábado, 24, o Tribunal Regional Eleitoral de São Paulo (TRE-SP) concedeu liminar derrubando os perfis de Marçal, mas autorizando a criação de novas contas, sob o argumento de preservar o equilíbrio na disputa. O empresário disse ser vítima de ""censura"" e recorre da decisão. Ao mesmo tempo, reforça a narrativa ""antissistema"" que tenta emplacar desde o início da campanha. — Eu durmo em paz todo dia, não tem dinheiro meu nisso — declarou o candidato, alegando que nem as suas empresas, nem ele próprio, remuneraram perfis desde que declarou a intenção de concorrer a prefeito. Esse ponto está sendo investigado pela Justiça, que vê ""indícios"" nesse sentido, segundo a decisão publicada. Marçal argumenta que não faz sentido derrubar as suas contas, e sim a de terceiros, ignorando a possibilidade de o tráfego pago reverter em seguidores para os seus perfis por conta da visibilidade obtida nas redes sociais. — Agradeço pela perseguição, porque eu consegui criar uma conta com mais engajamento que a outra.   Durante a sabatina, Marçal deixou um pouco de lado a estridência que marcou suas participações em debates com outros candidatos e se propôs a se aprofundar em algumas de suas propostas para a cidade — deixando porém algumas perguntas sem respostas. Na semana passada, o empresário pediu 'perdão' pela postura e disse que 'precisou chamar atenção como idiota' para subir nas pesquisas. Marçal disse que sua gestão levará à criação de 2 milhões de empregos, comprometeu-se a zerar a fila de pessoas à espera de cirurgias e a colocar 100% dos alunos da rede municipal de ensino em tempo integral. Sobre a geração de postos de trabalho, o empresário afirmou que isso virá a partir de incentivos para empresas no que chamou de um “cinturão empresarial” nas periferias da cidade, o que impactaria também no trânsito, já que as pessoas teriam trabalho perto de onde moram. A proposta foi apresentada quando Marçal foi perguntado sobre o que faria para melhorar a circulação de ônibus, questão que acabou não respondida. O candidato do PRTB disse que conseguirá os recursos necessários para ampliar o ensino integral a partir da eliminação da “morosidade, da falta de tecnologia, da corrupção e do loteamento” na educação paulistana. Disse que com essas medidas é possível “aumentar receita sem criar imposto”. Já para zerar a fila de cirurgias e exames na rede de saúde, Marçal propôs firmar convênios com o governo do estado e prefeituras de outras cidades da região metropolitana, acionando inclusive hospitais da rede privada. — Tem gente morrendo em fila de hospital. Se a fizer no sistema de mutirão, a gente resolve qualquer problema. A gente tem dinheiro, tem competência — declarou. Perguntado também sobre a proposta que tem defendido de implantar teleféricos para deslocamentos nas periferias, Marçal disse que trata-se de uma ideia que ainda terá sua viabilidade analisada após sua eventual eleição. — Tem que testar. É igual namoro, não pode casar de primeira. A gente vai estudar junto com o provo, vamos ter outubro, novembro e dezembro para fazer os estudos técnicos. Não tenho vaidade de falar que é a melhor ideia. Se de alguma forma não for viável, tá tudo bem — afirmou, assegurando que a construção do teleférico seria feita a partir de uma parceria público-privada, sem recursos da prefeitura.   A GloboNews faz nesta semana uma série de entrevistas com os candidatos a prefeito de São Paulo e do Rio de Janeiro. As sabatinas acontecem sempre às 22h30 e têm 1h30 de duração. Em São Paulo, serão conduzidas por Natuza Nery, e, no Rio de Janeiro, por Miriam Leitão. O canal convidou os candidatos que marcaram pelo menos 5% de intenções de voto e estão entre os cinco primeiros colocados na última pesquisa Datafolha, divulgada no dia 22. Um sorteio definiu a ordem: Em São Paulo: Segunda-feira (26): Pablo Marçal (PRTB) Terça-feira (27): Ricardo Nunes (MDB) Quarta-feira (28): Guilherme Boulos (PSOL) Quinta-feira (29): Tabata Amaral (PSB) Sexta-feira (30): José Luiz Datena (PSDB) No Rio de Janeiro: Segunda-feira (26): Tarcísio Motta (PSOL) Terça-feira (27): Alexandre Ramagem (PL) Quarta-feira (28): Eduardo Paes (PSD)"
O Globo,Japão classifica incursão aérea chinesa de 'grave violação de soberania',{'https://oglobo.globo.com/mundo/noticia/2024/08/27/japao-classifica-incursao-aerea-chinesa-de-grave-violacao-de-soberania.ghtml'}," A incursão de um avião militar chinês no espaço aéreo japonês é uma ""grave violação de soberania"", declarou um porta-voz do governo japonês, nesta terça-feira (27, noite de segunda em Brasília), um dia após o incidente no Mar da China Oriental. - A violação do nosso espaço aéreo por parte de um avião militar chinês não é apenas uma grave violação da nossa soberania, mas também uma ameaça à nossa segurança e é totalmente inaceitável - declarou o porta-voz Yoshimasa Hayashi. O Japão informou que enviou aviões de combate após a incursão de dois minutos, ocorrida às 11h29 da segunda-feira, por um avião de vigilância Y-9 perto das ilhas Danjo, na prefeitura de Nagasaki.   - Entendemos que esta é a primeira incursão confirmada e anunciada de um avião militar chinês desde que começamos a tomar medidas contra incursões no espaço aéreo - acrescentou Hayashi, em uma coletiva de imprensa. ""Nos abstemos de dar uma resposta definitiva sobre o motivo da atividade do avião chinês. No entanto, as recentes atividades militares chinesas perto do Japão têm a tendência de se expandir - afirmou. Ele assegurou que Tóquio continuará atenta às atividades militares chinesas e tomará ""todas as medidas possíveis"" para proteger seu espaço aéreo."
O Globo,"Quem é Juan Izquierdo, zagueiro do Nacional que sofreu parada cardíaca após jogo com o São Paulo",{'https://oglobo.globo.com/esportes/futebol/noticia/2024/08/27/quem-e-juan-izquierdo-zagueiro-do-nacional-que-sofreu-parada-cardiaca-apos-jogo-com-o-sao-paulo.ghtml'}," Desde que sofreu uma parada cardíaca no jogo contra o São Paulo, na última quinta, no Morumbis, pelas oitavas de final da Copa Libertadores, a saúde de Juan Izquierdo tem sido motivo de preocupação. A cada boletim divulgado pelo Hospital Israelita Albert Einstein, onde está internado, o estado do zagueiro se agrava, o que deixa seus companheiros de Nacional-URU e todo o futebol uruguaio aflitos.   O jogador de 27 anos fez a primeira partida como profissional no Cerro, do Uruguai, em 2018. Também teve passagens por outras equipes uruguaias, como o Peñarol e o Montevideo Wanderers, antes de se transferir para o Nacional, em 2022. Neste período, viveu sua única e breve experiência internacional, no Atlético San Luis, do México, clube pelo qual disputou apenas quatro partidas. Pouco utilizado no Nacional, foi emprestado ao Liverpool-URU, na temporada passada, para ganhar mais oportunidades. Deu certo. O zagueiro virou titular da equipe, disputou 37 partidas e marcou três gols. Retornou com outro status ao Nacional, este ano. Também titular, já tinha disputado 25 partidas até sofrer a parada cardíaca no jogo da última semana. Ao prestar esclarecimentos sobre o andamento do caso à rádio Carve Deportiva, o Secretário Nacional de Esportes do Uruguai Sebastián Bauzá revelou que o atleta já tinha histórico. Há dez anos, Izquierdo apresentou ""leve arritmia"" em testes médicos realizados por um programa do governo. À época, o jogador estava nas categorias de base do Atlético Cerro. — Há 10 anos, foram feitos exames com o elenco do Cerro, onde jogava o Juan Izquierdo naquele momento. Ele passou por um eletrocardiograma. Juan tinha 17 anos, tinha uma pequena arritmia e foi informado — disse Sebastián Bauzá. Poucos dias antes do drama iniciado no Morumbis, Izquierdo havia presenciado o nascimento de seu segundo filho. Ele e a esposa Selena ainda são pais de uma menina de dois anos. Neste momento, a família se encontra em São Paulo para acompanhar toda a situação."
O Globo,Escola em tempo integral é caminho para melhorar educação no Brasil,{'https://oglobo.globo.com/opiniao/editorial/coluna/2024/08/escola-em-tempo-integral-e-caminho-para-melhorar-educacao-no-brasil.ghtml'}," As escolas de tempo integral têm impacto positivo no desempenho de alunos do ensino médio de redes estaduais, em especial para os mais pobres. Foi essa a conclusão de um estudo dos institutos Sonho Grande e Natura, com base nos últimos resultados do Índice de Desenvolvimento da Educação Básica (Ideb), que leva em conta avaliações de português e matemática e índices de aprovação no quinto e no nono ano do ensino fundamental e no terceiro ano do médio. Estudantes do ensino médio integral — modelo com mais de 420 minutos de aulas diárias, sem contar atividades complementares — obtiveram desempenho melhor que os de escolas regulares. Em matemática, a diferença foi de 6 pontos. É como se os alunos das escolas integrais tivessem cursado um ano a mais de aprendizado. “Se considerarmos que o ensino médio é composto por três anos de estudo, um ano a mais de aprendizagem é relevante”, diz Ana Paula Pereira, diretora executiva do Instituto Sonho Grande. Em língua portuguesa, a diferença foi de 4 pontos, o equivalente a mais de meio ano de aprendizado.   Outra constatação relevante: entre as cem escolas que atendem o público de menor nível socioeconômico e obtiveram melhores resultados no Ideb, 78 ofereciam ensino integral. Isso significa que as escolas integrais podem ser um meio eficaz de estender a qualidade do ensino aos mais pobres. A expansão, porém, exige cuidados. Não se trata de apenas estender a carga horária. “É preciso renovação do modelo pedagógico, é preciso um modelo centrado na vida do estudante, para que o aluno seja protagonista, se envolva nas decisões do ensino e possa entender suas fortalezas e como a escola se conecta aos caminhos que pode seguir. Não são coisas simples de executar, e é preciso também fazer com que os professores enxerguem a escola de forma diferente”, diz Ana Paula, do Sonho Grande.   Em 2023, apenas 33% das escolas escolas estaduais ofereciam ensino médio em tempo integral, e elas atendiam apenas 18% dos alunos matriculados (quatro anos antes, eram 10%). Num país tão populoso e diverso, a heterogeneidade é enorme. No Piauí, 85% das escolas estaduais já oferecem ensino médio integral. Em Ceará e Pernambuco, 70%. Em Santa Catarina, menos de 1%. No Rio Grande do Sul, 10%, mesma parcela que o Acre. Para acelerar a mudança da realidade, é preciso identificar as experiências bem-sucedidas ao expandir o ensino integral, analisá-las e reproduzi-las, dando prioridade às escolas frequentadas pelos mais pobres. Assim será possível melhorar a qualidade da educação brasileira."
O Globo,Não se cala Marçal,{'https://oglobo.globo.com/opiniao/pedro-doria/coluna/2024/08/nao-se-cala-marcal.ghtml'}," Pablo Marçal nos deu uma aula, neste fim de semana, pela qual deveríamos ser gratos. A Justiça Eleitoral de São Paulo concedeu uma liminar pedindo a suspensão temporária de seus perfis no Instagram, no X, no TikTok, no YouTube, no Discord, além de seu site oficial. O candidato à Prefeitura paulistana entrou, imediatamente, em modo de ação. Criou novos perfis em todas as redes, que já acumulavam milhões de seguidores no domingo. Esses novos perfis estão livres para uso. Não bastasse isso, seus seguidores criaram perfis próprios, em nome do candidato, para distribuir seu conteúdo.   Mas esse movimento de Marçal estava autorizado pelas decisões do tribunal. Ele foi denunciado por pagar para que acompanhem suas lives, as entrevistas que faz, os debates de que participa e para que produzam cortes, vídeos curtos, às vezes com truques de edição, outras não, que tenham a capacidade de viralizar. Esses vídeos não precisam ser publicados nos perfis de Marçal. Em geral, nem são. Mas é um concurso: alguns são selecionados para o perfil oficial, e os escolhidos são premiados com um pagamento. Os outros, não. Na avaliação do TRE houve, nessa ação, abuso de poder econômico, e isso a lei não permite.   A Justiça decidiu, portanto, que os perfis oficiais não podem ser usados durante a campanha por terem acumulado seguidores ao se beneficiar disso. A decisão parece partir do princípio de que o ganho do candidato foi em seguidores e de que, ao impedi-lo de usar aqueles perfis, o problema foi neutralizado. Mas ele não foi banido, tampouco proibido de se manifestar pelas redes. Foi autorizado a criar novos perfis — e os criou. Todos os que assistiram aos muitos vídeos que Marçal divulgou ao longo do fim de semana tiveram, porém, outra impressão. Acreditam que ele foi censurado. Perseguido pelo sistema. Não bastasse isso, a premissa em que o tribunal se baseou é falha. O que faz um vídeo viralizar não está necessariamente relacionado a ter origem num perfil com muitos seguidores. Em algumas redes, como o TikTok, a relação é até bastante baixa. O ponto é o seguinte: o TRE-SP identificou o que considerou abuso na prática de motivar seguidores a participar de um concurso de cortes com promessa de pagamento. A sanção imposta compensa o desvio? Há muito estudo sobre o que os americanos chamam de deplatforming: tirar a plataforma digital de atores políticos, tirar os perfis de certas redes. Os perfis do ex-presidente Donald Trump no Facebook, no Instagram e no então Twitter foram suspensos em janeiro de 2020, logo após a invasão do Capitólio. Ele ainda estava na Casa Branca, e a decisão partiu das próprias empresas. Trump ficou mais de três anos sem os perfis da Meta, o do X foi devolvido pouco depois de Elon Musk comprar a companhia. Não importa. Ele nem voltou ao X, embora possa voltar quando quiser. Não importa porque todas as redes continuam com uma imensa quantidade de conteúdo trumpista, e ele segue com altíssimas chances de chegar à Casa Branca novamente. Não fez diferença. Será uma eleição difícil para ambos os candidatos, mas não ter perfis oficiais parece ter tido efeito irrelevante na capacidade de Trump se comunicar pelas mídias sociais. Os estudos apontam para resultados que não são óbvios. Sim, tirar das redes os responsáveis por desinformação diminui o problema. Mas tirar políticos com o perfil de Marçal, Jair Bolsonaro ou Trump das grandes redes tem efeitos mais ambíguos. O resultado, em geral, é animar mais seus seguidores. Provocar migração para outros perfis ou atiçar o crescimento de comunidades em ambientes digitais mais difíceis de controlar, onde a desinformação é pior. Há indícios de que aumenta a radicalização do movimento, aglutina mais o grupo. Consolida mais opiniões. Essa é a história que a extrema direita conta no mundo. Já tratamos disso aqui. É uma história de perseguição: “Nós representamos o povo e combatemos uma máquina que impede o país de dar certo”. Uma máquina que opera nas entranhas do Estado, representando interesses obscuros, e bloqueia a ascensão do povo. Bolsonaro conta essa história, Nikolas Ferreira, Trump. Todos. Quando a Justiça tira os perfis do ar, confirma para os eleitores e para os que simpatizam com os candidatos do autoritarismo que essa máquina existe e de fato os persegue. Pode parecer contraintuitivo, mas a decisão do TRE-SP poderá servir de propaganda para Marçal."
O Globo,SpaceX adia lançamento de missão que prevê primeira caminhada espacial privada,{'https://oglobo.globo.com/economia/tecnologia/noticia/2024/08/27/spacex-adia-lancamento-de-missao-que-preve-primeira-caminhada-espacial-privada.ghtml'}," A SpaceX adiou, nessa segunda-feira, o lançamento de uma desafiante expedição orbital que poderá marcar um novo marco na exploração espacial, incluindo a primeira caminhada espacial de uma missão privada. A missão Polaris Dawn, organizada pelo bilionário norte-americano Jared Isaacman, estava prevista para decolar na manhã desta terça-feira do Centro Espacial Kennedy, da agência espacial americana (Nasa), na Flórida, mas o lançamento foi adiado para a madrugada de quarta-feira, devido a um problema técnico.   “As equipes estão examinando mais de perto um vazamento de hélio no nível do solo”, escreveu a empresa de Elon Musk no X. O hélio é um gás não inflamável usado para pressurizar linhas de combustível. A empresa observou que existem oportunidades adicionais de lançamento na mesma quarta ou quinta-feira. Na ponta de um foguete Falcon 9, a cápsula Dragon da SpaceX deverá atingir uma altitude máxima de 1.400km, a maior distância para uma missão tripulada em quase meio século, desde as missões lunares Apollo. Isaacman, no comando da missão, guiará os integrantes da equipe em direção ao seu objetivo principal: a primeira caminhada espacial não governamental da história, que será equipada com os novos trajes desenvolvidos pela SpaceX para uso extraveicular chamados EVA. - Esta será uma missão superemocionante - disse o magnata, CEO e fundador da empresa SpaceX, Elon Musk. Durante a caminhada espacial, prevista para o terceiro dia da missão, a tripulação utilizará EVAs de última geração, equipados com head-up displays, câmeras de capacete e sistemas avançados de mobilidade articular para sair da espaçonave dois a dois. Cada um passará de 15 a 20 minutos no espaço. Junto com Isaacman, a tripulação é o piloto Scott Poteet, tenente-coronel aposentado da Força Aérea dos EUA; Sarah Gillis, engenheira especialista em operações espaciais da SpaceX; e a médica Anna Menon, também engenheira de operações espaciais da empresa.   A tripulação do Polaris Dawn também fará quase 40 experimentos para aprender mais sobre o comportamento da saúde humana durante viagens espaciais de longa duração.   Os tripulantes estão em treinamento há mais de dois anos para a missão histórica, com centenas de horas em simuladores, sessões de paraquedismo, treinamento em câmara de centrífuga, mergulho e até escalada ao topo de um vulcão no Equador. Espera-se que Polaris Dawn seja a primeira de três missões do programa Polaris, produto de uma colaboração entre Isaacman, fundador da empresa de tecnologia Shift4 Payments, e a SpaceX. “A ideia é desenvolver e testar novas tecnologias e operações para promover a visão central da SpaceX, de permitir que a humanidade viaje para as estrelas”, disse Isaacman numa recente conferência de imprensa. O empresário não quis revelar quanto dinheiro investiu no projeto, embora relatos afirmem que ele pagou quase US$ 200 milhões à empresa de Musk pela missão Inspiration4, em setembro de 2021, a primeira missão orbital totalmente civil. O Polaris Dawn atingirá a altitude máxima em seu primeiro dia, aventurando-se brevemente no cinturão de radiação de Van Allen, região carregada de partículas de alta energia que podem causar problemas de saúde aos humanos expostos por longos períodos. A tripulação irá orbitar quase três vezes mais alto que a Estação Espacial Internacional, embora bem abaixo do recorde de distância de quase 399 mil quilômetros, estabelecido pela tripulação da Apollo 13 em 1970. A missão Polaris Dawn deverá ser concluída após seis dias no espaço e retornar à Terra na costa da Flórida."
O Globo,Campanhas para prefeito expõem atraso na questão do aborto,{'https://oglobo.globo.com/opiniao/artigos/coluna/2024/08/campanhas-para-prefeito-expoem-atraso-na-questao-do-aborto.ghtml'}," As campanhas municipais já em curso evidenciam a polarização entre visões antagônicas de sociedade em torno de temas nacionais, antecipando o pleito de 2026. Uma dessas pautas diz respeito ao aborto legal, ora demonizado com estridência, ora descartado como algo que escaparia à alçada de prefeitos e vereadores. É preciso dimensionar as responsabilidades desses agentes políticos.   Os municípios têm atuação decisiva nesse tema, uma questão de saúde pública. Hoje, o Estado brasileiro garante acesso ao aborto apenas nos casos de estupro, risco de vida da mãe ou feto anencéfalo. Ainda assim, mulheres e meninas enfrentam obstáculos na rede pública de saúde, incluindo a municipal, para ter acesso à interrupção voluntária da gravidez. Enfrentam o preconceito de profissionais que não reconhecem esse direito ou retardam os procedimentos, revitimizando-as, como tem sido denunciado na imprensa.   Cabe lembrar que o aborto voluntário no Brasil ainda é regido — pasmem! — por uma lei de 1940. Em 84 anos, as mulheres conquistaram muitos direitos, entraram em massa no mercado de trabalho, superaram os homens na educação escolar, avançaram até na política, mas continuam sem autonomia reprodutiva completa, o que restringe seus direitos individuais, sua dignidade, sua intimidade e sua saúde, direitos garantidos pela Constituição de 1988. Os efeitos da negação desses direitos resultam numa tragédia diária, especialmente para mulheres mais pobres, com menor escolarização, vulnerabilizadas em razão de raça e etnia, entre outros marcadores de desigualdade. Cerca de 800 mil mulheres passam por abortos inseguros todo ano no Brasil. Dessas, 200 mil recorrem ao SUS para tratar sequelas de procedimentos malfeitos. Para a Organização Mundial da Saúde (OMS), a situação pode ser ainda mais alarmante, pela subnotificação. Os abortos desse tipo podem ultrapassar 1 milhão por ano. É a quinta causa de morte materna no Brasil. Outro número assustador é de crianças violentadas — mais de 60% das vítimas de estupro têm até 13 anos. Novamente, temos visto diversos casos em que os agentes públicos impedem ou dificultam o acesso ao aborto legal em tais situações. Na mais recente investida conservadora, o Congresso Nacional ensaiou votar o “PL do Estupro” (Projeto de Lei 1.904/2024), que equipara o aborto legal em idade gestacional acima de 22 semanas, inclusive em casos de estupro, ao crime de homicídio simples. A proposta — depois retirada de pauta — reacendeu o debate sobre as políticas públicas voltadas à saúde e à justiça reprodutiva. E evidenciou que aumentar a punição às mulheres apenas reforça o já enorme e inaceitável atraso que vivemos. No fim, mesmo numa disputa municipal, candidato(a)s a cargos públicos precisam discutir, para além de crenças e religiões, suas responsabilidade em relação à garantia dos direitos reprodutivos como questão de saúde pública, de dignidade humana e de respeito ao pluralismo — pilares do Estado Laico Democrático de Direito. *Jacqueline Pitanguy, socióloga e cientista política, e Leila Barsted, advogada, são coordenadoras da ONG Cidadania, Estudo, Pesquisa, Informação e Ação (Cepia)"
O Globo,Horóscopo de hoje: veja previsão para seu signo no dia 27/8,{'https://oglobo.globo.com/cultura/horoscopo/noticia/2024/08/27/horoscopo-de-hoje-veja-previsao-para-seu-signo-no-dia-278.ghtml'}," Caiu no dia errado? Veja a previsão completa para o seu signo   Você sentirá a necessidade de diminuir o ritmo de suas tarefas para então fazer certos ajustes no caminho. Repense metas e reconfigure seus planos. Agir com calma vai lhe fazer ganhar tempo. Siga sua sabedoria.   A organização da rotina vai lhe trazer a segurança almejada para que você possa caminhar livre de imprevistos, mas também deixará pouco espaço para boas surpresas. Equilibre seu tempo para aproveitar a vida.   Você enfrentará importantes questionamentos e será difícil discernir entre o real e a fantasia. Conte com o apoio e a companhia de bons amigos, que observarão a situação sob outro ângulo. Você não está só.   Seus sonhos ganharão um lugar especial no dia e poderão orientar importantes decisões que você terá que fazer. Tenha em mente o que seu coração almeja neste momento. Você se aproxima de suas conquistas.   Quanto mais você postergar o enfrentamento daquilo que vem lhe incomodando internamente, mais demorará para desfrutar da solução de seus problemas. Movimente-se para resolver as pendências da alma.   Ao se colocar no lugar do outro, você poderá perceber que todos os pontos de vista são legítimos e importantes dentro de uma mesma situação. Mantenha a mente aberta e a escuta ativa. Respeite as diferenças.   As mais significativas conquistas só serão possíveis com dedicação e comprometimento, já que o caminho para o sucesso pode ser tão empolgante quanto desafiador. Envolva-se com seus planos e confie neles.   As inquietações que você enfrentará agora serão frutos da racionalização de seus processos emocionais. Evite se avaliar demasiadamente e concentre-se em sentir a força de seus sentimentos. Abra caminhos.   Ainda que a sua determinação lhe ajude a tomar decisões de maneira assertiva e corajosa, agora ela poderá contribuir para atitudes precipitadas em um momento que pedirá maior reflexão. Mantenha o cuidado.   Para aumentar sua produtividade e rendimento, será fundamental agora respeitar seus limites e valorizar os momentos de descanso. Assim, você manterá o corpo forte para qualquer situação. Poupe sua energia.   Ao realizar suas funções com atenção e tranquilidade, você permitirá que cada etapa seja feita com mais eficiência e excelência. Nutra a sua paciência e atenção. Os resultados se constroem com o tempo.   Sua criatividade agora agirá em favor de seu trabalho e afazeres cotidianos. Coloque na roda as ideias que surgirão e confie nos insights que você poderá elaborar ao longo do dia. Valorize seus talentos."
O Globo,"Celebridades que deram uma segunda chance ao amor, mas fracassaram: 'Ele teve que me aturar muito'",{'https://oglobo.globo.com/cultura/noticia/2024/08/27/celebridades-que-deram-uma-segunda-chance-ao-amor-mas-fracassaram-ele-teve-que-me-aturar-muito.ghtml'}," Depois de fazerem o mundo acreditar que o amor verdadeiro perdura e vence no final, Jennifer Lopez e Ben Affleck terminaram o relacionamento (pela segunda vez) e ainda em meio a um escândalo. Em 2004, eles cancelaram o noivado e terminaram um romance de dois anos, em parte por toda a relação entre os dois ter se tornado pública demais. Na época, eles foram o primeiro casal famoso a ganhar um nome próprio: “Bennifer”. Porém, alguns casamentos e vários filhos depois, o casal se reencontrou em 2021. Ficaram noivos novamente e desta vez se casaram, mas em 20 de agosto de 2024, ela pediu o divórcio. Assim, JLo e Affleck se juntaram a uma seleta lista de casais da indústria do entretenimento que acreditaram na força do amor, mas fracassaram uma segunda vez. De Justin Bieber e Selena Gomez a Elizabeth Taylor e Richard Burton, veja abaixo os casos mais emblemáticos.   Pamela Anderson é reincidente em términos e reencontros. Aconteceu com ela duas vezes: primeiro com Tommy Lee – pai dos seus dois filhos e a quem ela mais tarde chamou de “o amor da minha vida” – e depois com Kid Rock. A atriz, que alcançou a fama em 1992 como a Casey Jean Parker (CJ) de ""Baywatch"", apaixonou-se pelo baterista do Mötley Crüe em 1995. Foi uma paixão arrebatadora que eles se casaram quatro dias de se conhecerem. A união se deu numa praia de Cancún. “Foi realmente amor à primeira vista”, disse a atriz à People. Mesmo em uma vida de excessos, o casal conseguiu seguir em frente e constituir família: em maio de 1996 deram as boas-vindas ao filho Brandon Thomas Lee e, um ano depois, Dylan Jagger Lee veio ao mundo. Juntos, eles também enfrentaram o escândalo do vazamento de um vídeo de sexo que trazia os dois como protagonistas. Alguns meses depois do nascimento de Dylan, Anderson pediu o divórcio: as pressões, o cerco da imprensa, as carreiras e a criação de dois filhos pequenos foram demais para eles. Apesar da separação, a atriz e o roqueiro se reecontraram várias vezes antes de finalmente seguirem caminhos separados em 2008. No meio de todas essas idas e vindas, Pamela conheceu Kid Rock, outra figura do mundo da música. O casal se conheceu em 2001 e imediatamente decidiu unir suas vidas. O rápido namoro culminou em um noivado em abril de 2002, mas no ano seguinte eles se separaram. Quatro anos depois, o destino os reuniu no iate de um amigo em comum em St. Tropez, e eles voltaram a namorar em julho de 2006. Esse regresso resultou em um casamento que durou quatro meses.   Justin Bieber e Selena Gómez viveram uma das histórias de amor mais divulgadas do mundo das estrelas adolescentes. O primeiro capítulo foi escrito pelos seus empresários em 2009: eles fizeram o contato para apresentá-los. Imediatamente se tornaram bons amigos, mas o público esperava mais deles. No final de 2010, surgiu uma foto dele dando um beijo carinhoso nela, na varanda de um quarto de hotel no Caribe. As especulações se espalharam até março de 2011, quando ela confirmou, no programa de Ellen Degeneres, que Justin era seu namorado. A relação se fortalecia diante dos olhos dos fãs, e o casal demonstrava seu amor em cada um dos eventos para os quais era convidado. Falava-se até em um possível casamento. “Não, sou muito jovem. Um dia ficarei noivo, quando encontrar a pessoa certa, em cinco ou dez anos. Isso não significa que Selena não seja essa pessoa! Ela vai me matar se eu disser isso!”, disse ele na época, à Vanity Fair. A primeira separação oficial de Gomez e Bieber foi em novembro de 2012. O que se seguiu foi um relacionamento confuso até para seus seguidores, que ficaram surpresos ao ver uma foto deles juntos cinco meses depois. Embora tenham negado por muito tempo, eles encobriram o retorno com postagens em suas contas do Instagram, e se separaram e voltaram a ficar juntos diversas vezes. Então, no início de 2018, após vários escândalos e mensagens criptografadas, se separaram definitivamente.   Miley Cyrus já era uma celebridade global graças à sua personagem Hannah Montana quando se apaixonou por Liam Hemsworth, seu colega de elenco em ""A última música"". O ano era 2009, ela tinha 16 anos e ele 19, e imediatamente se tornaram um dos casais mais icônicos da indústria do entretenimento. Mas o conto de fadas durou pouco: começaram a circular rumores sobre suas infidelidades e, em agosto de 2010, o representante do ator confirmou que ele e Cyrus haviam se separado. A partir desse momento e durante os dez anos que se seguiram, o casal se separou e reatou diversas vezes. Jovens, atraentes e famosos, suas brigas viraram escândalos na mídia e suas reconciliações viraram capas de revistas. Em 2012, Hemsworth propôs a Cyrus com um anel caríssimo. “Estou muito feliz por estar noivo e espero ter uma vida de felicidade com Liam”, disse a artista à People. Esse compromisso acabou naufragando no ano seguinte numa nova crise. Embora tenham tentado reconstruir suas vidas – ela com Benji Madden e Patrick Schwarzenegger, enquanto ele foi visto beijando a cantora e atriz mexicana Eiza González –, em 2016 tentaram novamente. E entre idas e vindas, em dezembro de 2018 se casaram numa cerimônia intimista. Oito meses depois, assinaram os papéis do divórcio e se separaram para sempre.   Elizabeth Taylor e Richard Burton se conheceram em 1963, durante as filmagens de ""Cleópatra"", quando ambos eram casados: ele com Sybil Williams; ela com Eddie Fisher. A paixão foi instantânea. Em 1964, com os paparazzi em busca de um cartão-postal do romance escandaloso e logo depois que ela se divorciou, ele a pediu em casamento no King Edward Hotel, em Toronto. O casamento aconteceu em Montreal. “Elizabeth Burton e eu estamos muito felizes”, resumiu o ator britânico em um breve comunicado. Taylor e Burton viveram uma vida de luxo durante o tempo que estiveram juntos: aos poucos se posicionaram como um dos casais mais poderosos do entretenimento. Porém, por trás da lenda, nem tudo eram fama, viagens, iates caros, joias e grandes eventos. Em seus diários particulares, publicados em 2012, o ator contou seus dias de luxúria e suas brigas, intensificadas pelo álcool. Além disso, como pagaram o preço do poder, da fama e do dinheiro: aquela imagem de casal perfeito, construída por um grande grupo de colaboradores - secretárias, guarda-costas, enfermeiras, maquiadores e fotógrafos pessoais, entre outros - ruiu em 1974, com seu primeiro divórcio. Um ano depois, eles se casaram novamente, mas o amor não foi suficiente e em 1976 eles se separaram em definitivo.   Quando Carrie Fisher e Paul Simon se apaixonaram perdidamente, ela ainda não era famosa — estava no meio das filmagens do primeiro ""Star Wars"", o filme que a levaria a ser conhecida em todo o mundo. Ele, por outro lado, já era parte da famosa dupla de folk rock Simon & Garfunkel. O relacionamento foi marcado por momentos depressivos, pelo uso de drogas dela e pelas inseguranças pessoais dele, segundo Peter Ames Carlin no livro ""Homeward Bound: The Life of Paul Simon"". A filha de Debbie Reynolds e Eddie Fisher se casou com o músico em 1983 e no ano seguinte eles já estavam divorciados. O casamento durou 11 meses, embora o amor tenha ido muito mais longe: depois namoraram, de forma intermitente, por mais 12 anos. O caso teve fim durante uma estranha viagem à Amazônia brasileira. Após uma experiência xamânica envolvendo uma visão causada por uma mistura de ervas psicodélicas, ela decidiu terminar o relacionamento. “Acho que, na melhor das hipóteses, posso ser considerada uma namorada interessante. Mas uma esposa? Acho que é por isso que sou uma decepção”, comentou Fisher com humor em sua autobiografia. “Pobre Paul. Ele teve que me aturar muito. Acho que no final caí na história da 'boa anedota, má escolha na vida real'. Eu era muito boa como material, mas no dia a dia era mais do que ele conseguia aguentar.” Após a separação, Fisher e Simon continuaram bons amigos."
O Globo,Tempo seco no Brasil: veja as 6 dicas para reduzir o efeito da baixa umidade do ar no corpo,{'https://oglobo.globo.com/saude/noticia/2024/08/27/tempo-seco-no-brasil-veja-as-6-dicas-para-reduzir-o-efeito-da-baixa-umidade-do-ar-no-corpo.ghtml'}," O tempo seco se tornou um motivo de preocupação em diversas áreas do país, de acordo com a MetSul Meteorologia. Com a diminuição da umidade do ar, consequência do atual cenário, o corpo humano pode sofrer consequências negativas. Por isso, é importante tomar medidas para se proteger.     O clima seco dificulta a respiração de quem tem problemas como bronquite e asma e pode provocar sangramentos de nariz. No caso do sol forte, a pele é a parte mais sacrificada, e por isso recomenda-se cobrir bem o corpo com roupa. Especialistas recomendam beber bastante água para manter a hidratação, bem como fazer refeições nutritivas para repor minerais perdidos no suor – sem nunca abusar da comida para não ter indisposição. O tempo seco também é um predisposto para doenças do sistema respiratório, como rinite e sinusite, por exemplo. Quando o ar está muito seco, ele acaba desidratando a mucosa respiratória e diminui os cílios de proteção presente no nariz. Favorecendo alergias e entrada de bactérias, o que pode levar a essas doenças. No que concerne à gravidade da pouca umidade no ar, entre 20 e 30% é considerado estado de atenção. Quando a umidade do ar se encontra entre 20 e 12% já é considerado estado de alerta. Logo, abaixo de 12% de umidade no ar considera-se estado de emergência. Além da hidratação e de uma boa alimentação, especialistas também recomendam outros tipos de cuidados, como:     Crianças e idosos são os mais afetados pela baixa umidade do ar, por isso, é necessário atenção especial a esses dois grupos de pessoas. O cuidado essencial, neste caso, é incentivar a ingestão de bastante água, além de sucos naturais feitos de maneira adequada, e água de coco."
O Globo,"Izquierdo: '5 minutos é o tempo máximo que o cérebro aguenta sem oxigenação, depois a sequela pode ser irreversível', diz cardiologista",{'https://oglobo.globo.com/saude/noticia/2024/08/27/izquierdo-5-minutos-e-o-tempo-maximo-que-o-cerebro-aguenta-sem-oxigenacao-depois-a-sequela-pode-ser-irreversivel-diz-cardiologista.ghtml'}," Na última quinta-feira, durante partida em São Paulo, o jogador do Nacional do Uruguai Juan Manuel Izquierdo, de 27 anos, passou mal em campo devido a uma arritmia cardíaca. Ao chegar no Hospital Albert Einstein, o atleta estava sofrendo uma parada cardiorrespiratória e precisou ser reanimado. No último boletim, o hospital disse que exames realizados no domingo revelaram “progressão do comprometimento cerebral e aumento da pressão intracraniana”. O jogador segue internado.   Ao GLOBO, o cardiologista Alexsandro Fagundes, presidente da Sociedade Brasileira de Arritmias Cardíacas (Sobrac), explicou o que é o diagnóstico e quando ele pode levar a casos graves, como a parada cardíaca. O médico disse ainda que, após cerca de cinco minutos sem oxigenação, o risco de sequelas neurológicas irreversíveis é alto, por isso a importância do rápido atendimento. — Arritmias são alterações do ritmo cardíaco que podem ser graves ou não. Precisamos entender se ela deixou a frequência irregular, se acelerou os batimentos, se desacelerou, cada caso tem uma conotação diferente. E o que depende também é a causa subjacente, o mecanismo que levou àquela alteração do ritmo — diz o especialista.   O presidente da Sobrac explica que casos como o de Izquierdo, em que a arritmia evolui rapidamente para uma parada cardíaca, fazem parte dos considerados graves e potencialmente fatais, que demandam uma resposta rápida para salvar a vida do paciente: — Geralmente a taquicardia ou fibrilação ventricular é o quadro mais comum que leva à parada cardíaca. Ela faz com que a frequência do coração fique inaceitável, acima de 200, 300 batimentos por minuto, o que leva a musculatura do órgão a parar de contrair. Com isso, o coração deixa de mandar sangue para o organismo, e o primeiro efeito é que a pessoa perde a consciência. Nesse caso o atendimento precisa ser urgente para não levar o paciente à morte.   Ele diz que a única maneira de salvar esse paciente é reconhecer o quadro e iniciar imediatamente as manobras de ressuscitação cardiopulmonar, que realizam uma compressão no tórax da vítima para manter o fluxo sanguíneo até o socorro chegar com um desfibrilador – aparelho que produz um choque elétrico no coração para restabelecer o ritmo cardíaco. — Se não houver o socorro imediato e o desfibrilador, a chance de sobrevivência chega a menos de 15%. Quatro, cinco minutos são o máximo de tempo que o tecido cerebral aguenta ficar sem a oxigenação. Depois disso, a sequela pode ser irreversível. E até colocar na ambulância, levar para o hospital, não leva menos de 20 minutos, por isso é importante ter uma estrutura pronta — diz. Ele lembra o caso de Christian Eriksen, jogador dinamarquês que sofreu uma parada cardíaca em campo durante um jogo da Eurocopa, em 2021. Ele foi reanimado ainda no estádio, e a equipe médica da partida foi posteriormente premiada pela União das Associações Europeias de Futebol (Uefa) pelo rápido socorro. Em junho, três anos depois, Eriksen voltou às partidas.   No caso de Izquierdo, segundo as informações divulgadas até agora, a parada cardíaca teria iniciado quando o atleta já estava a caminho do hospital. — Não sabemos exatamente como foi na ambulância. E se o socorro demora um pouco mais no desfibrilador, mas a compressão está adequada, pode ser que a pessoa fique sem sequelas mesmo que o choque dure mais de 5 minutos. Só que a partir do momento em que o tempo vai passando, a expectativa de recuperação sem sequelas se torna muito baixa — avalia Fagundes. O médico esclarece ainda por que o cérebro é o primeiro afetado no caso de uma parada cardíaca: — Todas as células do nosso corpo estão vivas às custas de combustível. Os tecidos cerebrais, ou seja, os neurônios, utilizam basicamente oxigênio e glicose. E isso vem pelo sangue transportado pelas artérias, que circula graças ao trabalho cardíaco do coração. Se ele para, tem alguns tecidos que aguentam horas sem oxigenação, mas o cérebro é o tecido mais nobre que temos, e qualquer redução nesse combustível em minutos já faz uma diferença muito grande. O cardiologista conta que, embora pessoas que tenham um histórico de doença cardíaca tenham maior predisposição, a maioria dos casos de uma parada súbita são em indivíduos que eram considerados saudáveis, muitas vezes por não saberem estar com uma saúde cardiovascular debilitada ou possuir uma doença genética. — Em relação às causas, na maioria das vezes detectamos obstruções nas artérias coronárias do paciente que estavam prestes a levar a um infarto. Mas abaixo dos 35 anos, em que isso é menos provável, geralmente as causas são doenças geneticamente adquiridas ou hereditárias. Mas existe um percentual de 10% a 20% que você classifica como arritmia idiopática, que ela não teve uma causa específica identificada. Nesta segunda-feira, o Secretário Nacional de Esportes do Uruguai, Sebastián Bauzá, disse à rádio uruguaia Carve Deportiva que Izquierdo já tinha apresentado uma ""leve arritmia"" em testes médicos realizados por um programa do governo há 10 anos: — Ele passou por um eletrocardiograma. Juan tinha 17 anos, tinha uma pequena arritmia e foi informado. Segundo o último boletim do Einstein, o atleta segue internado na unidade de terapia intensiva (UTI) sob cuidados intensivos neurológicos e dependente de ventilação mecânica."
O Globo,"Mega-Sena sorteia prêmio de R$ 3,5 milhões nesta terça-feira",{'https://oglobo.globo.com/economia/noticia/2024/08/27/mega-sena-sorteia-premio-de-r-35-milhoes-nesta-terca-feira.ghtml'}," A Caixa Econômica Federal realiza nesta terça-feira o sorteio do concurso 2.767 da Mega-Sena, com um prêmio estimado em R$ 3,5 milhões. As apostas para a Mega-sena podem ser feitas até as 19h do dia do concurso, nas casas lotéricas credenciadas, pela internet ou no aplicativo da loteria.   Os sorteios acontecem sempre às 20h, no Espaço da Sorte, em São Paulo, e contam com transmissão ao vivo pelas redes sociais da instituição. O palpite mínimo custa R$ 5,00. Além desse modelo de aposta, com seis números selecionados, que paga o prêmio principal, ainda é possível ganhar prêmios ao acertar quatro ou cinco dezenas.   O Bolão Caixa é a possibilidade que o apostador tem de realizar apostas em grupo. Basta preencher o campo próprio no volante ou solicitar ao atendente da lotérica. Na Mega-Sena, os bolões têm preço mínimo de R$ 10 e cada cota não pode ser inferior a R$ 5. É possível realizar um bolão de no mínimo duas e no máximo cem cotas. Veja os dez maiores prêmios sorteados na História da Mega-sena:  "
O Globo,Vale-botijão e incentivo para indústria naval: entenda em 5 pontos o pacote do governo no setor de gás,{'https://oglobo.globo.com/economia/noticia/2024/08/27/vale-botijao-e-incentivo-para-industria-naval-entenda-em-5-pontos-o-pacote-do-governo-no-setor-de-gas.ghtml'}," Em busca de solução para o preço do gás natural no Brasil, um problema apontado como crônico por diferentes governos e pela indústria, a gestão de Luiz Inácio Lula da Silva lançou ontem uma série de medidas. As ações impactam diretamente atividades que vão dos campos de exploração até a venda direta do produto. Além disso, o Executivo decidiu ampliar e reformular o programa de “vale-gás”, voltado para subsidiar o GLP para famílias de baixa renda, a partir do ano que vem. Veja as principais ações anunciadas pelo governo.   Um decreto assinado por Lula amplia os poderes da Agência Nacional de Petróleo (ANP) sobre o setor de gás. O órgão poderá, por exemplo, o aumento da produção e redução da reinjeção de gás em campos. Também irá regular do escoamento e tratamento de gás.   A estatal PPSA (que vende em leilão o óleo e o gás que cabem ao governo em contratos de partilha do pré-sal) poderá contratar escoamento e processamento de gás e comercializar diretamente gás natural, GLP e derivados. Na prática, poderá concorrer com a Petrobras.   O vale-gás bimestral pago a 5,6 milhões de famílias junto com o Bolsa Família hoje será substituído pela entrega direta do GLP em distribuidoras credenciadas. O programa chegará a 20 milhões de famílias em 2026, ano eleitoral, quando ocusto chegará a R$ 13,6 bilhões.   A MP que cria incentivos para a indústria naval permite a depreciação acelerada de navios-tanques. Com isso, equipamentos mais velhos são deduzidos do imposto de renda para compra de novos. O governo estima a construção de mais de 15 navios para cabotagem de petróleo e derivados.   O governo ainda lançou a Política Nacional de Transição Energética, que deve funcionar em articulação com outras iniciativas. A expectativa é que o país receba R$ 2 trilhões em investimentos neste setor, em dez anos, de acordo com o Ministério de Minas e Energia."
O Globo,"'Eventos extremos': Inmet alerta para geadas e riscos para plantações no Sul, mas frio não deve durar; veja previsão",{'https://oglobo.globo.com/brasil/noticia/2024/08/27/eventos-extremos-inmet-alerta-para-geadas-e-riscos-para-plantacoes-no-sul-mas-frio-nao-deve-durar-veja-previsao.ghtml'}," O Instituto Nacional de Meteorologia (Inmet) emitiu um alerta laranja para geadas intensas que podem causar prejuízos significativos às plantações no sul do Brasil. As temperaturas mínimas previstas para diversas regiões variam entre 0°C e 3°C, com o alerta abrangendo áreas importantes para a agricultura, como a Serra Catarinense, o Noroeste do Rio Grande do Sul e o Sudeste Paranaense. Segundo a meteorologista do Inmet Andrea Ramos, o país enfrenta ""eventos extremos"".   O declínio de temperatura, previsto pelo Inmet para esta terça-feira, deve acabar no mesmo dia. Depois disso, a tendência é esquentar, afirma Andrea: — Estamos vivendo eventos extremos a todo o tempo. O calorão já está situado no Norte e no Nordeste, mas o calor deve aumentar, principalmente no Centro-Oeste, onde estão ocorrendo as queimadas, — explica. A previsão de geadas preocupa especialmente os agricultores, que podem enfrentar perdas consideráveis caso não adotem medidas preventivas. Segundo o Inmet, o fenômeno pode congelar a água presente nas plantas, o que pode ocasionar a destruição de produtos sensíveis ao frio. O alerta laranja indica ""perigo"", uma das categorias mais graves na escala de monitoramento meteorológico, é um indicativo de que há um risco substancial de danos. Entre as áreas mais afetadas pelo frio intenso estão também o Oeste Catarinense, o Vale do Itajaí e a Região Metropolitana de Curitiba. Em Porto Alegre, no Rio Grande do Sul, a semana será marcada por grande amplitude térmica, com mínimas que chegam a 8 °C e máximas de 20 °C, além de dias nublados a partir de quarta-feira. Enquanto as regiões sulistas se preparam para enfrentar as baixas temperaturas, outras partes do país devem manter o clima frio, mas estável ou com leve declínio nas temperaturas. No Rio de Janeiro, a previsão é de um clima estável para esta terça-feira, com mínimas de 13 °C e máximas de 23 °C. Na quarta-feira, a temperatura começa a apresentar ligeira elevação, mas o céu seguirá nublado com disposição de algumas nuvens durante o dia. A situação perdura até sexta-feira, com elevação gradual da temperatura durante a semana: mínima de 16 °C e máxima de 28 °C. Em São Paulo, a terça-feira começa com tendência de declínio na temperatura, que já terá mínima de 5 °C e máxima de 19 °C. Ao longo da semana, há predisposição para aumento ligeiro das temperaturas, com possibilidade de nevoeiros e céu bastante nublado. Na sexta-feira, os termômetros da capital paulista deverão marcar mínimas de 13 °C e máximas de 26 °C. Já na capital mineira, essa semana deverá ser marcada por grandes amplitudes térmicas, com variações que chegam a até 17 °C de diferença, na sexta-feira. Ao longo dos próximos dias, Belo Horizonte deverá ter um clima estável com pequenas oscilações previstas nas temperaturas máximas, mas declínio é previsto para a sexta-feira, com mínimas de 11 °C e máxima de 28 °C."
O Globo,CCJ da Câmara pode votar quatro propostas que têm o STF como alvo nesta terça-feira,{'https://oglobo.globo.com/politica/noticia/2024/08/27/ccj-da-camara-pode-votar-quatro-propostas-que-tem-o-stf-como-alvo-nesta-terca-feira.ghtml'}," A Comissão de Constituição e Justiça (CCJ) da Câmara pautou para a sessão desta terça-feira um pacote de quatro medidas que podem restringir a atuação dos ministros do Supremo Tribunal Federal (STF). A possibilidade de votação das medidas ocorre depois do acordo entre os poderes em relação às emendas parlamentares, na última semana. O fato de os projetos serem votados na CCJ, entretanto, não implica na possibilidade de haver votação sobre os temas no plenário da Casa. A CCJ é presidida pela deputada bolsonarista Caroline de Toni (PL-SC).   Uma das Propostas de Emenda à Constituição que está prevista é a que dá aos congressistas o poder de suspender decisões do Supremo Tribunal Federal (STF). O texto, que estava parado desde o ano passado, havia sido enviado à CCJ pelo presidente da Câmara, Arthur Lira (PP-AL), após o ministro Flávio Dino, do STF, suspender a execução de recursos via emendas. Nos bastidores, comenta-se que as chances de Lira colocar esta PEC à frente, depois do acordo alinhavado, é ""remota"". O texto prevê que o Congresso possa suspender decisões da Corte quando considerarem ""que exorbita do adequado exercício da função jurisdicional e inova o ordenamento jurídico como norma geral e abstrata"". Outra PEC pautada é a chamada ""PEC das Decisões Monocráticas"". Esta já foi aprovada pelo Senado no ano passado, mas estava parada da Câmara até o embate com o STF. A proposta é uma demanda antiga de parlamentares bolsonaristas, que queriam limitar o poder de alcance do Judiciário. Para esta PEC, o líder da oposição na Câmara, o deputado Filipe Barros (PL-PR) já foi designado relator do texto. Completam o pacote apresentado pela CCJ dois projetos de lei com o mesmo objetivo: tipificar como crime de responsabilidade dos Ministros do Supremo Tribunal Federal possível ""usurpação de competência do Poder Legislativo ou do Poder Executivo"". O ministro do STF Flávio Dino afirmou na quarta-feira passada que o acordo fechado entre os três Poderes sobre emendas traz “balizas” para serem seguidas, mas ressaltou que ele ainda dará uma nova decisão no caso e que, no fim, haverá um julgamento no plenário da Corte. Dino, que é o relator de um conjunto de ações envolvendo emendas, afirmou que analisará o caso novamente após o prazo de 10 dias para o Executivo e o Legislativo definirem alguns pontos. Depois disso, a Advocacia-Geral da União (AGU) e o Procurador-Geral da República (PGR) poderão se manifestar, antes do julgamento."
O Globo,Lula recebe Eduardo Paes para discutir terreno para estádio do Flamengo em meio às eleições municipais,{'https://oglobo.globo.com/esportes/noticia/2024/08/27/lula-recebe-eduardo-paes-para-discutir-terreno-para-estadio-do-flamengo-em-meio-as-eleicoes-municipais.ghtml'}," O prefeito do Rio, Eduardo Paes, se encontra com o presidente Lula, nesta terça-feira, para tentar destravar a construção do novo estádio do Flamengo na região do Gasômetro, na região do Porto Maravilha. Segundo auxiliares do prefeito, a expectativa é obter o aval de Lula para que a Caixa Econômica Federal desista de ações judiciais contra a desapropriação do terreno por parte da prefeitura e o Flamengo consiga o termo de posse do imóvel onde pretende construir o estádio. Paes está em campanha pela reeleição para a Prefeitura do Rio e tem Lula como aliado. O presidente da Caixa, Carlos Vieira, também vai participar do encontro, que deve contar também com a presença do advogado geral da União, ministro Jorge Messias, e o deputado Pedro Paulo (PSD-RJ). Segundo interlocutores, a reunião com Lula foi intermediada pelos ministros da Secretaria Geral da Presidência, Marcio Macêdo, e de Relações Institucionais, Alexandre Padilha. O terreno foi desapropriado em junho, com destinação específica, como a construção de um estádio, por exemplo, após várias tentativas por parte dos interessados em fechar um acordo com a Caixa. A área pertencia a fundo de investimento administrado pela Caixa e que recebeu aportes do FGTS. O terreno foi a leilão — e foi arrematado pelo Flamengo por R$ 138 milhões. O banco tentou impedir o leilão na Justiça, mas não conseguiu, mas o processo segue em andamento. A Caixa justifica que o FGTS será prejudicado pela desapropriação. Inicialmente, o Flamengo se dispôs a pagar R$ 250 milhões pela área, mas o banco sempre insistiu em um valor superior devido ao chamado Certificados de Potencial Adicional de Construção (Cepacs). Segundo o deputado Pedro Paulo, o objetivo do encontro é convencer o presidente Lula que essa perda não existe e que o o novo estádio vai valorizar a área. Ele lembrou que recentemente as operações do Fundo no Porto Maravilha foram revistas o que permitiu ao FGTS lucro extra de R$ 6 bilhões em 2023. — O objetivo da reunião com o presidente Lula é desesmistificar o tal prejuízo aos acionistas do Fundo e a reafirmar a importância do projeto pra Cidade. O novo estádio será construído dentro das diretrizes definidas pela prefeitura e própria Caixa — disse o parlamentar. O Flamengo ainda não apresentou o projeto de engenharia da obra, mas a meta é que o novo estádio comporte, pelo menos, 70 mil servidores, um investimento estimado em quase R$ 2,5 bilhões. A expectativa da diretoria do time é concluir o empreendimento em 2029."
O Globo,Presidente do PDT diz ter cobrado Lula por campanha contra candidato do partido em Fortaleza,{'https://oglobo.globo.com/politica/eleicoes-2024/noticia/2024/08/27/presidente-do-pdt-diz-ter-cobrado-lula-por-campanha-contra-candidato-do-partido-em-fortaleza.ghtml'}," A reunião entre o presidente Luiz Inácio Lula da Silva e deputados realizada nesta segunda-feira no Palácio do Planalto foi palco de uma queixa envolvendo as eleições municipais. O líder da maioria na Câmara e presidente nacional interino do PDT, André Figueiredo (CE), aproveitou o encontro para reclamar da participação de Lula na disputa em Fortaleza.   O presidente da República participou da convenção que lançou o presidente de Assembleia Legislativa do Ceará, Evandro Leitão (PT), como candidato a prefeito, no início do mês. O petista concorre contra o prefeito José Sarto (PDT), que busca a reeleição. Figueiredo disse que, além da queixa feita em relação a eleição em Fortaleza, na reunião de Lula com os parlamentares a questão das disputa entre os Poderes envolvendo a aplicação das emendas parlamentares foi mencionada pelos presentes. — Lógico que houve a questão da satisfação em relação às últimas semanas, com esses imbróglios relacionados ao relacionamento dos três Poderes. E também a participação do presidente Lula em alguns momentos, especialmente em Fortaleza, onde o PDT tem candidato à reeleição e é a principal prefeitura que o PDT administra no Brasil. Fiz questão de externar isso, mas de uma maneira bem respeitosa. Ele falou que realmente tinha sido muito pressionado pelo PT do Ceará — disse o líder. Fortaleza é uma das prioridades do PT na eleição municipal. Além da capital cearense, o presente esteve presente apenas em convenções em São Paulo e São Bernardo do Campo. O PDT faz parte da base do governo federal e indicou Carlos Lupi, presidente nacional licenciado do partido, como ministro da Previdência. Por sua vez o ministro da Educação, Camilo Santana, que foi governador do Ceará pelo PT, anunciou que irá tirar férias da pasta para se dedicar a campanha de seu partido em Fortaleza. O acordo que definiu Evandro como candidato do PT na cidade aconteceu após um racha no PDT. O partido se dividiu entre apoiar ou não o governador do Ceará, Elmano de Freitas (PT). O presidente da Assembleia era do PDT, mas se filiou ao PT após a divisão. A disputa também dividiu os irmãos Ciro e Cid Gomes. Ciro ficou no PDT e apoia Sarto e Cid se filiou ao PSB e apoia o candidato do PT."
O Globo,Reforma tributária: Câmara deve finalizar votação de texto que prevê imposto sobre herança de previdência privada,{'https://oglobo.globo.com/economia/noticia/2024/08/27/reforma-tributaria-camara-deve-finalizar-votacao-de-texto-que-preve-imposto-sobre-heranca-de-previdencia-privada.ghtml'}," A Câmara dos Deputados deve finalizar nesta terça-feira a votação do segundo texto de regulamentação da Reforma Tributária. O projeto prevê a definição de regras e estrutura do Comitê Gestor do Imposto sobre Bens e Serviços (IBS), órgão que vai organizar a arrecadação e redistribuição do tributo, além de calcular créditos das empresas. A proposta também determina que os planos de previdência privada passarão a pagar Imposto sobre Transmissão Causa Mortis e Doação (ITCMD). O tributo é cobrado quando bens são transferidos de titularidade por heranças. Atualmente, alguns estados já cobram ITCMD sobre planos de previdência privada — do tipo VGBL e PGBL — no momento da transferência para herdeiros. Mas não há uma regra uniforme. A medida pode ser derrubada por meio da aprovação de um destaque do deputado Domingos Neto (PSD-CE), que pede a votação em separado do trecho do projeto que determina a cobrança do tributo para planos de previdência.   O projeto prevê ainda a participação do contribuinte no chamado Conselho Superior, por meio de Federações e Associações de setores empresariais. A versão enviada pelo governo à Câmara determinava que apenas auditores fiscais públicos fariam parte do Conselho. O Conselho Superior será a instância máxima de deliberação do Comitê Gestor do IBS, composto por vinte e sete membros, representando cada Estado e o Distrito Federal e de outros vinte e sete membros, representando o conjunto dos Municípios e do Distrito Federal. O primeiro projeto de regulamentação da Reforma Tributária foi aprovado pela Câmara em julho e está no Senado para análise dos senadores. O novo sistema de impostos criará o IVA (Imposto sobre Valor Agregado), que unirá PIS, Cofins, IPI, ICMS e ISS. Depois da arrecadação, o IVA será dividido em duas partes, chamado de IVA dual. Uma delas irá se tornar o CBS (Contribuição sobre Bens e Serviços), destinado para a União, e o IBS (Imposto sobre Bens e Serviços) para estados e municípios."
O Globo,"Provocação: ministro israelense diz que construiria sinagoga na Esplanada das Mesquitas, e causa reações no mundo árabe e até em Tel Aviv",{'https://oglobo.globo.com/mundo/noticia/2024/08/26/provocacao-ministro-israelense-diz-que-construiria-sinagoga-na-esplanada-das-mesquitas-e-causa-reacoes-no-mundo-arabe-e-ate-em-tel-aviv.ghtml'}," O ministro israelense da Segurança Nacional, de extrema-direita, provocou nova polêmica ao questionar o status quo da Esplanada das Mesquitas, na Jerusalém Oriental, e afirmar que gostaria de construir ali uma sinagoga. “Se eu pudesse fazer o que quisesse, colocaria uma bandeira israelense no local”, disse o ministro Itamar Ben Gvir, em entrevista à Rádio do Exército. O jornalista perguntou-lhe várias vezes se construiria uma sinagoga no local, se dependesse da sua vontade, e Ben Gvir finalmente respondeu: “Sim”.   De acordo com o status quo em vigor desde a conquista de Jerusalém Oriental por Israel, em 1967, os judeus e seguidores de outras religiões, exceto os muçulmanos, não estão autorizados a rezar ou exibir símbolos religiosos na Esplanada das Mesquitas. A Esplanada de Jerusalém Oriental, anexada por Israel, é o terceiro local sagrado do Islã, denominado Complexo de Al Aqsa, e um símbolo da identidade palestina. É também o lugar mais sagrado para os judeus, que o chamam de Monte do Templo. Nos últimos anos, os nacionalistas religiosos israelenses de linha dura, como Ben Gvir, ignoraram repetidamente as restrições do status quo, provocando por vezes reações violentas por parte dos palestinos. Ben Gvir disse à Rádio do Exército que os judeus deveriam ter o direito de rezar naquele espaço. “Os árabes podem rezar onde quiserem, então os judeus deveriam poder rezar onde quiserem”, declarou ele, afirmando que “a política atual permite que os judeus rezem lá”.   A manifestação de Gvir gerou forte rejeição no mundo árabe. - Al Aqsa e os locais sagrados são puros locais de oração para os muçulmanos - disse o porta-voz do Ministério dos Negócios Estrangeiros da Jordânia, Sufian Qudah, que sustentou que o seu país tomará medidas para “deter os ataques contra os locais sagrados”.   O Ministério das Relações Exteriores da Arábia Saudita pediu que se “respeite o status histórico e legal da abençoada Mesquita Al Aqsa” e descreveu as declarações de Ben Gvir como “extremistas e inflamatórias”. Por seu lado, o Ministério dos Negócios Estrangeiros do Qatar denunciou o anúncio de Ben Gvir como “uma provocação aos sentimentos dos muçulmanos em todo o mundo” e que poderia minar os esforços para alcançar um cessar-fogo em Gaza. Vários altos funcionários israelenses também criticaram Ben Gvir, enquanto o gabinete do primeiro-ministro Benjamin Netanyahu afirmou que “não há mudanças” na política sobre Jerusalém Oriental. “Desafiar o status quo do Monte do Templo é um ato perigoso, desnecessário e irresponsável”, sublinhou o ministro da Defesa, Yoav Gallant, na rede social X. “As ações de Ben Gvir colocam em perigo a segurança nacional do Estado de Israel”, acrescentou. Ben Gvir rezou em meados do mês na Esplanada das Mesquitas junto com centenas de pessoas por ocasião de um feriado judaico. A ONU descreveu essa iniciativa como uma ""provocação inútil"" num momento de graves tensões regionais devido à guerra entre Israel e o movimento islâmico palestino Hamas, em Gaza, e aos duelos diários de artilharia entre Israel e o Hezbollah libanês. O porta-voz presidencial da Autoridade Palestina, Nabil Abu Rudeineh, condenou os comentários de Ben Gvir e alertou: “Al Aqsa e os locais sagrados são uma linha vermelha que não permitiremos que sejam tocados”. O Hamas considerou os comentários de Ben Gvir ""perigosos"" e apelou aos países árabes e muçulmanos para ""assumirem a responsabilidade pela proteção dos locais sagrados""."
O Globo,Marçal diz que condenação em Goiás é ‘mancha’ em sua vida: ‘Todo mundo erra’,{'https://oglobo.globo.com/politica/eleicoes-2024/noticia/2024/08/26/marcal-diz-que-condenacao-em-goias-e-mancha-em-sua-vida-todo-mundo-erra.ghtml'}," O candidato do PRTB em São Paulo, Pablo Marçal, disse nesta segunda-feira que passou “três ou quatro dias” detido na Superintendência da Polícia Federal por conta das investigações que levaram à sua condenação em primeira instância por furto qualificado pela Justiça Federal de Goiás, em 2010. Apesar da condenação, ele não cumpriu a pena, . de quatro anos e cinco meses de reclusão, uma vez que sua punição foi declarada prescrita por ter ultrapassado o prazo.   Em sabatina promovida pela GloboNews, Marçal afirmou que consertava computadores para um “canalha” em troca de pagamento de R$ 350, e se referiu ao episódio como “uma mancha na minha vida”. O hoje candidato foi considerado culpado em ação que mirou uma quadrilha que desviou dinheiro de contas de bancos como Caixa Econômica Federal e Banco do Brasil. — Queria ser uma pessoa que nunca foi processada, um menino que nem peida. Mas não foi assim. Infelizmente, fui injustiçado. Muitas coisas na minha vida foi bobeira mesmo que eu fiz, todo mundo erra. A gente tem um presidente que fez a maior quadrilha e vocês tão pegando em coisa que eu peguei R$ 350 para ajudar na minha casa? — retrucou Marçal ao se explicar. Na decisão que condenou o hoje empresário, o juiz responsável pela sentença escreveu que, “apesar da negativa de participação nos fatos delituosos, as próprias declarações de Pablo Henrique (Marçal) na polícia são discrepantes com a tese de inocência defendida” pelo ex-coach. O juiz acrescentou que os ""conhecimentos"" do candidato em ""informática"" possibilitavam a ele ""claramente compreender a perfeita dimensão do que ocorria, ainda mais com os programas maliciosos existentes nos computadores"". O grupo foi condenado em maio de 2010. A defesa entrou com recurso, analisado em segunda instância em 2018. Dessa forma, o prazo foi considerado prescrito. A condenação de Marçal é usada como munição por adversários do candidato do PRTB à prefeitura de São Paulo. O tema foi trazido à tona pela deputada federal Tabata Amaral (PSB) em debate realizado pela TV Bandeirantes, e momentos mais tarde a sentença da Justiça goiana foi compartilhada pelo também candidato Guilherme Boulos (PSOL) em suas redes sociais. O QUE VOCÊ PRECISA SABER AGORA NA HOME Renata Agostini Bastidores: Reunião entre Poderes teve tensão entre Lira e Rui Costa e Barroso como 'bombeiro' Entenda Naufrágio de superiate na Itália expõe o perigo letal das trombas d'água"
O Globo,Sabatina GloboNews: Marçal diz que está 'usando o partido' e que afastaria presidente do PRTB acusado de ligação com PCC,{'https://oglobo.globo.com/politica/eleicoes-2024/noticia/2024/08/26/sabatina-globonews-marcal-diz-que-esta-usando-o-partido-e-que-afastaria-presidente-do-prtb-acusado-de-ligacao-com-pcc.ghtml'}," O empresário Pablo Marçal (PRTB) disse que estaria disposto a afastar todos os integrantes do seu partido com suspeitas de ligação com o crime organizado, incluindo o presidente nacional da sigla, Leonardo Avalanche, fiador da sua candidatura a prefeito de São Paulo. A declaração foi dada pelo candidato durante sabatina na Globonews, na noite desta segunda-feira, 26. — Não sou presidente, não sou dono do partido. Se dependesse de mim, era afastamento geral. Eu sou uma pessoa que estou usando o partido para ser candidato — declarou Marçal. — Eu não escolhi (o partido), foi o único que teve para entrar. Eles vão votar em mim, depois eu posso sair do partido. O ex-coach alegou que trocou o Democracia Cristã (DC) pelo PRTB na véspera do prazo de filiação partidária, no dia 5 de abril deste ano, depois que o presidente da legenda, José Maria Eymael, vetou por telefone a sua candidatura, enquanto estava viajando em Roma, na Itália. O plano B de partido teria sido uma dica do publicitário Sérgio Lima.   A respeito do áudio em que Avalanche diz ter ajudado na soltura do traficante André do Rap, um dos líderes do Primeiro Comando da Capital (PCC), e que seu motorista seria membro da organização, divulgado pelo jornal ""Folha de S. Paulo"", Pablo Marçal admitiu que se sente ""constrangido"" e teria sugerido o afastamento ao dirigente, mas este se recusou a deixar o cargo. Marçal rejeitou ainda ser chamado de ""amigo"" do presidente do PRTB, que também é natural de Goiânia (GO). A negativa contraria declarações do próprio Avalanche. Na sabatina, o candidato repetiu a estratégia de dizer que a infiltração do crime organizado é geral na sociedade e que outros partidos, como o PT, tem problemas na Justiça, como uma forma de minimizar as acusações. Pediu ainda ""ajuda"" das autoridades para ""limpar o PRTB"". — Partido político não é sinônimo de pureza, não.   Marçal também comentou o caso da prisão em Goiás, após investigações que levaram à sua condenação em primeira instância por furto qualificado pela Justiça Federal de Goiás, em 2010. O candidato disse que passou “três ou quatro dias” detido na Superintendência da Polícia Federal. — Queria ser uma pessoa que nunca foi processada, um menino que nem peida. Mas não foi assim. Infelizmente, fui injustiçado. Muitas coisas na minha vida foi bobeira mesmo que eu fiz, todo mundo erra. A gente tem um presidente que fez a maior quadrilha e vocês tão pegando em coisa que eu peguei R$ 350 para ajudar na minha casa? — disse Marçal ao se explicar. Apesar da condenação, ele não cumpriu a pena de quatro anos e cinco meses de reclusão, uma vez que sua punição foi declarada prescrita por ter ultrapassado o prazo. Na decisão que condenou o hoje empresário, o juiz responsável pela sentença escreveu que, “apesar da negativa de participação nos fatos delituosos, as próprias declarações de Pablo Henrique (Marçal) na polícia são discrepantes com a tese de inocência defendida” pelo ex-coach. O juiz acrescentou que os ""conhecimentos"" do candidato em ""informática"" possibilitavam a ele ""claramente compreender a perfeita dimensão do que ocorria, ainda mais com os programas maliciosos existentes nos computadores"". O grupo foi condenado em maio de 2010. A defesa entrou com recurso, analisado em segunda instância em 2018. Dessa forma, o prazo foi considerado prescrito. A condenação de Marçal é usada como munição por adversários do candidato do PRTB à prefeitura de São Paulo. O tema foi trazido à tona pela deputada federal Tabata Amaral (PSB) em debate realizado pela TV Bandeirantes, e momentos mais tarde a sentença da Justiça goiana foi compartilhada pelo também candidato Guilherme Boulos (PSOL) em suas redes sociais.   Marçal negou ter obtido vantagens políticas com os chamados ""campeonatos de cortes"", em que pessoas em grupos do Discord eram incentivadas a viralizar gravações e memes a respeito dele, com base em conteúdos publicados em seus perfis, por meio de promessas de ganhos financeiros. O candidato é acusado de abuso de poder econômico e uso indevido dos meios de comunicação pelo PSB, partido da deputada federal Tabata Amaral, sua concorrente no pleito. No sábado, 24, o Tribunal Regional Eleitoral de São Paulo (TRE-SP) concedeu liminar derrubando os perfis de Marçal, mas autorizando a criação de novas contas, sob o argumento de preservar o equilíbrio na disputa. O empresário disse ser vítima de ""censura"" e recorre da decisão. Ao mesmo tempo, reforça a narrativa ""antissistema"" que tenta emplacar desde o início da campanha. — Eu durmo em paz todo dia, não tem dinheiro meu nisso — declarou o candidato, alegando que nem as suas empresas, nem ele próprio, remuneraram perfis desde que declarou a intenção de concorrer a prefeito. Esse ponto está sendo investigado pela Justiça, que vê ""indícios"" nesse sentido, segundo a decisão publicada. Marçal argumenta que não faz sentido derrubar as suas contas, e sim a de terceiros, ignorando a possibilidade de o tráfego pago reverter em seguidores para os seus perfis por conta da visibilidade obtida nas redes sociais. — Agradeço pela perseguição, porque eu consegui criar uma conta com mais engajamento que a outra.   Alvo de críticas públicas do ex-presidente Jair Bolsonaro (PL) e de seus filhos, Marçal procurou tranquilizar o político a respeito de uma ruptura na base de apoio em razão da disputa eleitoral em São Paulo. O candidato concorre a prefeito contra o atual governante, Ricardo Nunes (MDB), que conta com o apoio de Bolsonaro e do PL. Na sabatina da Globonews, Marçal declarou que na eleição ""vale tudo"", que considera naturalmente ser um ""período de guerra"" e que não tem a pretensão de substituí-lo como líder na direita. — Não quero tomar nada do Bolsonaro — afirmou o candidato do PRTB. — Eu quero é que tenha mil Bolsonaros, mil Pablos. Ele é o maior líder e ninguém vai tirar isso dele. Eu não quero esse peso, de ser o cara. Quero servir o povo de São Paulo. O empresário voltou a ofender o filho ""02"" do político, o vereador carioca Carlos Bolsonaro (PL), com o termo ""retardado"", além de atribuir a derrota para Lula (PT), na eleição passada, à sua postura de centralizar as decisões de campanha, sem espaço para conselhos externos. — O Carlos é um cara ciumento — afirmou o desafeto, aproveitando para alfinetar o desempenho de Alexandre Ramagem (PL), candidato a prefeito no Rio de Janeiro que está distante do prefeito Eduardo Paes (PSD) nas pesquisas. — Em vez de se preocupar com o Ramagem, que inclusive eu vou ajudar, ele está preocupado comigo em São Paulo. Mais cedo, em conversa com jornalistas da CNN Brasil, o empresário prometeu que não concorrerá a presidente em 2026. Esse é um dos temores levantados por aliados próximos do ex-presidente, segundo apurou o GLOBO. Segundo uma fonte ouvida de forma reservada, o político considera que Marçal não é confiável e segue agenda própria. Na Globonews, Marçal fez um aceno a Bolsonaro ao dizer que confia na reversão da sua inelegibilidade. Neste caso, contaria com o seu apoio na disputa presidencial. Ele não esclareceu, porém, se o governador de São Paulo, Tarcísio de Freitas (Republicanos), também pode contar com o seu apoio. O político, que é seu ex-ministro, passou a ser apontado como favorito para ocupar o posto de candidato bolsonarista daqui a dois anos. Tarcísio é um dos principais articuladores de Nunes, de quem é próximo.   Durante a sabatina, Marçal deixou um pouco de lado a estridência que marcou suas participações em debates com outros candidatos e se propôs a se aprofundar em algumas de suas propostas para a cidade — deixando porém algumas perguntas sem respostas. Na semana passada, o empresário pediu 'perdão' pela postura e disse que 'precisou chamar atenção como idiota' para subir nas pesquisas. Marçal disse que sua gestão levará à criação de 2 milhões de empregos, comprometeu-se a zerar a fila de pessoas à espera de cirurgias e a colocar 100% dos alunos da rede municipal de ensino em tempo integral. Sobre a geração de postos de trabalho, o empresário afirmou que isso virá a partir de incentivos para empresas no que chamou de um “cinturão empresarial” nas periferias da cidade, o que impactaria também no trânsito, já que as pessoas teriam trabalho perto de onde moram. A proposta foi apresentada quando Marçal foi perguntado sobre o que faria para melhorar a circulação de ônibus, questão que acabou não respondida. O candidato do PRTB disse que conseguirá os recursos necessários para ampliar o ensino integral a partir da eliminação da “morosidade, da falta de tecnologia, da corrupção e do loteamento” na educação paulistana. Disse que com essas medidas é possível “aumentar receita sem criar imposto”. Já para zerar a fila de cirurgias e exames na rede de saúde, Marçal propôs firmar convênios com o governo do estado e prefeituras de outras cidades da região metropolitana, acionando inclusive hospitais da rede privada. — Tem gente morrendo em fila de hospital. Se a fizer no sistema de mutirão, a gente resolve qualquer problema. A gente tem dinheiro, tem competência — declarou. Perguntado também sobre a proposta que tem defendido de implantar teleféricos para deslocamentos nas periferias, Marçal disse que trata-se de uma ideia que ainda terá sua viabilidade analisada após sua eventual eleição. — Tem que testar. É igual namoro, não pode casar de primeira. A gente vai estudar junto com o provo, vamos ter outubro, novembro e dezembro para fazer os estudos técnicos. Não tenho vaidade de falar que é a melhor ideia. Se de alguma forma não for viável, tá tudo bem — afirmou, assegurando que a construção do teleférico seria feita a partir de uma parceria público-privada, sem recursos da prefeitura.   A GloboNews faz nesta semana uma série de entrevistas com os candidatos a prefeito de São Paulo e do Rio de Janeiro. As sabatinas acontecem sempre às 22h30 e têm 1h30 de duração. Em São Paulo, serão conduzidas por Natuza Nery, e, no Rio de Janeiro, por Miriam Leitão. O canal convidou os candidatos que marcaram pelo menos 5% de intenções de voto e estão entre os cinco primeiros colocados na última pesquisa Datafolha, divulgada no dia 22. Um sorteio definiu a ordem: Em São Paulo: Segunda-feira (26): Pablo Marçal (PRTB) Terça-feira (27): Ricardo Nunes (MDB) Quarta-feira (28): Guilherme Boulos (PSOL) Quinta-feira (29): Tabata Amaral (PSB) Sexta-feira (30): José Luiz Datena (PSDB) No Rio de Janeiro: Segunda-feira (26): Tarcísio Motta (PSOL) Terça-feira (27): Alexandre Ramagem (PL) Quarta-feira (28): Eduardo Paes (PSD)"
O Globo,Tarcísio Motta diz que Lula apoia Paes para 'cumprir acordo' e compara Ramagem a Crivella em sabatina na GloboNews,{'https://oglobo.globo.com/politica/noticia/2024/08/26/tarcisio-motta-sugere-corte-de-cargos-comissionados-na-prefeitura-do-rio-em-sabatina-na-globonews.ghtml'}," Candidato à prefeitura do Rio pelo PSOL, o deputado federal Tarcísio Motta afirmou, em sabatina nesta segunda-feira na GloboNews, que o apoio do presidente Luiz Inácio Lula da Silva (PT) ao atual prefeito Eduardo Paes (PSD) é ""para cumprir acordo"", mas reivindicou para si o voto do eleitorado petista na eleição carioca.   Tarcísio também direcionou críticas no candidato bolsonarista Alexandre Ramagem (PL) e o comparou ao ex-prefeito Marcelo Crivella (Republicanos), que encerrou sua gestão com má avaliação em 2020 após se atrelar ao então presidente Jair Bolsonaro na tentativa de se reeleger, sem sucesso.   Questionado sobre o apoio de Lula a seu adversário, embora o PSOL também faça parte da base do governo petista na Câmara dos Deputados, Tarcísio alegou que não está ""contra"" o atual presidente, e que espera atrair o voto da esquerda a despeito da aliança do PT com Paes. Na avaliação de Tarcísio, esta aliança se deve a um acordo costurado ainda na eleição de 2022, quando Paes se juntou à campanha de Lula no segundo turno. O psolista argumentou, por outro lado, que tem levado mais o nome de Lula para a campanha do que o atual prefeito. -- Lula está cumprindo acordo e a gente respeita. Mas eu quero saber de quem votou no Lula (em 2022) onde é que vai votar (em 2024). Preciso me diferenciar do Eduardo Paes para dialogar com o eleitor do Lula. Na prática, Eduardo Paes está querendo esconder o Lula -- afirmou Tarcísio. Na última pesquisa Datafolha, divulgada na semana passada, o candidato do PSOL apareceu com 7% das intenções de voto, em situação de empate técnico com Ramagem, que tem 9%. Paes, por sua vez, figurou com 56%, em uma situação que lhe daria, hoje, a reeleição em primeiro turno. Apesar de criticar a gestão de Paes em áreas como mobilidade urbana, saúde e educação, o candidato do PSOL afirmou durante a sabatina que a tarefa mais importante desta eleição é ""derrotar a extrema-direita"", que associou à candidatura de Ramagem. Tarcísio comparou ainda o candidato do PL ao atual governador Cláudio Castro (PL) e ao ex-governador Wilson Witzel, ambos eleitos como apoiadores de Bolsonaro -- e que também já rivalizaram com Paes. -- Ramagem é Crivella, é Cláudio Castro, é Witzel. A extrema-direita precisa ser derrotada, nossa tarefa é essa. Paes é um prefeito de três mandatos. É natural que, ao avaliar as políticas públicas, a gente diga o que quer mudar depois de três gestões desse prefeito. Mas é preciso deixar muito claro que o Ramagem é um perigo, porque seria o retorno do bolsonarismo à prefeitura do Rio de Janeiro. Paes voltou ao poder porque Crivella foi um desastre e a esquerda estava divida (em 2020). Queremos evitar que o Crivella, através do Ramagem, volte ao poder, e estamos com a esquerda unificada na base.   Na sabatina, Tarcísio também defendeu uma redução de cargos comissionados na administração municipal. A sugestão de Tarcísio foi feita quando criticava acordos políticos do atual prefeito Eduardo Paes (PSD), que levaram ao preenchimento da máquina pública com nomes indicados por apoiadores de sua campanha à reeleição. Tarcísio fez referência ao caso, revelado pelo GLOBO, de nomeações de pastores evangélicos ligados ao deputado federal Otoni de Paula (MDB-RJ) na Fundação Jardim Zoológico. Otoni, que também é pastor, tem ajudado na aproximação de Paes com o eleitorado evangélico. -- Paes, para ter apoio de Otoni de Paula, colocou aliados dele na Fundação Jardim Zoológico. Numa lógica de gastar mais dinheiro em cargos comissionados que podem ser cortados. Quantos cargos comissionados têm na prefeitura? Você não vai achar isso no portal da transparência -- criticou Tarcísio. Em outro momento, Tarcísio também criticou uma aliança de Paes, no ano passado, com o então deputado federal Chiquinho Brazão, que foi preso neste ano sob acusação de ser um dos mandantes do assassinato da vereadora Marielle Franco (PSOL). Em outubro, Paes empossou Chiquinho Brazão como secretário municipal de Ação Comunitária. A aliança foi desfeita no início deste ano, e Chiquinho foi exonerado, em meio ao avanço das investigações do caso Marielle. Questionado também sobre qual relação teria, caso eleito, com o governador Cláudio Castro, a quem fez duras críticas, Tarcísio argumentou que o ""papel do prefeito é institucional"", e que precisaria ""dialogar e cobrar"" o titular do Palácio Guanabara. Para argumentar que não teria dificuldades em manter esta relação institucional, Tarcísio deu como exemplo um voto do PSOL a favor do então prefeito Marcelo Crivella, em 2019, quando estava sob ameaça de impeachment na Câmara de Vereadores. Tarcísio, à época, era vereador de oposição à gestão municipal. O partido foi contra uma mudança na Lei Orgânica do Município que permitiria aos vereadores que escolhessem o sucessor de Crivella, em caso de afastamento do prefeito. -- Mesmo sendo vereador de oposição ao Crivella, na hora que tentaram dar um golpe e mudar as regras para fazê-lo perder o cargo via impeachment, nós, do PSOL, mantivemos a coerência e não mudamos as regras no meio do jogo."
O Globo,"Vasco faz bom segundo tempo, consegue virada e derrota o Athletico-PR",{'https://oglobo.globo.com/esportes/futebol/vasco/noticia/2024/08/26/vasco-faz-bom-segundo-tempo-consegue-virada-e-derrota-o-athletico-pr.ghtml'}," Com atuações opostas em cada tempo, o Vasco conseguiu virada e derrotou o Athletico-PR, nesta segunda-feira, no estádio de São Januário, e em partida válida pelo Campeonato Brasileiro. Após 45 minutos de muita dificuldades, que culminaram na derrota parcial dos donos da casa, a equipe de Rafael Paiva voltou do intervalo com outra postura e arrancou os três pontos, já nos momentos finais do jogo. Os gols do duelo foram marcados por Emerson Rodríguez e Vegetti para o cruz-maltino, e por Gabriel pelo rubro-negro paranaense.   Apesar de estar jogando no seu estádio e com o apoio de quase 17 mil torcedores, o Vasco teve um primeiro tempo preocupante. Com muita dificuldade tanto na marcação, quanto para construir as jogadas, os donos da casa se viram completamente dominados nos 45 minutos iniciais. O Athletico-PR tinha muita facilidade para impôr seu ritmo de jogo e não a toa, conseguiu abrir o placar: após boa jogada coletiva, a bola foi passando de pé em pé, até chegar em Gabriel. O volante teve tempo e espaço para chutar da entrada da área, no canto direito de Léo Jardim. Mesmo com a vantagem no placar, os visitantes seguiram mantendo a mesma toada em campo. Com ampla facilidade para sair da marcação adiantada do Vasco, a equipe comandada por Martín Varini estava mais próximo de chegar ao segundo gol, do que sofrer o empate. No entanto, os visitantes esbarraram nas boas defesas do goleiro do cruz-maltino. Na etapa final, os donos da casa voltaram com uma postura completamente diferente. Mais incisivo na pressão alta e com domínio maior no meio de campo, o Vasco conseguia ter o controle do jogo. Apesar de pecar em erros técnicos, o cruz-maltino parecia se aproximar do empate a cada minuto passado, e aos 22 minutos ele chegou: em contra-ataque, Rayan avançou com a bola e tocou para Emerson Rodríguez, que ficou no mano a mano com Thiago Heleno. Ele chamou o zagueiro para dançar, ajeitou para a perna direita e finalizou rasteiro no canto de Léo Linck. A virada do cruz-maltino chegaria apenas quatro minutos depois. Mas, após revisão no VAR, o árbitro anulou o gol de Hugo Moura, após interpretar que Vegetti, impedido, participou da jogada. O duelo acabou dando uma caída até que o próprio atacante argentino utilizou do seu principal artifício para garantir a vitória do Vasco. Ele recebeu cruzamento de Leandrinho e cabeceou no canto direito, sem chances para o goleiro adversário. Com os três pontos conquistados, a equipe de Rafael Paiva chegou ao quarto jogo de invencibilidade no Brasileiro, a sexta na temporada, e subiu para a oitava posição da tabela. Antes de enfrentar o Vitória, pela próxima rodada da competição, o Vasco muda a chave para as quartas de final da Copa do Brasil. O adversário e local serão os mesmos do última vitória. O cruz-maltino enfrenta o Athletico-PR, na próxima quinta-feira, às 20h, em São Januário."
O Globo,Conselho da Vale elege Gustavo Pimenta como novo CEO da empresa,{'https://oglobo.globo.com/economia/negocios/noticia/2024/08/26/conselho-da-vale-elege-gustavo-pimenta-como-novo-ceo-da-empresa.ghtml'}," O Conselho de Administração da Vale escolheu, por unanimidade, Gustavo Pimenta, atual vice-presidente executivo de Finanças e Relações com Investidores, como novo CEO da companhia, para substituir Eduardo Bartolomeo. A definição do novo nome à frente da mineradora encerra um período de meses de indefinição a respeito da sucessão, marcado pela multiplicação de nomes potenciais para o cargo e pela tentativa do governo de emplacar um indicado ao comando da empresa.   Em comunicado ao mercado, a Vale ressalta que a definição foi o fim de um rigoroso processo de seleção suportado por empresa de padrão internacional, em conformidade com o Estatuto Social da Vale, políticas corporativas, regulamento interno do colegiado e legislações aplicáveis. Em julho, a consultoria Russell Reynolds, contratada para auxiliar a companhia no processo de seleção dos nomes, entregou uma relação de 15 possíveis sucessores de Eduardo Bartolomeo.   Como informou em julho o colunista do GLOBO Lauro Jardim, o acerto era que o colegiado analisaria três nomes, sendo que um deles seria da própria Vale. O presidente do Conselho de Administração da Vale, Daniel Stieler, afirmou: “Ele (Gustavo Pimenta) reúne as competências necessárias para que possamos aspirar um novo ciclo virtuoso para a companhia, orientado por nosso propósito, e com grande potencial de geração de valor a todos os nossos públicos de relacionamento. O processo sucessório evidenciou o alto nível de integridade, transparência e robustez da governança da Vale.” Pimenta agradeceu ao colegiado: “Vamos juntos nessa jornada, intensificando o diálogo com todos os nossos stakeholders e priorizando a segurança das pessoas, das operações e do meio ambiente”.   O atual presidente da Vale disse estar otimista com a escolha de Pimenta e afirmou que, com ele, a mineradora deve seguir firme “em sua jornada rumo à liderança na mineração sustentável e na criação de valor para os stakeholders”. Após o fim do mandato, a previsão é que Bartolomeo atue como consultor da empresa até o fim de 2025. No início deste ano, o processo de sucessão foi tumultuado pela tentativa do governo de emplacar o nome do ex-ministro Guido Mantega, uma hipótese que foi alvo de críticas na empresa e no mercado."
O Globo,"'Marçal é abjeto, criminoso e marginal', diz Boulos no Roda Viva",{'https://oglobo.globo.com/politica/eleicoes-2024/noticia/2024/08/26/marcal-e-abjeto-crimonoso-marginal-diz-boulos-no-roda-viva.ghtml'}," O candidato à prefeitura de São Paulo, Guilherme Boulos (PSOL) afirmou nesta noite durante participação no programa ""Roda Viva"", da TV Cultura, que seu adversário na disputa pela prefeitura de São Paulo, Pablo Marçal (PRTB) é ""abjeto, criminoso e marginal"". O candidato, no entanto, não deixou de mirar o prefeito Ricardo Nunes (MDB) nas suas críticas, repetindo que tanto Nunes quanto Marçal são duas faces do bolsonarismo. Match Eleitoral: Com qual candidato a prefeito você mais se identifica? Faça o teste do GLOBO — O Marçal é uma coisa abjeta, um criminoso, um marginal, é isso que ele é. A normalização do Marçal não partirá de mim jamais—, disse o candidato sobre o empresário. No entanto, Boulos não deixou de pontuar a relação de Ricardo Nunes com o ex-presidente Jair Bolsonaro (PL): — Eles têm perfis diferentes e trajetórias diferentes, o que não se pode é normalizar o Ricardo Nunes — disse. O deputado federal reafirmou que a aliança entre Nunes e Bolsonaro foi o que fez a ex-secretária de Relações Internacionais da gestão Nunes, a ex-prefeita Marta Suplicy, sair do cargo para se aliar a ele. — Quando eu disse que são duas faces da mesma moeda, por serem bolsonaristas, por se articularem com esse campo político da extrema direita. Marçal inventou fake news, e faz de um jeito mais histriônico, mais agressivo, mais violento, mas o Ricardo Nunes outro dia deu uma entrevista em que em uma única frase disse que eu era do Hamas, do Comando Vermelho e tomava a casa dos outros — pontuou o deputado. De acordo com Boulos, apesar das diferenças de estilo e postura ""existem muitas equivalências"" entre os adversários. O candidato abordou sua mudança ao longo do tempo, levando em conta críticas da diferença entre sua atuação como líder do Movimento dos Trabalhadores Sem Teto (MTST) e como deputado federal. — O que me levou a entrar no movimento de luta por moradia é a mesma indignação que me move hoje a ser candidato a prefeito de São Paulo. A não aceitar injustiça e desigualdade como algo natural, a entender que política não deve ser instrumento para ganhar dinheiro ou manter privilégio, tem que ser um instrumento para mudar a vida das pessoas, para mudar a sociedade. O que eu acreditava no movimento, eu sigo acreditando hoje. O que mudou, isso faz 15 anos, 20 anos, é você ver as formas —, pontuou. Boulos disse que percebeu que ""não tem outro caminho a não ser mudar a política por dentro"", o que esta tentando fazer. Sobre sua atuação no MTST, Boulos ponderou que teve “excessos” quando esteve à frente do grupo. — Quem que não teve qualquer tipo de excesso na sua atuação? — argumentou. Segundo o candidato, não cabe a ele dizer se repetiria ações do passado, como a manifestação à frente da casa do ex-presidente Michel Temer (MDB) em 2016. — Mas quando você está no movimento social representando pessoas que muitas vezes nunca foram escutadas na vida, foram tratadas como invisíveis, nunca tiveram voz, o seu dever é defender aquelas pessoas com unhas e dentes, e foi isso que eu fiz como líder do movimento — disse. Sobre as eleições na Venezuela, tema que tem sido constantemente questionado devido à relação do presidente Luiz Inácio Lula da Silva, seu aliado político, com Nicolás Maduro, Boulos disse que atualmente está “absolutamente claro” que houve fraude nas eleições do país. — Tanto é que o próprio Itamaraty, do governo do presidente Lula, que é um governo de esquerda, não reconheceu a eleição do Maduro, e essa é a minha posição – afirmou Boulos, que reclamou da insistência no assunto. — Acho que tem uma forçação de barra aí que não precisa — pontuou. Boulos também reafirmou a intenção de ‘passar o pente-fino’ nas obras da gestão do atual prefeito. ‘Doa a quem doer’. — O pior tipo de gente é que, em um país com tanta desigualdade como o Brasil, em uma cidade com tanta desigualdade como São Paulo, usa dinheiro público para se locupletar, para favorecer amigo, para favorecer compadre — disse. Acusado por Marçal de ser usuário de drogas, Boulos se emocionou ao pedir para que o adversário apresentasse provas. Ele também voltou a dizer que os ataques à sua família decorrentes das notícias falsas é o que mais lhe afeta. — Eu nunca usei, e desafio o Pablo Marçal, que diz que tem prova, apresente agora. Sabe por que ele não vai apresentar? Porque é uma mentira abjeta que ele criou — disse. — Olha o nível que chega, olha o esgoto que chega — continuou."
O Globo,"Vídeo registra momento em que policiais e moradores discutem no Complexo da Maré: 'Se jogar vai tomar', diz policial",{'https://oglobo.globo.com/rio/noticia/2024/08/26/video-registra-momento-em-que-policiais-e-moradores-discutem-no-complexo-da-mare-se-jogar-vai-tomar-diz-policial.ghtml'}," Um vídeo que circula nas redes sociais mostra o que seria o momento em que policiais militares e moradores do Complexo da Maré batem boca em uma viela. O clima na região é tenso desde a semana passada. Esta segunda-feira foi o oitavo dia consecutivo de operação na localidade. Na imagem é possível ver dois policiais do Batalhão de Operações Especiais (Bope) na parte traseira de uma caminhonete enquanto são ouvidas vozes dos moradores em protesto. Em determinado momento, um dos policiais ordena que o grupo se afaste: ""Pode sair daí. Vai tomar, se jogar vai tomar"", diz o PM que está sentado. Não houve registro de feridos durante a confusão.   Policiais e moradores discutem na Maré O objetivo da ação policial é demolir um condomínio no Parque União, que, segundo a polícia, foi construído por traficantes. Por causa da ação, 26 escolas — duas da rede estadual e 24 da rede municipal — suspenderam as aulas. Sobre as imagens, a Polícia Militar informou ao site g1 que o comandante do Bope vai analisar o vídeo. Uma das unidades educacionais fechadas na região é a escola municipal Maria Amélia Castro Belford, onde a Polícia Militar apreendeu, neste domingo, uma tonelada de maconha. A droga estava escondida em dutos de ar na parte externa da unidade de ensino. Além da escola, dois postos de saúde tiveram o funcionamento impactado pela operação. A Clínica da Família (CF) Jeremias Moraes da Silva suspendeu o atendimento. Já a CF Diniz Batista dos Santos suspendeu as atividades externas, como as visitas domiciliares. Moradores da Maré se queixaram da movimentação policial no conjunto de favelas durante o final de semana. A presença das equipes pegou as pessoas de surpresa. Muito reclamaram da circulação de caveirões nas ruas. De acordo com um balanço divulgado pela Secretaria municipal de Ordem Pública (Seop), as equipes finalizaram a demolição do pavimento de um dos prédios, o que permite a entrada das máquinas, restando apenas a desocupação dos prédios vizinhos para ser iniciado o trabalho com a retroescavadeira. Até agora, as equipes realizam a demolição à mão para abrir caminho para as máquinas. No sábado, uma equipe da Secretaria de Habitação esteve no Parque União e cadastrou cerca de 40 unidades. Nos próximos dias será feita a análise desses cadastros, verificando quais se enquadram no direito de receber o Auxilio Habitacional Temporário, sendo considerada inicialmente uma lista fornecida pela Associação de Moradores.   De acordo com as investigações da Delegacia de Repressão a Entorpecentes (DRE), a comunidade do Parque União vem sendo usada há anos para lavar o dinheiro do tráfico acumulado com a venda de drogas por meio da construção e da abertura de empreendimentos. Os agentes apuram ainda a participação de funcionários de órgãos representativos da comunidade no esquema. As ações sequenciais no Parque União revelaram uma estratégia da facção criminosa de colocar ao menos uma pessoa em cada unidade habitacional para fingir que são moradores e dificultar as demolições. Na primeira fase da operação, cerca de 90% dos prédios estavam vazios."
O Globo,"Ao marcar contra o Vasco, Gabriel, volante do Athletico-PR, quebra jejum de quase três anos",{'https://oglobo.globo.com/esportes/futebol/noticia/2024/08/26/ao-marcar-contra-o-vasco-gabriel-volante-do-athletico-pr-quebra-jejum-de-quase-tres-anos.ghtml'}," Havia muito tempo que o volante Gabriel não sabia o que era se encontrar com as redes. Hoje, em São Januário, quebrou um jejum de quase três anos, ao marcar o gol que abriu o placar para o Athletico-PR em jogo contra o Vasco, pelo Brasileirão. Seu último gol havia saído em novembro de 2021, quando estava no Corinthians. Aos 25 minutos, o jogador de 32 anos recebeu um passe livre na entrada da área do Vasco e chutou cruzado, fazendo a bola ir no canto de Léo Jardim. Este foi seu primeiro gol com a camisa do Athletico, clube ao qual chegou nesta temporada e está em seu 15º jogo. Porém, a última vez o atleta ex-Botafogo havia feito um gol na carreira foi em 21 de novembro de 2021. Na vitória do Corinthians por 2 a 0 sobre o Santos, no Brasileirão, deixou sua marca. Neste tempo, ele passou pelo Internacional, mas sem balançar a rede nenhuma vez. Nesta noite, Gabriel anotou seu 14º gol na carreira. Seu currículo inclui passagens por Paulínia-SP, Botafogo, Palmeiras, Corinthians, Internacional e Athletico, onde já contabilizava uma assistência em sua passagem."
O Globo,"Mariah Carey diz que mãe e irmã morreram no mesmo dia, no fim de semana",{'https://oglobo.globo.com/cultura/noticia/2024/08/26/mariah-carey-mae-e-irma-da-cantora-morreram-no-mesmo-dia-diz-site.ghtml'}," A cantora Mariah Carey, atração do Rock in Rio em setembro, perdeu a mãe e a irmã no mesmo dia, durante o último fim de semana. A informação é do portal americano TMZ. As causas das mortes das duas não foram divulgadas.   Segundo o site, Carey afirmou em comunicado que seu ""coração está partido por ter perdido minha mãe neste fim de semana. Infelizmente, em uma reviravolta trágica, minha irmã perdeu a vida no mesmo dia."" No comunicado, a cantora fiz que se sente ""abençoada por ter passado a última semana com minha mãe antes de ela falecer."" Carey encerra o comunicado agradecendo o apoio de todos e pedindo privacidade.   De acordo com o TMZ, Mariah Carey e a mãe não tinham uma relação fácil. A cantora descreveu Patricia como ""corda espinhosa de orgulho, dor, vergonha, gratidão, ciúmes, admiração e decepção"" em suas memórias, publicadas em 2020, ""The Meaning of Mariah Carey."" A relação com a irmã era ainda mais distante, e Alison chegou a processar Mariah por alegações de abuso feitas no mesmo livro."
O Globo,'Liberdade aos irmãos Brazão': filho de preso no caso Marielle lança candidatura e lamenta 'ausência do nosso líder',{'https://oglobo.globo.com/politica/eleicoes-2024/noticia/2024/08/26/liberdade-aos-irmaos-brazao-filho-de-preso-no-caso-marielle-lanca-candidatura-e-lamenta-ausencia-do-nosso-lider.ghtml'}," Com o slogan de ""a nova geração vem forte"", Kaio Brazão Filho (Republicanos-RJ) lançou sua candidatura a Câmara dos Vereadores do Rio de Janeiro nesta segunda-feira (26) em evento realizado em Jacarepaguá, na Zona Oeste, reduto político da família Brazão.   Filho de Domingos e sobrinho de Chiquinho Brazão, presos acusados de serem os mandantes do assassinato da vereadora Marielle Franco (PSOL), Kaio subiu ao palco do evento vestindo uma camiseta com os dizeres ""liberdade aos irmãos Brazão"". Durante os discursos, um aliado político afirmou que a ""ausência de nosso líder (Domingos) causa uma tristeza"", em vídeo compartilhado por Kaio em suas redes sociais. Além das relações familiares, chamou atenção no evento a presença do ex-presidente da Câmara dos Deputados Eduardo Cunha (Republicanos-RJ), acompanhado da filha Dani Cunha (União-RJ), deputada federal, que também compartilhou vídeos do evento em suas redes. Eduardo Cunha, que comanda o diretório do Republicanos na capital fluminense já havia participado de um evento com a presença de Kaio no início do mês, quando o partido anunciou o apoio à candidatura de Alexandre Ramagem (PL) à prefeitura do Rio.   Desde que o pai passou a figurar como provável mandante do crime, no fim do ano passado, após a delação de Ronnie Lessa, Kaio tomou a frente da defesa pública dele, a quem se refere como “grande líder”. O tio, Chiquinho, também costuma ser lembrado de maneira positiva nas publicações. As primeiras associações da família Brazão ao caso vieram à tona ainda em 2019, quando um relatório da Polícia Federal (PF) apontou Domingos Brazão como o “principal suspeito de ser autor intelectual” dos assassinatos da vereadora e do motorista. O conselheiro do TCE sempre negou a participação no crime. Ele já havia sido denunciado pela então procuradora-geral da República Raquel Dodge, em 2019, por atrapalhar a investigação, mas a Justiça do Rio rejeitou o pedido. Seu nome passou a ser revisitado também no ano passado com a delação do também ex-PM Élcio de Queiroz, preso em 2018, suspeito de envolvimento no crime. No ano passado, documentos apreendidos no apartamento de Jomar Duarte Bittencourt Junior, o Jomarzinho, em 24 de julho, revelaram vínculos dele com a família do conselheiro do TCE Domingos Brazão. Jomarzinho é apontado como um dos responsáveis pelo vazamento de informações sobre uma operação em 2019 contra envolvidos no caso. Em julho deste ano, a Polícia Federal cumpriu mandando de busca e apreensão em seu apartamento. Os irmãos Domingos e Chiquinho Brazão convivem há tempos com polêmicas e denúncias em torno de suas atividades político-empresariais no Rio. Ao longo de seus 25 anos de vida pública, Domingos coleciona envolvimento em suspeitas de corrupção, fraude, improbidade administrativa, compra de votos e até homicídio."
