Newspaper,Title,Link,Article Content
O Globo,Eleições RJ: campanha de Ramagem lamenta ausência de Bolsonaro na cidade em setembro,{'https://oglobo.globo.com/blogs/lauro-jardim/post/2024/09/eleicoes-rj-campanha-de-ramagem-lamenta-ausencia-de-bolsonaro-na-cidade-em-setembro.ghtml'}," Jair Bolsonaro não vai pisar em solo carioca em setembro para ajudar com sua presença física Alexandre Ramagem a tentar sair dos magros 13% nas pesquisas de intenção de voto no Rio de Janeiro. Sua presença na campanha se restringe às suas aparições os comerciais de TV do ex-chefe da Abin. Não tem adiantado muito. Bolsonaro, é verdade, acampará no Rio na última semana de campanha. Mas a equipe de Ramagem preferia que ele tivesse desembarcado mais cedo na cidade."
O Globo,Conheça a história real de amizade entre pescador da Ilha Grande e pinguim retratada em filme americano,{'https://oglobo.globo.com/rio/noticia/2024/09/12/conheca-a-historia-real-de-amizade-entre-pescador-da-ilha-grande-e-pinguim-retratada-em-filme-americano.ghtml'}," Inspirada em uma história real passada no Brasil, a produção americana ‘Meu amigo pinguim’, dirigida pelo catarinense David Schurmann, narra a amizade entre o pescador João (interpretado pelo ator francês Jean Reno, de “O profissional”), que se afastou do mundo após uma tragédia, e um pinguim resgatado por ele após um vazamento de óleo.   João Pereira de Souza, de 79 anos, passou a vida tirando do mar seu sustento na forma de peixes. Uma ave que resgatou das águas da Ilha Grande, porém, o tornou protagonista de uma história comovente que vai virar filme e acaba de ganhar novo capítulo. O cenário é a Praia de Provetá, onde, em junho de 2011, João salvou, coberto de óleo, um pinguim-de-magalhães. Batizado de Dindim, o bichinho foi levado para a casa do pescador e os dois se tornaram amigos. Há sete anos, Dindim, após mais uma de suas visitas, entrou no mar e não retornou mais. Mas um dia, Seu João teve uma surpresa: um pinguim o seguiu até sua casa.  João Pereira recebe a visita de um novo pinguim, em Ilha Grande A plumagem das duas aves era parecida, mas não demorou para que todos começassem a suspeitar de que não se tratava de Dindim. A certeza veio na última sexta-feira. O pinguim foi resgatado por uma equipe do Ibama e, através de um microchip implantado, foi confirmado que, na realidade, era um dos animais reabilitados por funcionários do órgão e liberados no mar recentemente. O novo amigo tem as características físicas de um pinguim mais jovem que Dindim. Apesar de não se tratar desta vez do velho conhecido da Praia de Provetá, vizinhos de João fizeram festa com o novo visitante. A família do aposentado contou que a chegada da ave foi algo grandioso na sua vida. A relação entre os dois surpreendeu todo mundo. — Era muito emocionante o amor deles — conta Mery Alves, filha de Seu João. Da última vez que foi embora, como parte do ciclo natural de migração da espécie, Dindim deixou muitas saudades. João ia à praia todos os dias esperar a volta do amigo. Em um vídeo gravado no começo de 2022, ele pedia para Dindim voltar a visitá-lo: — Já rodei esta praia todinha te procurando e não te encontro. Estou esperando você toda hora, quero que você apareça e venha aqui para eu brincar com você. Estou com muita saudade de você, mas como você não vem, fico com meus amigos aqui. Mas um dia você vai vir — dizia Seu João, sempre esperançoso. No entanto, com a chegada de um novo ""filho"", outra maneira carinhosa de ele se referir a Dindim, sua atenção esteve voltada para os cuidados do visitante. Em entrevista ao GLOBO, o diretor David Schurmann relatou sua experiência ao conhecer o amor entre João e Dindim. Segundo ele, o filme vai trazer à tona o poder de cura pessoal que o animal trouxe para a vida do pescador da Ilha Grande. — Não é só um pinguim fofo, ele tem um papel muito importante na vida do Seu João. A relação dos dois é extremamente profunda, complexa e bacana. Dindim veio mostrar que ele precisava de cura sobre algumas coisas tristes que aconteceram. Isso também é o surpreendente no filme — revela Schurmann. Sobre a reviravolta ocorrida com a visita de um novo pinguim, ele afirma que só prova o quanto o aposentado é mágico quando se trata de animais. — A mágica não é só de ser o Dindim ou não, mas a de o seu João atrair esses pinguins. A magia está no seu João — analisa."
O Globo,De Travis Scott a Justin Bieber: conheça o corretor preferido das estrelas na hora de alugar casas milionárias no Rio,{'https://oglobo.globo.com/rio/noticia/2024/09/12/de-travis-scott-a-justin-bieber-conheca-o-corretor-preferido-das-estrelas-na-hora-de-alugar-casas-milionarias-no-rio.ghtml'}," glamoroso mercado imobiliário de luxo, Michael Magno se destaca por atender a um público seleto de famosos e empresários. Conhecido como o corretor das celebridades, o morador da Barra, de 33 anos, conquistou a confiança de clientes nacionais e internacionais ao longo dos últimos 12 anos com seu trabalho personalizado e discreto. Grande parte do seu sucesso está ligada à área da Barra e arredores, incluindo Joá, São Conrado e Recreio, regiões conhecidas por suas luxuosas residências e belíssimas paisagens.   Às vésperas do festival Rock in Rio, Magno já conseguiu alugar uma propriedade na região para a equipe da estrela internacional Travis Scott, que se apresenta neste 13 de setembro, e que provavelmente será utilizada por ele, mas pode não ser, como uma tática comum para as estrelas. Para despistar seus legiões de fãs, as estrelas costumam reservar propriedades para si e seu entourage sem revelar quem ficará em qual. — É uma propriedade impressionante em Itanhangá. Muitos preferem alugar uma casa para ter mais privacidade, além de reservar um quarto em um hotel. Às vezes, a equipe também fica na propriedade, mas nunca sabemos exatamente — afirma Magno, que considera a discrição uma das grandes vantagens de seu trabalho. Justin Bieber é outro cliente internacional que confiou em Magno para encontrar uma propriedade no Rio quando viajou para o Rock in Rio, em 2013. A casa escolhida pela estrela pop ficava em São Conrado. Magno também conheceu recentemente Juliette, a vencedora do Big Brother Brasil 2021, que comprou uma mansão na Barra da Tijuca e até elogiou o corretor em suas redes sociais. Magno explica que selecionou cinco casas de acordo com o perfil desejado pela cantora. “Ela tem uma agenda muito ocupada devido à música e outros trabalhos como empresária e influenciadora. Queria uma casa espaçosa, com piscina, arejada e bem localizada, onde pudesse compartilhar momentos com familiares e amigos,” diz ele. A casa escolhida por Juliette conta com uma ampla suíte, o que lhe permitiu organizá-la ao seu gosto, criando, por exemplo, um closet de acordo com suas necessidades. — A casa é cinematográfica, muito espaçosa e elegante. Juliette já está em processo de reforma para torná-la ainda mais incrível, luxuosa e sofisticada,"" acrescenta Magno, que define a artista como uma pessoa alegre, simples e com excelente gosto. O corretor diz que evita mostrar muitas opções de propriedades aos clientes para não gerar dúvidas, e que a beleza, a localização, o preço e as necessidades atuais são os principais fatores que influenciam na decisão de compra ou aluguel. — Sempre é muito gratificante quando consigo atender às suas expectativas e necessidades, e eles acabam se tornando amigos,"" diz ele e revela: ""A grande maioria pede uma área gourmet com espaço, um closet grande, uma casa com mais privacidade e uma decoração que fique bem e iluminada em vídeo. Michael Magno decidiu mudar de carreira aos 21 anos, após um período na construção civil como técnico de segurança no trabalho, e seguiu os passos de seu pai no setor imobiliário. Hoje, ele dirige a Magno Real Estate, empresa com escritórios no Rio, São Paulo, Balneário Camboriú, Brasília e Flórida (EUA), e planos de expansão para Belo Horizonte, Porto Seguro e Portugal. — Uma das primeiras pessoas famosas que ajudei foi a atriz brasileira Antonia Fontenelle, que conheci através do Instagram,"" revela ele e explica: ""Trabalhamos com confidencialidade, propriedades exclusivas e serviço personalizado. Minha diferença é sempre pensar em um briefing para entender as necessidades do cliente. O preço médio de aluguel das propriedades com as quais trabalha varia entre US$ 1.000 e US$ 45.000 por dia. Os aluguéis anuais têm um preço médio entre US$ 5.000 e US$ 20.000 por mês. O valor de venda varia entre US$ 500.000 e US$ 15.000.000. — A maioria dos artistas prefere aluguéis anuais e apenas alguns optam pelo contrato padrão de 30 meses. E preferem propriedades mobiliadas, pela praticidade e agilidade. Fazemos de tudo para acelerar o processo, já que a maioria dos clientes não tem tempo, por isso somos objetivos,"" revela o famoso corretor e acrescenta: ""A transparência é uma prioridade, e entender os gostos e necessidades é fundamental. Já atendi um casal que, apesar de ter os meios econômicos para alugar qualquer imóvel, preferia um ambiente mais acolhedor. Então, em vez de procurar a casa mais cara com uma cozinha gigante, me concentrei em algo que realmente se adaptasse ao estilo de vida deles. Magno também se destaca como influenciador, e entre seus clientes estão grandes nomes do esporte e das artes. Ele já atendeu jogadores como Ronaldinho Gaúcho, Neymar, Vinícius Jr., Rodrigo Silva, Richarlison, Emerson Sheik, Romário e Gabigol. No mundo da música nacional, trabalhou para Diogo Nogueira, Ludmilla, Anitta, Zeca Pagodinho, Thaeme, Aline Barros, Orochi, Alok, Wesley Safadão, Gusttavo Lima, Thiaguinho, Belo e Filipe Ret. Entre os atores, encontrou propriedades para nomes como Jade Picon, Deborah Secco, Paloma Bernardi, Edson Celulari, Ana Hickmann, Caio Castro, Arthur Aguiar, Mari González, Marina Ruy Barbosa, Humberto Martins, Eri Johnson e José Loreto."
O Globo,"Ismael Silva, Hannah Arendt e Luz del Fuego sobem aos palcos da Zona Sul",{'https://oglobo.globo.com/rio/bairros/zona-sul/noticia/2024/09/12/ismael-silva-hannah-arendt-e-luz-del-fuego-sobem-aos-palcos-da-zona-sul.ghtml'}," Não há como confundir ou misturar as histórias de Ismael Silva, Hannah Arendt e Luz del Fuego. Mas, cada um em seu palco, os três personagens têm suas trajetórias contadas em peças que serão encenadas este mês em salas da Zona Sul. Outras duas montagens que estreiam ou reestreiam exploram o universo feminino, caso de “Fé mina — Histórias de mulheres”; e esquetes de humor, em “Agora é que são elas!”.   Dos três personagens, o único já em cartaz é “Luz del Fuego — Uma história além da vida”, em cartaz de sexta a domingo, sempre às 20h, até o fim do mês, no Teatro Candido Mendes, em Ipanema. Com texto e direção de Sonia Barbosa, o espetáculo é estrelado por Jussara Calmon, musa da pornochanchada nos anos 1980. — Luz del Fuego é uma personagem real e fascinante, que de certa forma tem muito a ver comigo. Ela foi polêmica e desde pequena já se mostrava uma mulher diferente. Isso, naquela época, assustava a sociedade — afirma Jussara. As histórias de Ismael Sivla e Hannah Arendt serão encenadas a partir do dia 19. O sambista do Estácio será vivido por três atores no musical “Ismael Silva — Professor do samba”, escrito por Ana Veloso, também diretora, ao lado de Edio Nunes. Ele divide a o palco da Arena Sesc Copacabana com Jorge Maia e Milton Filho. A temporada vai até 20 de outubro, com sessões de quinta a domingo, às 20h. — Esse espetáculo conta a história de um homem, artista, negro, favelado, que mostra que tem talento e que pode ter o espaço dele por merecimento, ser valorizado — diz Nunes. Criado pelo autor, ator e diretor Eduardo Wotzik, “Hannah Arendt— Uma aula magna” apresenta ideias, pensamentos, experiências e filosofias de uma das mais importantes pensadoras do século XX. A peça fica em cartaz até dia 29 deste mês no Teatro Domingos Oliveira/Planetário da Gávea, de quinta-feira a sábado, às 20h; e domingos, às 19h. “Agora é que são elas!”, escrita e dirigida por Fábio Porchat, já fez sucesso na Zona Sul, quando lotou por quatro meses o Teatro dos Quatro. A comédia está de volta, agora no Teatro das Artes, também no Shopping da Gávea, onde fica em cartaz até dia 29, com sessões sexta e sábado, às 20h; e domingos, às 19h. Maria Clara Gueiros, Júlia Rabello e Priscila Castello Branco vivem 20 personagens, femininos e masculinos, em nove esquetes. — É uma peça com que as pessoas se identificam. Ou elas viveram aquilo ou elas são aquilo. Ou você tem uma amiga supersticiosa ou você é uma pessoa muito otimista ou tem uma filha que faz perguntas sobre sexo e você não sabe responder. Então, é muito legal poder estar de volta ao Shopping da Gávea, fazendo o povo dar risada dessas histórias — diz Porchat. No Teatro Café Pequeno, no Leblon, “Fé mina — Histórias de mulheres” aborda temas do universo feminino, como amor, educação, relacionamentos abusivos e até feminicídio, de forma crítica e ao mesmo tempo cômica. A atriz Martha Paiva, também autora do espetáculo, colheu histórias do seu repertório pessoal e familiar e do convívio com outras mulheres que têm em comum amores abusivos e casos de superação para criar o espetáculo, dirigido por Ana Luiza Bellacosta. A peça está em cartaz até o dia 22, com apresentações sextas e sábados, às 20h; e domingos, às 19h. — Nosso objetivo principal é engajar mulheres na busca pelo autoamor e também estimular a denúncia de abusos cometidos dentro do lar, além de divulgar algumas histórias, possibilitando, a partir delas, reflexões e discussões sobre aspectos essenciais e urgentes em nossa sociedade, tais como a tolerância, o respeito às diferenças e a cidadania —enfatiza Martha."
O Globo,"Ludmilla fala de sua estreia no Palco do Mundo do Rock in Rio: 'Quero mostrar quem eu sou, incluindo minhas fragilidades'",{'https://oglobo.globo.com/blogs/ancelmo-gois/post/2024/09/ludmilla-fala-de-sua-estreia-no-palco-do-mundo-do-rock-in-rio-quero-mostrar-quem-eu-sou-incluindo-minhas-fragilidades.ghtml'}," Após um show bastante elogiado no Palco Sunset em 2022, Ludmilla retorna ao Rock in Rio para fazer sua estreia no Palco Mundo. Nesta edição, a cantora optou por explorar “temas íntimos como força, resiliência, dor, sofrimento e insegurança”. “Sinto que, antes, eu estava constantemente buscando me provar e mostrar a minha força. Agora, o objetivo é celebrar a artista e a mulher que me tornei, a liberdade de estar à vontade com quem eu sou, incluindo minhas fragilidades."", diz a artista. ""Eu sou forte, mas também sou humana. Isso inclui precisar lidar com diferentes tipos de emoções, as boas e as ruins. E, eu quero que esse show seja mais do que um espaço para música. Vai ser um espaço para verdade, para conexão.” O show será marcado por uma narrativa visual representada por três elementos simbólicos: o sol, o eclipse e a lua. O sol simboliza a intensidade e a potência de Ludmilla; a lua, sua sensibilidade e delicadeza; e o eclipse, a convergência de forças opostas que definem sua complexidade artística e pessoal. Ludmilla foi a primeira a alcançar 1 bilhão de streams no Spotify, número que hoje ultrapassa 5 bilhões. Ela acumula hits em diversos gêneros musicais e é a sexta cantora negra mais ouvida no mundo, ao lado de ícones como Beyoncé e Rihanna."
O Globo,"Pimenta está de volta oficialmente à Secom, de onde nunca saiu totalmente",{'https://oglobo.globo.com/blogs/lauro-jardim/post/2024/09/pimenta-esta-de-volta-oficialmente-a-secom-de-onde-nunca-saiu-totalmente.ghtml'}," Paulo Pimenta está de volta oficialmente hoje à Secom, com a publicação no Diário Oficial do decreto assinado por Lula. Pimenta nunca saiu de fato da Secom. Ficou com um pé ali e outro na Secretaria Extraordinária da Presidência da República para Apoio à Reconstrução do Rio Grande do Sul. Foram menos de quatro meses na pasta criada após as enchentes de maio. Um período em que bateu de frente continuamente com Eduardo Leite. E também um tempo em que, ao contrário de suas expectativas, não lhe serviu para catapultar sua candidatura ao governo do estado em 2026 dadas as dificuldades de execução das medidas de reconstrução do estado"
O Globo,"Beep, startup de vacinas e exames em casa, é avaliada em R$ 1,2 bi após aporte ‘gringo’",{'https://oglobo.globo.com/blogs/capital/post/2024/09/beep-startup-de-vacinas-e-exames-em-casa-e-avaliada-em-r-12-bi-apos-aporte-gringo.ghtml'}," A Beep Saúde, startup carioca que oferece vacinas e exames em domicílio em Rio, São Paulo e Brasília, recebeu um aporte de cerca de R$ 100 milhões. O cheque veio do fundo nova-iorquino Lightsmith, voltado para negócios de impacto e que já é investidor da brasileira Solinftec — uma espécie de “Waze da lavoura” que tem entre os sócios um fundo da família de Luiza Trajano.   A companhia diz ter sido avaliada em R$ 1,2 bilhão após o investimento — um cálculo que o fundador Vander Corteze classifica de “mais maduro” que os que se fazia anteriormente, quando a abundância de capital dava à luz “unicórnios” semanais no Brasil. Em 2021, quando recebeu um aporte de R$ 110 milhões do Valor Capital, fundo do ex-embaixador dos EUA no Brasil Clifford Sobel, a Beep foi avaliada em R$ 670 milhões. Em 2022, pouco antes de o financiamento a startups secar, Corteze disse à coluna que estava à procura de um aporte que transformasse a Beep em “unicórnio” — avaliação de US$ 1 bilhão, ou R$ 5,6 bilhões.   Também participaram da nova rodada o CZI — fundo do casal Mark Zuckerberg e Priscilla Chan, que investiu um valor não divulgado na companhia dois anos atrás —, David Vélez (fundador do Nubank) e a Actyus (gestora de Sergio Furio, fundador da Creditas). Além desses, a startup tem como sócios o Bradesco e a DNA Capital, gestora criada pela família Bueno (fundadora da Amil e controladora da Dasa, de hospitais e laboratórios). O novo aporte chega poucos meses depois de a companhia atingir o chamado “breakeven” (ou seja, parar de queimar caixa e dar prejuízo). De acordo com a Beep, no fim do primeiro semestre deste ano, seu faturamento anualizado estava na casa dos R$ 300 milhões. — No aporte anterior, eu estava na Brazil Week, em Nova York, quando notei que o inverno das startups estava se estabelecendo e seria prudente captar. Desta vez, o aporte não era uma prioridade para nós. Mas eu estava mais uma vez na Brazil Week e, lá, conheci o fundo Lightsmith. Eles nos conquistaram com uma visão diferente sobre a empresa, mostrando que nossa atuação na prevenção de doenças tem correlação direta com os desafios climáticos — conta Corteze, médico e ex-oficial dos Bombeiros que fundou a healthtech em 2016.   De acordo com ele, 100% dos recursos serão investidos em tecnologia. Um dos planos é tornar mais eficiente um modelo que é leve em ativos físicos — a Beep não tem clínicas e terceiriza as análises para o DB Diagnóstico —, mas cuja logística é 100% “verticalizada” e apoiada em uma frota própria de mais de 400 carros e mais de mil funcionários. — Não se trata apenas de tecnologia no app, mas dos bastidores do nosso funcionamento. Para nosso negócio se sustentar, precisamos criar “geodensidade”, ou seja, ter cada vez mais atendimentos próximos uns dos outros, a fim de tornar as rotas mais eficientes. Essencialmente, é um desafio logístico baseado em “machine learning” (aprendizado de máquina, um tipo de inteligência artificial). Para isso, é necessário contratar pessoas especializadas — explica. Um dos sócios do Lightsmith, Jay Koh, assumirá uma cadeira no conselho da Beep. “A Beep usa a tecnologia para promover cuidados de saúde em casa com muita eficiência, contribuindo para minimizar doenças decorrentes de efeitos climáticos. Esperamos apoiar a Beep para que a empresa possa escalar o negócio como uma ferramenta de redução dos impactos das mudanças climáticas na saúde”, diz Koh em nota."
O Globo,"Entrevista: 'A Autoridade Climática terá a missão de fazer a gestão de risco das tragédias', explica Marina Silva",{'https://oglobo.globo.com/brasil/meio-ambiente/noticia/2024/09/12/entrevista-a-autoridade-climatica-tera-a-missao-de-fazer-a-gestao-de-risco-das-tragedias-explica-marina-silva.ghtml'}," Questionada por causa da onda de queimadas, a ministra do Meio Ambiente, Marina Silva, diz que prefere estar à frente da pasta, mesmo recebendo críticas, do que imaginar como seria a situação se o trabalho desenvolvido por sua equipe não estivesse sendo feito. Para Marina, a atuação do governo encontra barreiras em ações criminosas — “gente dizendo ‘apague o fogo que eu toquei’”. A ministra acompanhou o presidente Luiz Inácio Lula da Silva ao Amazonas na terça-feira, em visita a áreas atingidas pelo fogo e pela seca.   Na viagem, Lula anunciou a criação da Autoridade Climática, uma reivindicação de Marina para apoiar o petista na eleição de 2022. A criação da estrutura havia sido adiada com a alegação de restrições orçamentárias. Agora, a autoridade terá a missão de fazer a gestão dos riscos das tragédias climáticas. Há uma cobrança por uma ação mais efetiva do governo contra as queimadas. Como responde a essa crítica? O governo está fazendo o máximo de esforço diante de uma situação extrema, e estamos ajustando o tempo todo as medidas, seja aumentando recursos, equipamentos ou brigadistas. O problema é que a situação tem uma química muito potente. Temos a maior seca na Amazônia e no Pantanal nos últimos 40 anos, temperaturas altíssimas, ventos fortes, umidade relativa do ar em 7% ou 8% e pessoas ateando fogo. Nós conseguimos uma redução de mais de 60% de desmatamento. Imagine se não tivéssemos conseguido? É suficiente? Ainda não, se você sai tocando fogo no mundo e dizendo “apague o fogo que eu toquei”. Ampliar e aperfeiçoar esses esforços é o nosso trabalho. Eu prefiro estar nesse lugar, mesmo recebendo críticas, do que imaginar como seria se não tivéssemos uma equipe que foi capaz de se preparar desde janeiro para ter capacidade de entrar em cena. Como vai funcionar a Autoridade Climática? É uma política de médio e longo prazo. É você sair da gestão do desastre, que é necessária, e criar um paradigma novo da lógica da gestão do risco. É claro que tem medidas de curto prazo. Mas, em termos de pensar que o município possa se sentir adaptado e preparado, é um processo longo. O que a Autoridade vai fazer, nesse trabalho mais de operador, é ser um mecanismo técnico que ajude a termos mais políticas com base em dados e evidências para fazer adequadamente esse enfrentamento dos eventos extremos e suas consequências. Muitas coisas já vêm sendo feitas desde o início de 2003 para cá. São políticas que já existem, mas agora elas vão ganhar outra dimensão com o estatuto jurídico da emergência climática. Já existe a emergência quando o desastre acontece, mas a emergência permanente para as regiões, municípios e estados suscetíveis à mudança do clima é uma grande inovação. A criação vai acontecer por uma medida provisória, com efeito imediato? O presidente falou que vai mandar por medida provisória o estatuto jurídico da emergência climática. Sobre a Autoridade Climática, será preciso ver qual é o melhor caminho. A ideia é que seja, desde a concepção, um órgão ligado ao Ministério do Meio Ambiente. E já tem um perfil da pessoa que será escolhida para estar à frente da Autoridade Climática? Não. Neste momento, não estou pensando na pessoa. Estou pensando no desenho da política pública, das instituições e da robustez que elas precisam ter. É preciso pegar tudo que já vem sendo feito, ampliar e estruturar de forma cada vez mais densa para, junto com todos os setores de governo e em parceria com os estados, municípios e os diferentes segmentos da sociedade, fazer o enfrentamento de algo que já é um dado de realidade, com cenas muito tristes, envolvendo o risco de vida das pessoas. Daria para citar um exemplo prático da atuação da Autoridade Climática? Ela atua por meio desse comitê técnico-científico, integrando os melhores dados para que os sistemas de alerta sejam dados o quanto antes. Também colabora, dando suporte às políticas estaduais, municipais e federais, para que esses municípios, ao tomarem conhecimento de que estão em situação de vulnerabilidade, apresentem projetos. Tanto para serem considerados áreas de risco climático grave quanto para saber que medidas devem ser tomadas, para que o município possa se sentir adaptado e preparado para esses eventos climáticos e evitar os prejuízos e perdas de vidas."
O Globo,Vegetti e Léo Jardim se solidificam como protagonistas em mais uma noite heroica do Vasco na Copa do Brasil; leia análise,{'https://oglobo.globo.com/esportes/futebol/vasco/noticia/2024/09/12/vegetti-e-leo-jardim-se-solidificam-como-protagonistas-em-mais-uma-noite-heroica-do-vasco-na-copa-do-brasil-leia-analise.ghtml'}," É impossível descrever a classificação do Vasco à semifinal da Copa do Brasil com outra palavra se não heroica. O cruz-maltino resistiu a um cenário de dois gols do Athletico em plena Ligga Arena, perdeu Rayan expulso, diminuiu para 2 a 1 ainda no primeiro tempo e resistiu até a disputa de pênaltis. Nela, venceu por 5 a 4, com gol decisivo de Pablo Vegetti, o grande nome do clube nesta temporada e na competição. Contou também com grande defesa de Léo Jardim, outro protagonista deste cruz-maltino ""copeiro"", na única cobrança desperdiçada, por Canobbio. O time carioca, que já havia se classificado nos pênaltis contra Água Santa e Fortaleza, mostrou novamente o espírito aguerrido para voltar às semifinais da competição pela primeira vez desde 2011, quando a conquistou. Agora, aguarda o vencedor do confronto entre Atlético-MG e São Paulo. — A gente tem sofrido bastante ultimamente, com placares, com jogadores a menos. Acho que isso tem norteado um pouco o nosso trabalho, sofrendo um pouco mais do que a gente gostaria, mas isso nos eleva. Estamos sofrendo, mas conseguindo atingir os resultados. Queríamos a vitória hoje, mas veio a classificação importantíssima. Estamos batalhando muito para evoluir, temos conseguido sucesso no Brasileiro e na Copa do Brasil. Estamos felizes, sofrendo, mas atingindo os objetivos e isso é o mais importante — analisou o técnico Rafael Paiva após a partida.   O primeiro tempo criou o pior cenário possível para o cruz-maltino. Com 31 minutos de jogo, o Athletico já vencia por 2 a 0, destruindo a vantagem construída em São Januário. Minutos depois, ainda ficou com um a mais após a expulsão de Rayan, que deixou o braço em disputa de bola com Esquivel na lateral — lance que inicialmente rendeu cartão amarelo, mas foi verificado por Wilton Pereira Sampaio no monitor do VAR. Uma situação que só não ficou pior porque Vegetti apareceu no seu melhor estilo para empatar o agregado pouco antes do intervalo. O camisa 99 subiu mais que a defesa e completou de cabeça cruzamento de Lucas Piton no canto direito de Mycael. A vantagem que havia sido construída pelo Athletico foi em um embate de alta intensidade dos dois times. O Vasco, carregando a vantagem do jogo de ida, iniciou com uma escalação ofensiva na Ligga Arena. Um meio mais solto, com Sforza no lugar de Mateus Carvalho, e um ataque com David e Rayan abertos. Nos primeiros minutos, de troca de iniciativas de ataque, o próprio Rayan teve ótima chance de abrir o placar ou encontrar um companheiro na jogada, mas acabou chutando para fora. A oportunidade se revelou preciosa, já que o Vasco viveu noite muito ruim de seu sistema defensivo. Cuello abriu o placar para os donos da casa aparecendo livre dentro da área após cruzamento de Esquivel. Assim também nasceu o segundo gol do Athletico, de Zapelli. Em novo cruzamento, Gabriel encontrou o mesmo Cuello, que cabeceou na direção do camisa 10. Era pelas pontas que o time paranaense encontrava as melhores chances, principalmente depois que ficou com um a mais.   Com a bagagem de dois confrontos quentes entre as equipes em São Januário (incluindo o compromisso pelo Brasileirão), o jogo teve faíscas, com dificuldades para Wilton Pereira Sampaio controlar os nervos de ambos os lados. O árbitro, com auxílio do VAR, acertou na expulsão de Rayan, mas viveu noite confusa na condução da partida. Pouco antes da expulsão, o cruz-maltino ainda teve ótima chance de diminuir o placar em bobeira generalizada da defesa do Athletico. A bola sobrou nos pés de Rayan e depois nos de Payet, mas nenhum dos dois conseguiu concluir em gol. O cenário da partida se encaminhava para uma classificação do time paranaense. Mas ainda antes do intervalo, Vegetti fez o primeiro ato para se tornar o herói da noite ao diminuir o placar e igualar o agregado. Foi o sexto gol do centroavante argentino, artilheiro da competição. A segunda etapa foi de aplicação física e brilho de Léo Jardim. O goleiro fez seis defesas significativas e evitou chances claríssimas do gol que seria da classificação paranaense. Ainda foi crucial na disputa de pênaltis, ao defender a cobrança de Canobbio. Uma das três penalidades que salvou nas três disputas de pênaltis vencidas pelo Vasco nesta Copa do Brasil. — Sabemos da qualidade do Léo também, dificilmente ele fica cinco penalidades sem defender um pênalti — elogiou Paiva."
O Globo,Destroços de navios nazistas afundados durante a Segunda Guerra emergem após seca reduzir nível de rio na Europa,{'https://oglobo.globo.com/mundo/noticia/2024/09/12/destrocos-de-navios-nazistas-afundados-durante-a-segunda-guerra-emergem-apos-seca-reduzir-nivel-de-rio-na-europa.ghtml'}," Destroços de navios nazistas afundados no rio Danúbio durante a Segunda Guerra Mundial (1939-1945) emergiram perto da cidade portuária de Prahovo, na Sérvia, após uma seca em julho e agosto que fez com que os níveis de água diminuíssem, publicou a agência Reuters. Quatro embarcações alemãs datadas de antes de 1950 e carregadas de explosivos foram descobertas na região na terça-feira, e outras quatro também ficaram visíveis no Parque Nacional Danúbio-Drava, na Hungria, a centenas de quilômetros rio acima.   Esta não é a primeira vez que os navios aparecem no rio Danúbio, o segundo maior da Europa, com 2.850 km de extensão. Secas e ondas de calor recorrentes têm levado a quedas drásticas nos níveis de água todos os anos, expondo as embarcações alemães e, ao mesmo tempo, ameaçando o abastecimento de água potável e dificultando a navegação ao longo da rota que se estende da Floresta Negra, no sudoeste da Alemanha, até o Mar Negro, no leste da Romênia. Espalhados pelo leito do rio, alguns dos navios ainda têm torres, pontes de comando e mastros quebrados, enquanto outros estão submersos sob bancos de areia. Os navios revelados em Prahovo estavam entre centenas de outras embarcações que foram afundadas ao longo do Danúbio pela frota alemã do Mar Negro em 1944, enuanto recuavam das forças soviéticas. Em 2022, dezenas de embarcações operadas pela frota do Mar Negro da Alemanha nazista apareceram perto de Prahovo após os níveis de água atingirem recordes de baixa. Naquele ano, o programa Copernicus, gerido pela Comissão Europeia, documentou a escassez de água ao longo do Danúbio e afirmou que partes do rio eram inavegáveis. — Os capitães devem ser extremamente cautelosos, e incidentes como encalhes ocorrem com frequência — disse Damir Vladic, gerente do porto de Prahovo, à AFP. — Basta um pequeno desvio da rota navegável para causar problemas — acrescentou. Na terça-feira, quando os navios foram descobertos, o nível do Danúbio em Budapeste era de 1,17 metros (o recorde histórico de baixa é de cerca de 0,4 metros, registrado em outubro de 2018). Durante inundações, o rio sobe bem acima de 6 metros. Chuvas que eram aguardadas começaram na segunda-feira, e é esperado que os níveis do Danúbio subam para cerca de 3 metros em Mohacs até o fim de semana, quando os navios deverão voltar a ficar submersos, publicou a CNN.   A Alemanha nazista e seus aliados ocuparam os Bálcãs Ocidentais de 1941 a 1945, período em ue lutaram contra guerrilheiros comunistas. Após a desastrosa invasão da União Soviética, porém, as forças alemãs recuaram progressivamente em direção às fronteiras. À medida que as tropas nazistas recuavam para o oeste, a Alemanha afundou dezenas de navios de sua frota do Mar Negro ao longo do Danúbio, em 1944. O objetivo era dificultar o avanço do Exército Vermelho, bloqueando o rio, e impedir que as embarcações fossem aproveitadas pelos soviéticos. — Eles queriam passar pelo desfiladeiro de Djerdap — disse o historiador Velimir Miki Trailovic, referindo-se a um estreito rio próximo. — Mas quando perceberam que não conseguiriam, decidiram afundar os navios — continuou, afirmando que os nazistas afundaram quase 200 embarcações, incluindo balsas de transporte e barcos torpedeiros.   Por 80 anos, os navios permaneceram praticamente intocados no fundo do Danúbio, embora durante os períodos de seca o casco de aço do rebocador alemão UJ-106 ficasse visível. Em 2022, uma iniciativa financiada pelo Banco Europeu de Investimento e pelo Mecanismo de Investimento dos Bálcãs Ocidentais disponibilizou quase 30 milhões de euros (R$ 186 milhões, na cotação atual) para supervisionar uma operação para remover as embarcações. O primeiro navio, um caça-minas, foi retirado do Danúbio em agosto, e trabalhadores locais sugeriram que ele poderia ser relançado após reparos. A remoção dos navios, no entanto, é uma tarefa complicada, considerando as munições submersas que foram enterradas com eles — e que exigem manobras cuidadosas para evitar o risco de detonação. À AFP, Trailovic disse que, se explodissem, os artefatos poderiam causar “problemas catastróficos” na região. Ao todo, as autoridades sérvias estimam que levará um ano e meio para remover os navios do rio. Ministro da Construção, Transporte e Infraestrutura da Sérvia, Goran Vesic disse que 21 navios serão retirados do local nos próximos meses."
O Globo,Magnésio para sua saúde,{'https://oglobo.globo.com/blogs/espiritualidade-e-bem-estar/post/2024/09/magnesio-para-sua-saude.ghtml'}," O magnésio é um “medicamento” antigo. Meu pai, que durante muito tempo sofreu com azia e refluxo em razão de uma hérnia de hiato, consumia o leite de magnésia como forma de melhorar o desconforto estomacal. Composto por hidróxido de magnésio que reage com o ácido clorídrico no estômago, formando cloreto de magnésio e reduzindo a acidez gástrica, é indicado para a prisão de ventre por aumentar a retenção de água no intestino, ajudando a amolecer as fezes e facilitar a movimentação intestinal. O magnésio é o quarto mineral mais abundante em nosso organismo. Nosso corpo possui entre 20 e 28 gramas de magnésio, sendo que a maior parte desse nutriente está concentrada no esqueleto (de 60 a 65%) e nos músculos (de 34% a 39%). Ele também pode ser encontrado em diversos alimentos, suplementos, medicamentos e, inclusive, na água, favorecendo funções importantes em todo o corpo. Participa de mais de 300 reações bioquímicas, e seus benefícios incluem:   Os alimentos ricos em magnésio são as leguminosas, as oleaginosas, os grãos integrais, os vegetais verdes-escuros e as frutas secas. Pesquisas recentes apontam que grande parte da população não consome a dose diária recomendada. A maioria das pessoas está em risco de deficiência subclínica de magnésio, pois o consumo está estimado em menos de 50% da necessidade média de ingestão em diversas partes do mundo, pelo consumo de alimentos processados e ultraprocessados, pobres em nutrientes. A deficiência de magnésio pode estar relacionada à ingestão insuficiente do mineral na dieta, atividade física exagerada, estresse, ansiedade, álcool em excesso, tabagismo, uso de anticoncepcional, resistência à insulina, excesso ou deficiência de vitamina D e deficiência de vitamina B6. A falta de magnésio pode provocar vários problemas para a saúde, como arritmia cardíaca, fraqueza, fadiga, perda de apetite, náusea, vômito e alterações de humor. Quando necessário, o magnésio pode ser manipulado associando à fórmula outros ativos para melhorar a absorção do mineral e promover uma ação mais ampla em todo o organismo. Além do leite de magnésia, encontra-se sob as formas de:  "
O Globo,"Desempenho de Kamala em debate dá fôlego à campanha, mas caminho para vitória contra Trump ainda é longo",{'https://oglobo.globo.com/mundo/eleicoes-eua/noticia/2024/09/12/desempenho-de-kamala-em-debate-da-folego-a-campanha-mas-caminho-para-vitoria-contra-trump-ainda-e-longo.ghtml'}," “Não acho que tenha sido sua melhor noite”, definiu a senadora republicana Lisa Murkowski, quando questionada sobre o desempenho de seu colega (e desafeto) de partido, Donald Trump, no debate com a candidata democrata à Casa Branca, Kamala Harris. Murkowski fez coro a analistas, comentaristas e políticos que declararam a vice-presidente vencedora, e que apontaram como o veterano ex-presidente caiu em todas as armadilhas de sua rival. Mas a 55 dias de uma eleição que promete ser apertada, não há garantias de que o bom desempenho vá se traduzir em votos.   As pesquisas pós-debate foram praticamente unânimes: na CNN, 63% dos espectadores consideraram Kamala mais consistente do que Trump (37%), e houve aumento das visões positivas sobre a vice-presidente, e das negativas sobre o republicano. Pelo instituto YouGov, Kamala venceu por 54%, contra 31% de Trump e 14% de indecisos. Com um dos períodos de campanha mais curtos da História dos EUA, Kamala Harris tem pouco tempo para se apresentar aos eleitores, que ainda a veem como uma desconhecida, e sabia que a noite poderia ser sua melhor e talvez última chance de vitória. A democrata partiu para o ataque: citou suas inconsistências, suas posições ambíguas, seu histórico questionável e plantou uma série de armadilhas, quase todas eficazes. O que se viu foi um Trump na defensiva e por vezes incoerente. Mas para alguém que precisa vencer o desconhecimento do eleitorado, que já sabe muito bem quem é o ex-presidente, parece ter sido pouco. Especialmente entre aqueles que são o grande troféu da eleição, os eleitores indecisos nos sete estados-pêndulo que decidirão quem governará os EUA a partir de janeiro do ano que vem. — Ela ainda precisa me impressionar — afirmou Samira Ali, estudante da Universidade do Wisconsin, em entrevista ao New York Times, na saída de um evento que exibiu o debate, organizado pela rede ABC. — Ainda estou decidindo.   Ao mesmo tempo em que dedicou preciosos minutos para atacar Trump, Kamala não mergulhou em suas propostas de governo, como os planos para impulsionar o que chama de “economia de oportunidade”, focada na classe média. As promessas de incentivos fiscais a novos negócios não foram suficientes para reverter uma visão, confirmada inclusive pela pesquisa pós-debate, de que Trump é mais capaz de lidar com a economia e também com a imigração, outro tópico quente das discussões. — Ela tentou algumas vezes dizer, “Eu quero fazer isso e eu quero fazer aquilo”, e essas são promessas legais — disse ao New York Times a professora aposentada Sharon Reed. uma eleitora indecisa da Pensilvânia. — Espero que ela consiga fazê-las passar pelo Congresso. Apesar de não ter sido uma noite a se lembrar, Trump não cometeu erros cruciais, como o fez o candidato democrata em 1988, Michael Dukakis, ao não mostrar qualquer tipo de emoção em uma questão sobre pena de morte, ou como as repetidas consultas ao relógio do republicano George H.W. Bush em 1992. Tampouco teve um desempenho desastroso como o do ex-candidato à reeleição, Joe Biden, em junho, no momento que definiu o fim de sua campanha. Pode ter sido o bastante. Uma parcela considerável de sua base está cristalizada, e a ampla maioria dos que dizem que votarão nele em novembro não pretendem mudar de ideia. Como Kamala Harris tem afirmado, é a campanha democrata que corre por fora e é ela que precisa se apresentar aos EUA, mesmo após três anos e meio no segundo cargo mais importante do país. — Nada está claro para mim, e estou realmente tentando acompanhar — disse Gerald Mayes, eleitor indeciso do estado de Nevada, ao New York Times. — Quero saber como tudo isso impacta minha família financeiramente. Nas próximas semanas, Kamala Harris e seu companheiro de chapa, o governador de Minnesota, Tim Walz, se lançarão em uma maratona de comícios, reuniões e eventos públicos para se apresentar aos eleitores dos estados-chave. A vice-presidente quer impulsionar sua agenda em temas como a defesa do direito ao aborto e na defesa da democracia, campos seguros para sua campanha, e também sobre a economia e a imigração, buscando uma distância confortável do questionado legado de Joe Biden. Kamala anunciou, minutos após o fim do debate, que quer enfrentar Trump mais uma vez. Em mensagem de e-mail, a campanha afirmou que “o povo americano pôde ver a escolha que enfrentará neste outono nas urnas, entre seguir em frente com Kamala Harris ou voltar atrás com Trump”, e que, por isso, ambos precisam se enfrentar novamente em outubro. Trump, afirmando que venceu o debate, disse que “vai pensar” no assunto. Antes da desistência de Biden, era o republicano que defendia a realização de discussões entre os candidatos à Casa Branca. Ele criticou o formato do programa, e em um arroubo pouco democrático disse que, caso eleito, “revogaria” a licença de operação da ABC. — Foi um acordo fraudado, como eu presumi que seria, porque quando você olha para o fato, eles estavam corrigindo tudo [que Trump dizia] e não a corrigindo [Kamala] — disse Trump à CNN, na terça-feira, insatisfeito com as correções feitas pelos moderadores a algumas das inverdades ditas por ele ao longo das quase duas horas de programa. Uma nova recusa poderia estar ligada à pouca disposição republicana para correr riscos, como um deslize mais grave diante das câmeras, ainda mais com um Trump nada afeito a treinamentos para debates. — Se você não der ouvidos aos conselhos de pessoas especializadas em certas áreas sobre discursos, sobre o que as pessoas realmente pensam em termos do seu legado, quando você não der ouvidos aos conselhos de especialistas em política, você provavelmente entrará em águas perigosas — alertou o senador republicano Thom Tillis, que considerou que Trump caiu nas armadilhas de Kamala Harris. E além dos fatores circunstanciais de uma eleição peculiar, a história não permite tanto entusiasmo com debates presidenciais. Em 2016, o desempenho da então candidata democrata, Hillary Clinton, foi considerado “devastador” para a campanha de Trump, e analistas chegaram a cravar que aquele era um sinal de que ela venceria sem dificuldades em novembro. O resultado foi bem diferente. Quatro anos antes, em 2012, pesquisas deram a vitória, por grande margem, ao republicano Mitt Romney no primeiro debate contra o então presidente, Barack Obama. Nas urnas, o democrata recebeu mais um mandato de forma contundente. E sem questionamentos."
O Globo,Elis: bipolar ou infinita?,{'https://oglobo.globo.com/cultura/julio-maria/coluna/2024/09/elis-bipolar-ou-infinita.ghtml'}," Resumindo a coisa toda, penso há um tempo que os seres humanos se dividem em finitos e infinitos. Conheço muitas pessoas finitas e poucas realmente sem fim, e analisá-las sob essas duas condições parece ter se tornado uma mania depois que escrevi um artigo sobre isso pela primeira vez, em 2018. Não consigo sair de um encontro, uma entrevista, um casamento ou da plateia de um show sem refletir: “O.k., essa é das finitas” ou “uau, quanta infinitude”. Mais cedo ou mais tarde, os finitos, como o nome diz, acabam. Os infinitos, nunca. Os primeiros, que não necessariamente são piores do que os segundos, realizam-se dentro de padrões sociais e, em geral, vivem mais, são materialmente mais prósperos e mais satisfeitos. Os segundos são movidos por tormentas e seus prazeres parecem alimentados por insatisfações insaciáveis, mas sua relação temporal é diferente. Um ano na vida de um infinito significa três no calendário que conta os dias de uma vida ordinariamente finita.   Ser infinito não é uma condição especial dos iluminados. Entrevistando gente de toda espécie, posso dizer que há muitos ilustres que já bateram com a cabeça no teto há anos e muitos anônimos que não apresentam nenhum sinal de esgotamento. E aqui começamos a especificá-los. Infinito não é o imortal da ABL nem o vencedor de Grammys. Não tem a ver com a obra que ele produziu nem com a relevância de seus feitos. Isso é ontem. O que será deixado para a história não lhe é preocupação. Isso é amanhã. O que vale para um infinito é a eternidade de uma ideia que, mesmo quando projeta futuro, é vivida no agora. Glória, apogeu e realização são valores que não duram ali dentro mais do que 24 horas. Infinitude é uma condição que se experimenta em vida. O resto é especulação. Infinitos não acabam porque seus mundos internos foram transformados em terras de colheita intermináveis. Por lerem livros, eles leem também plantas, animais, olhares, vozes, filmes, sorrisos e céus. Abrem-se a tudo que os emociona, não se acostumam com a beleza do pôr do sol, se entregam a uma canção que não conhecem, dançam em qualquer lugar e contam com uma capacidade raríssima não de falar de si mesmo (o desespero dos finitos) mas de ouvir o que diz o interlocutor pelo prazer de irrigar com ele seus alqueires interiores. Não são perfeitos. Infinitos são imprevisíveis, irresponsáveis, inconquistáveis e, por tudo isso, inconvenientemente apaixonantes. Eles sempre partem.   Elis Regina me fez pensar muito enquanto segui seus passos para lançar sua biografia, em 2015. Aqui, não falo de música. A infinitude de Elis estava em tudo. Ao entrar em um açougue, pedia licença ao balconista e cortava ela mesma os bifes na espessura de que os filhos gostavam. Escrevia cartas aos amigos sem clichês e fora de datas especiais como se compusesse poemas, fazia camarão na moranga com a mesma entrega com que cantava “Como nossos pais”, vestia-se sem respeitar códigos da moda ou da contra moda e passava bilhetes por debaixo da mesa para viver uma paixão proibida. Da mesma forma, o lado B de sua infinitude não tinha reservas. Discos de ex-maridos voavam pela janela em finais de casamento e possíveis cantoras concorrentes eram desativadas de forma nada simpática. Elis poderia ter sido uma cabeleireira ou uma dentista que seria igualmente inesgotável. Foi chamada pelo próprio marido, Ronaldo Bôscoli, de ciclotímica. Hoje, a classificariam com algum grau elevado de bipolaridade e a medicariam. Antes disso, morreu na manhã do dia 19 de janeiro de 1982, depois de viver, pelo calendário dos infinitos, por longos 108 anos."
O Globo,Kamala no Coliseu,{'https://oglobo.globo.com/cultura/cora-ronai/coluna/2024/09/kamala-no-coliseu.ghtml'}," Terça-feira, 10 de setembro de 2024, e o peso do mundo está sobre os ombros de Kamala Harris. Dentro de algumas horas aconteceria o debate com Donald Trump, e poucas vezes tanto esteve em jogo num espaço de tempo tão exíguo: não seria um confronto entre duas pessoas com visões diferentes de mundo, um simples embate de ideias, mas um choque entre civilização e barbárie, entre valores que levamos séculos para consolidar, como a importância da verdade e o apreço pelas regras básicas da convivência, e a lei do mais forte.   Não se trata mais de saber quem é melhor ou pior (embora isso tenha ficado bem claro). Não se trata de saber se Kamala é mais focada, se Trump é mais agressivo, se as políticas de governo que um e outro propõe são mais ou menos viáveis, mais ou menos realistas. Tudo isso é secundário. E é secundário não só para os Estados Unidos, mas para o mundo todo, sul e norte, longe e perto. Uma possível eleição de Donald Trump normalizará, mais uma vez, e talvez de uma vez por todas, a truculência e a mentira como ferramentas legítimas de governo. Uma coisa é Maduro roubar as eleições na Venezuela, país que, a essa altura, já viu de tudo, carece de prestígio internacional e se tornou, com anos de ditadura, uma espécie de piada política de mau gosto — um lugar, na inesquecível definição do presidente Lula, “desagradável”. Os Estados Unidos são tudo menos isso. Com todos os seus defeitos e incongruências, eles são ainda a grande potência mundial, a pátria aspiracional de hordas de imigrantes que atravessam o planeta nas piores condições em busca de mais oportunidades e de uma vida melhor. A maior democracia do mundo, uma terra de liberdade e de justiça para todos; ou, pelo menos, a ilusão disso. Trump vai na contramão de todos esses pressupostos. A sua candidatura não é um conjunto de propostas, mas um amontoado de ressentimentos e de promessas de vingança — contra os imigrantes, contra as mulheres que acham que podem ocupar todos os espaços, contra as pessoas que pensam e que se comportam fora dos padrões estreitos do patriarcado.   Eu detesto usar essa palavra, “patriarcado”, que virou arma de batalha e embute tanto rancor e animosidade; mas ela ainda define o mundo em que vivemos. Kamala e Trump jogam dois jogos diferentes. Ela tem as amarras de uma pessoa que respeita o eleitor e o jogo social; ele não tem limites. São duas categorias, dois pesos diferentes. Ela é o cristão enfrentando um leão no Coliseu — o leão não tem nada a perder, todo mundo conhece a sua natureza e espera apenas que ele cumpra o seu papel no espetáculo. O grande problema dos países democráticos é que estamos tratando leões e humanos como se fossem animais semelhantes. Entrevistamos o leão a sério, levamos o leão para os debates e damos amplo espaço para o leão, que não só não respeita as regras que seguimos como não entende do que estamos falando. Isso está acontecendo nos Estados Unidos, está acontecendo na Europa, está acontecendo em São Paulo. Dessa vez o cristão saiu vivo da arena, mas há novos leões se criando no caos. Ou aprendemos a manter distância, ou em breve seremos todos devorados."
O Globo,Emergência permanente,{'https://oglobo.globo.com/blogs/miriam-leitao/post/2024/09/emergencia-permanente.ghtml'}," As medidas têm a marca da urgência, mas todas parecem sempre insuficientes e atrasadas, porque a crise climática se espalha pelo Brasil com uma gravidade jamais vista. Fogo, fumaça, seca. Os terríveis cenários e insistentes alertas dos cientistas se concretizam antes do que era previsto. O governo baixou uma medida provisória criando o estatuto jurídico da emergência climática. A partir dessa MP passa a existir a figura da emergência permanente para todos os municípios e localidades vulneráveis aos extremos climáticos, me disse a ministra Marina Silva. Poderá haver ações e investimentos continuados, com o planejamento de liberação de recursos. Haverá gerência de riscos e não apenas de administração dos desastres. É fundamental agir antes do evento extremo para mitigar situações como as que estão acontecendo agora, e que foram previstas no começo do ano. A criação da Autoridade Climática foi um pedido feito por Marina Silva quando apoiou a candidatura Lula. Sua função será articular, planejar e ajudar a implementar o Plano Nacional de Prevenção aos efeitos dos eventos extremos. Haverá também um comitê científico amparando as ações. — O estatuto jurídico da emergência climática é inédito, isso nunca existiu. Tem uma complexidade enorme, mas é um avanço também, porque ele permitirá ao governo se adiantar ao desastre. Haverá igualmente a política nacional de combate aos efeitos da mudança climática, o Comitê Técnico Científico e a Autoridade Climática, um órgão técnico ligado ao Ministério do Meio Ambiente. Foi uma decisão adequada do presidente Lula, depois de uma visita muito carregada de situações impactantes de rios enormes quase completamente secos, visita a comunidades totalmente vulnerabilizadas, de situações em que é preciso furar poço de 30 metros na Amazônia. O presidente tomou essas decisões, além das medidas de socorro à população e de ação ambiental imediata — disse a ministra Marina Silva. Nada saiu do bolso do colete. Tudo vem sendo discutido há muito tempo dentro do governo. Perguntei à ministra se não estão sendo tomadas tarde demais, ela disse que não. Que o certo era o país vir se preparando desde 1992. Mas essa nova maneira de formular as políticas públicas será essencial para enfrentar esse momento e preparar-se para o futuro. O país hoje está completamente tomado pela crise. Só dois estados não têm seca, dez estados estão com 100% do seu território sob estiagem severa. Na última terça-feira, ocorreu uma reunião de conciliação no STF com o governo e a PGR para esclarecer as ações que estão sendo tomadas para mitigar a crise aguda que está diante de nós. Muita gente estranhou a iniciativa, mas o que o ministro Flávio Dino, que convocou a reunião, explicou foi que três ADPFs (743, 746, 857) foram julgadas determinando que o governo atue no combate aos efeitos da mudança climática. O ministro é relator do acórdão. Nada fazer seria descumprir decisão judicial, na visão dele. A ironia é que as ADPFs foram propostas durante o governo anterior que ficava inerte diante da tragédia climática, mas recaem sobre o atual que tem alguns bons números a apresentar, como a queda do desmatamento na Amazônia. Contudo, a situação é tão dramática que os recursos humanos e financeiros mobilizados são insuficientes. Mais da metade do Brasil sofre os efeitos do descontrole do fogo e da fumaça que destruiu os biomas e sufoca as pessoas, aumentando o risco para a saúde humana. Na reunião no STF, o clima foi de “reconhecimento unânime da gravidade da situação”, me disse o ministro Flávio Dino. Foi preparado lá um mapa do caminho com medidas práticas como a do mutirão de bombeiros, formados por quadros cedidos por estados que não estão enfrentando o fogo agora. Está sendo formulado também um plano para o ano que vem. Quem está fora desse esforço do Judiciário e do Executivo é o Congresso, que se mobiliza rapidamente por assuntos do seu próprio interesse e mantém como uma ameaça sobre o país uma pauta destruidora do meio ambiente e nocivo a todos os biomas brasileiros. Nesse momento, ele será chamado a analisar as propostas do governo desse novo arcabouço ambiental e do plano contra os efeitos da mudança climática. Será fundamental que tenha noção da gravidade da crise que está afetando todo o Brasil."
O Globo,"Chocolate, nozes, espinafre: os 7 alimentos mais ricos em ferro (que não são de origem animal)",{'https://oglobo.globo.com/saude/noticia/2024/09/12/chocolate-nozes-espinafre-os-7-alimentos-mais-ricos-em-ferro-que-nao-sao-de-origem-animal.ghtml'}," Quando uma pessoa adota uma dieta saudável, deve garantir a inclusão de todos os nutrientes essenciais. Sem eles, o corpo começará a apresentar deficiências que rapidamente podem se transformar em doenças. Um desses nutrientes essenciais é o ferro, um mineral vital para a saúde.   Graças ao ferro, cada célula do corpo pode funcionar corretamente. No entanto, como o corpo não pode produzir esse nutriente por conta própria, é necessário obtê-lo a partir de fontes alimentares. Embora tenha se assumido, por muito tempo, que os únicos alimentos capazes de fornecer ferro eram os de origem animal, como carne vermelha ou frango, recentemente tornou-se mais conhecido que também é possível obter ferro através de produtos de origem não animal.   Como destaca a Universidade de Harvard, nos Estados Unidos, em um artigo, existem diversos alimentos ricos em ferro que não são de origem animal. Entre eles, podemos citar:   Dentre esses alimentos, o grupo das leguminosas é o que contém mais ferro, com cinco a sete miligramas por 100 gramas. Os frutos secos vêm a seguir. Algumas variedades, como os pistaches, fornecem 7,3 miligramas por 100 gramas, enquanto outras, como as avelãs, fornecem 4,2 miligramas. As verduras verdes estão em terceiro lugar. A acelga fornece 3 miligramas por cada 100 gramas, o espinafre 2,7 miligramas e a alface 1 miligrama.   Embora todos esses alimentos forneçam ferro ao corpo, nem todo é absorvido. Devido a uma série de fatores que interferem no processamento do nutriente, o organismo frequentemente reduz a quantidade de ferro que extrai. Por essa razão, se alguém deseja otimizar a absorção de ferro desses alimentos não animais, deve prestar atenção principalmente a dois fatores: a biodisponibilidade e a combinação de alimentos. A biodisponibilidade se refere à proporção de ferro que o corpo é capaz de absorver da quantidade total contida no alimento. Um organismo humano padrão absorve cerca de 2% a 10%. O restante é perdido devido a compostos que inibem o processo. No caso das leguminosas, esse composto é o ácido fítico, enquanto nos vegetais de folhas verdes é o ácido oxálico.   Além disso, também é importante considerar as possíveis combinações de alimentos que podem reforçar a quantidade de ferro absorvido. Os especialistas recomendam que os alimentos de origem não animal sejam complementados com produtos de origem animal. Muitos desses também possuem altos níveis de ferro, mas, ao contrário do ferro de origem não animal, é mais fácil para o organismo absorver e são muito mais eficazes. No caso dos vegetarianos, uma equipe da Universidade de Stanford, nos Estados Unidos, sugere que um equilíbrio semelhante pode ser alcançado com alimentos ricos em vitamina C, como tomates, brócolis e cítricos. Assim, cada dieta pode compensar as dificuldades na absorção de ferro.   Uma diretriz acadêmica norte-americana explica que a principal razão pela qual o organismo precisa desse mineral é para produzir um componente chave para as células sanguíneas chamado hemoglobina. Trata-se de uma proteína dos glóbulos vermelhos que transporta o oxigênio dos pulmões para várias partes do corpo. O ferro também participa da construção da mioglobina, outra proteína importante para a energia celular, pois fornece oxigênio para os músculos. Uma quantidade inadequada de ferro resulta, portanto, em uma deficiência de glóbulos vermelhos capazes de oxigenar as células. Inicialmente, essa falta não se manifesta com sintomas graves, pois o corpo recorre às reservas de ferro que possui na medula óssea, no fígado, nos músculos e no baço. No entanto, quando as reservas se esgotam, os glóbulos vermelhos diminuem de tamanho devido à falta de hemoglobina e, eventualmente, ocorre uma redução na capacidade do sangue de transportar oxigênio. Isso leva ao ponto crítico em que o corpo desenvolve a doença conhecida como anemia. A mais grave das consequências da falta de ferro no corpo, a anemia ferropriva traz muitos sintomas prejudiciais ao funcionamento da vida cotidiana. A capacidade de memória e concentração é reduzida, o sistema imunológico enfraquece, a temperatura corporal fica desregulada, surgem problemas de digestão e aumenta o cansaço devido à falta de energia. Também pode causar tontura e, no caso das crianças, problemas de aprendizado."
O Globo,Novo estudo mostra que o lockdown da pandemia acelerou o envelhecimento cerebral das adolescentes em até 4 anos; entenda,{'https://oglobo.globo.com/saude/noticia/2024/09/12/novo-estudo-mostra-que-o-lockdown-da-pandemia-acelerou-o-envelhecimento-cerebral-das-adolescentes-em-ate-4-anos-entenda.ghtml'}," Um estudo sobre o desenvolvimento cerebral de adolescentes que avaliou crianças antes e depois dos bloqueios impostos pela pandemia de coronavírus nos Estados Unidos descobriu que os cérebros das meninas envelheceram muito mais rápido do que o esperado, aspecto atribuído ao isolamento social pelos pesquisadores.   O estudo da Universidade de Washington, publicado na segunda-feira nos Proceedings of the National Academy of Sciences, mediu o afinamento cortical, um processo que começa no final da infância ou início da adolescência, quando o cérebro começa a podar sinapses redundantes e reduzir sua camada externa. O afinamento do córtex não é necessariamente ruim; alguns cientistas consideram o processo como uma reestruturação do cérebro à medida que amadurece, aumentando sua eficiência. Mas o processo é conhecido por se acelerar em condições estressantes, e o afinamento acelerado está correlacionado com depressão e ansiedade. As imagens obtidas em 2021, após o início da flexibilização dos bloqueios, mostraram que tanto meninos quanto meninas haviam experimentado um rápido afinamento cortical durante esse período. Mas o efeito foi muito mais notável nas meninas, cujo afinamento havia acelerado, em média, 4,2 anos além do esperado; o afinamento nos cérebros dos meninos havia acelerado 1,4 anos além do esperado. — Essa é uma diferença impressionante — aponta Patricia K. Kuhl, diretora do Instituto de Aprendizagem e Ciências do Cérebro da Universidade de Washington e uma das autoras do estudo.   Os resultados, acrescentou ela, sugeriam que “uma menina que começou aos 11 anos e retornou ao laboratório aos 14 agora tem um cérebro que parece o de uma pessoa de 18 anos.” Kuhl atribuiu a mudança à “privação social causada pela pandemia”, que sugeriu ter afetado mais as adolescentes porque elas são mais dependentes da interação social — em particular, de conversar sobre problemas com amigos — como uma forma de liberar o estresse. A diferença entre os gêneros “é tão clara quanto noite e dia”, avalia Kuhl. — Nas meninas, os efeitos foram por todo o cérebro. Todos os lobos, ambos os hemisférios. Houve evidências amplas de um deterioramento no bem-estar dos adolescentes durante a pandemia, mas o estudo contribui com algo novo para essa discussão: evidências físicas. Os pesquisadores descreveram a descoberta como marcante, mas alertaram contra a suposição de que o afinamento cortical acelerado seja um sinal de dano. O afinamento não é “necessariamente uma indicação de um problema” e pode ser “um sinal de mudança maturacional”, disse Ronald E. Dahl, que dirige o Instituto de Desenvolvimento Humano da Universidade da Califórnia, Berkeley, e não esteve envolvido no estudo. “O afinamento acelerado está sendo interpretado como problemático, e pode ser, mas isso é um salto.”   Os pesquisadores começaram com uma coorte de 160 crianças e adolescentes, com o objetivo de caracterizar mudanças típicas durante os anos de adolescência. Eles fizeram as primeiras medições em 2018, quando tinham entre 9 e 17 anos. Mas os bloqueios impostos pela pandemia impediram a coleta de uma segunda onda de dados em 2020. Em 2021, todos os sujeitos estavam emergindo de um período de estresse prolongado, criando o que Neva Corrigan, uma cientista pesquisadora e principal autora do estudo, descreveu como “um experimento natural.” Cerca de 130 dos sujeitos retornaram para uma segunda rodada de testes. A equipe comparou os resultados pós-pandemia com um modelo que previa o desenvolvimento cerebral típico na adolescência. Embora vários estudos anteriores sobre o cérebro tenham encontrado que o estresse da pandemia acelerou o afinamento cortical, nenhum havia comparado as mudanças entre meninos e meninas. — Ficamos completamente surpresos com a importância dos efeitos que encontramos — relembra Corrigan — Os resultados não foram sutis. Não estávamos olhando para pequenas mudanças que quase não eram perceptíveis. Foi uma mudança dramática pós-Covid.   O afinamento cortical acelerado ocorreu por todo o cérebro das meninas, em 30 regiões diferentes, mas foi mais pronunciado no giro fusiforme bilateral, que ajuda a reconhecer rostos e expressões faciais; a ínsula esquerda, que auxilia no processamento de emoções; e o giro temporal superior, crítico para a compreensão da linguagem. Em contraste, o afinamento cortical acelerado foi encontrado em apenas duas regiões nos cérebros dos meninos, ambas envolvidas no processamento visual. Os pesquisadores disseram que não estava claro se as mudanças eram permanentes, ou se, com a restauração das interações sociais normais, o desenvolvimento cerebral dos adolescentes retornaria a uma taxa típica. — Vamos supor que aquela menina que retorna aos 14 anos — disse Kuhl — Vamos supor que toda a sua vida melhore à medida que a pandemia diminui, sua vida social retorna e ela esteja de volta com seus amigos. Todo o estresse não foi removido, mas pelo menos ela tem essa válvula de escape. Bradley S. Peterson, psiquiatra pediátrico e pesquisador do cérebro no Hospital Infantil de Los Angeles, que não participou do estudo, observou várias limitações. Os dados cerebrais pré e pós-pandemia vieram de subconjuntos diferentes da coorte, portanto, os resultados não refletem a mudança na espessura cortical dos sujeitos individuais, mas medições de um único ponto no tempo.   — Os autores referem-se erroneamente e repetidamente a essa correlação como uma ""medida pré-pandêmica de mudança"", o que não é — atenta ele. Além disso, ele afirmou, os autores “não oferecem evidências de apoio” de que as mudanças podem ser atribuídas ao isolamento social do bloqueio, em vez de “qualquer outra de uma vasta gama de experiências” ocorridas durante esse período, entre elas o aumento do tempo de tela, o uso crescente de mídias sociais, menos atividade física, menos tempo em sala de aula e mais estresse familiar. Assim como Dahl, ele alertou contra a interpretação das mudanças como patológicas. Em jovens saudáveis, o afinamento do córtex “é considerado como o cérebro se remodelando adaptativamente de acordo com as necessidades da experiência”. Uma aceleração desse processo durante o bloqueio, se realmente ocorreu, “poderia, de fato, representar a resposta adaptativa da natureza no cérebro que conferiu maior resiliência emocional, cognitiva e social”, afirma."
O Globo,"Rock in Rio: 40 anos após a primeira edição do festival, região da Barra ganhou mais transporte e 20% dos leitos de hotel da cidade",{'https://oglobo.globo.com/rio/noticia/2024/09/12/rock-in-rio-40-anos-apos-a-primeira-edicao-do-festival-regiao-da-barra-ganhou-mais-transporte-e-20percent-dos-leitos-de-hotel-da-cidade.ghtml'}," Naquele 11 de janeiro de 1985, quando Ney Matogrosso abriu a maratona de shows do primeiro Rock in Rio, era um desafio chegar ao local do festival, em Jacarepaguá. Se bem que a memória afetiva de quem esteve por lá é mais dos tênis cobertos de lama que do perrengue do transporte. Há 40 anos não havia metrô, BRTs, ônibus expresso VIP nem mesmo uma rede hoteleira na região ainda pouco povoada. As opções na época foram as linhas regulares de ônibus que deram uma esticadinha até o Riocentro ou a hospedagem nos motéis no entorno.   Quatro décadas depois, com a expansão da cidade rumo à Zona Oeste e o protagonismo da região por conta de megaeventos, incluindo o próprio RiR, o Panamericano e a Olimpíada, o cenário mudou: aquele trecho cresceu, se separou de Jacarepaguá e virou o bairro Barra Olímpica. — Há 40 anos, as principais vias do entorno (Estrada dos Bandeirantes e as avenidas Abelardo Bueno, Ayrton Senna e Salvador Allende) não eram duplicadas. Quando vim morar aqui, em novembro de 1994, só havia dois condomínios na Estrada dos Bandeirantes — conta Luiz Walter, de 67 anos, administrador do Bloco 1 do condomínio Sol e Mar, que, na falta de ônibus, precisou caminhar 1,5 quilômetro até a Cidade do Rock para ver o show do Queen, com Fred Mercury. Nos anos 1980, o turista que não quisesse se hospedar no Centro ou na Zona Sul teria que se contentar em disputar quartos de motéis nas proximidades do festival. Entre os quatro mais procurados naquela época, três foram demolidos para dar lugar a condomínios residenciais. Restou o quase cinquentenário Monza, em frente ao Parque Olímpico, um antigo motel que virava hotel improvisado em eventos realizados no antigo autódromo. Na década de 2010, mudou de nome. Na semana passada, o agora Hotel Dom oferecia diária de R$ 2,5 mil nos dias de RiR. — O hotel é da mesma família desde a inauguração em 1976. A partir da abertura de novos negócios na área e para atender aos calendários de eventos da região, o negócio mudou de perfil já para a Olimpíada — explicou o gerente Jorge Lemos.   Raridade em 1985 nas vizinhanças (incluindo Barra da Tijuca e Recreio), hotel é o que não falta hoje. São dez mil leitos na região — 20% da oferta da cidade. Todos devem ser ocupados na próxima edição do festival, que começa amanhã. A avaliação do setor é que nos próximos anos boa parte dos novos hotéis surgirá por lá, podendo chegar a 33% de toda a rede do Rio. — Os eventos esportivos, o RiR e outras atividades culturais demonstraram a vocação da região para o turismo. Ainda mais diante da expectativa da implantação do Imagine (megaparque temático projetado pelo grupo Rock World, que organiza o festival) e do futuro Autódromo de Guaratiba) — justificou o presidente do HotéisRio, Alfredo Lopes. Internacionalizado, o festival chega à décima edição na cidade onde surgiu. Das versões cariocas, apenas uma aconteceu fora da Barra Olímpica: no Maracanã. Neste período, a região se expandiu, principalmente a partir dos anos 2000, ganhando um shopping, grandes condomínios, como o Rio 2, e unidades de saúde, como uma filial da Rede Sarah. A primeira e a terceira edições na cidade (1985 e 2001) ocuparam o terreno onde anos depois seria construída a Vila Olímpica, para hospedar os atletas em 2016, em seguida lançada comercialmente como o condomínio Ilha Pura. Ao lado, fica o Riocentro, hoje o maior centro de feiras e exposições da cidade. Este, por sua vez, foi ampliado e modernizado por uma concessionária, para que o complexo recebesse provas do Pan (2007) e da Olimpíada (2016). Nos próximos anos, o Ilha Pura deve ser ampliado, já que apenas cerca de 30% do terreno foi edificado. Há ainda outros investimentos em residenciais no entorno. Numa área conhecida como Centro Metropolitano, um dos negócios em desenvolvimento prevê 1.550 apartamentos, sendo que 80% serão o que a construtora Calper define como compactos: unidades entre 33 e 38 metros quadrados, com preços de R$ 260 a R$ 290 mil. — A ideia é oferecer imóveis de qualidade por preços acessíveis, contribuindo para reduzir o déficit habitacional — disse Ricardo Ranuro, CEO da Calper. Outras três edições do Rock in Rio ocuparam um terreno privado, que mais tarde foi desapropriado pela prefeitura para se tornar o Parque dos Atletas, área de lazer dos competidores olímpicos. Mas os donos nunca foram indenizados e a questão foi parar na Justiça. Cercada de mato, a área foi devolvida pelo município aos antigos proprietários há dez meses. Naquele trecho, a legislação permite a construção de residenciais. — A discussão durou quase 16 anos, e nunca chegamos a um acordo. Ainda estudo o que vou fazer com meus lotes — contou o ex-senador Ney Suassuna, um dos donos.   Atual casa do festival, a Cidade do Rock fica em lotes privados dentro do Parque Olímpico, principal palco das competições de 2016. Esse trecho é mais um exemplo das transformações da região. Em 1985, ainda ficava ali o autódromo que recebia as provas da Fórmula 1, cuja etapa brasileira foi transferida em definitivo para São Paulo em 1990. Em meio à valorização da região, moradores da comunidade Vila Autódromo foram reassentados ou indenizados para deixarem a ocupação. No primeiro Rock in Rio, a favela tinha cerca de 400 residências. Na década de 2010, chegou a ter 600 casas, muitas delas na faixa de proteção da Lagoa de Jacarepaguá. Quase todos os imóveis foram derrubados para a construção do Parque Olímpico. Hoje, a Vila Autódromo tem apenas uma rua com 20 casas, ao lado de um acesso de serviço da Cidade do Rock. — Não gosto muito desses eventos. Para os moradores, é tudo muito confuso. Temos dificuldades para passar por pontos de bloqueio — disse a aposentada Maria da Penha, integrante da associação de moradores da vila. Outro desalojado pelo Parque Olímpico foi o Clube Esportivo de Ultraleve, que ficava à beira da lagoa, onde hoje ocorrem as queimas de fogos do RiR. A entidade foi transferida para Santa Cruz."
O Globo,Influência reduzida,{'https://oglobo.globo.com/blogs/merval-pereira/coluna/2024/09/influencia-reduzida.ghtml'}," As pesquisas Quaest sobre as eleições municipais no Rio e em São Paulo deixaram claro que o ex-presidente Bolsonaro não tem conseguido impor seus candidatos nas duas principais capitais do país. Em São Paulo, a situação fica mais explícita, pois ele errou ao praticamente deixar de lado a candidatura do prefeito Ricardo Nunes depois que o ex-coach Pablo Marçal surgiu como adversário surpresa. A pesquisa de ontem mostra não apenas que Nunes recuperou popularidade depois da propaganda eleitoral no rádio e televisão, como Marçal está à frente de Boulos mesmo depois da briga política com o clã Bolsonaro e de ser barrado no palanque da Paulista. O resultado, ainda empate técnico entre os três candidatos, não se deve a nenhuma ação de Bolsonaro a favor de Nunes, muito menos de Marçal. O fato de os dois estarem à frente da disputa neste momento indica, em vez de uma vitória bolsonarista, uma derrota de seu líder, que tentou se equilibrar entre os dois candidatos mais próximos e acabou perdendo a influência decisiva. Ao contrário, para não ter de escolher entre os dois, Bolsonaro decidiu abandonar a disputa paulistana e não pretende visitar a cidade até o dia da eleição. Mais grave: nenhum dos dois é mesmo de seu grupo político. Nunes não deve a Bolsonaro a liderança que recuperou em São Paulo, muito menos a vitória fácil contra seus adversários num provável segundo turno. No momento, pesa mais a propaganda de sua gestão à frente da capital paulista. Os bolsonaristas se dispersam entre Nunes e Marçal, sem que Bolsonaro possa controlar esses votos. O mais grave para os bolsonaristas é a performance de Marçal, que está na segunda posição por conta e risco dele mesmo, sem obras para mostrar e sem apoio oficial da máquina bolsonarista. Em vez disso, o apoio formal dos evangélicos, por meio do pastor Silas Malafaia, foi-lhe negado publicamente e de maneira agressiva. Malafaia chamou-o de psicopata. Nunes, por sua vez, foi deixado de lado pela família Bolsonaro quando parecia que Marçal o ultrapassaria. O peso do bolsonarismo na vitória em São Paulo será menor do que podia ser avaliado no início da campanha. Nunes temeu a “cristianização” em favor de Marçal, mas acabou demonstrando que o tempo na propaganda eleitoral da televisão ainda tem seu valor de convencimento do eleitorado. Sem tempo próprio, e sem apoio formal de Bolsonaro, dependendo apenas das redes sociais, Marçal mostra resiliência, enquanto Boulos depende mais que nunca de Lula empenhar-se em sua campanha. Num hipotético segundo turno contra Marçal, o candidato da esquerda tem chance de vencer, embora estejam no momento ainda empatados. Mas perde sem apelação para o prefeito paulistano. No Rio, a situação do bolsonarismo, em seu berço eleitoral, é mais frágil ainda. A cada pesquisa vai-se firmando a possibilidade de o prefeito Eduardo Paes se eleger no primeiro turno. Bolsonaro promete permanecer na cidade, e na campanha de seu candidato Ramagem, nos últimos dias da campanha do primeiro turno. Pode não ser suficiente para uma arrancada. A pesquisa Quaest deu uma freada nas expectativas de crescimento que permitisse vislumbrar uma reação que o coloque no segundo turno. Embora tenha subido de 9% para 13%, viu Eduardo Paes subir os mesmos 4 pontos percentuais. Se já se surpreendera com o crescimento de Paes para 60%, pois pensara que ele já atingira seu máximo, agora viu o teto do adversário aumentar. O candidato do PL deixou escapar, na sabatina de ontem do Grupo Globo no rádio e nos jornais, que estudos mostram que o eleitor carioca só se decide mesmo na última semana da campanha. Não citou, mas me lembrei do fenômeno Wilson Witzel, que venceu na última semana do primeiro turno a disputa de 2018 contra o então prefeito Paes. Pode ser que essa seja a esperança de Ramagem, mas o clima eleitoral hoje não é o mesmo de quando nasceu o fenômeno Bolsonaro."
O Globo,Filha de idosa encontrada morta em casa após seis meses gritava orações durante madrugadas inteiras,{'https://oglobo.globo.com/rio/noticia/2024/09/12/filha-de-idosa-encontrada-morta-em-casa-apos-seis-meses-gritava-oracoes-durante-madrugadas-inteiras.ghtml'}," Dia após dia e durante madrugadas inteiras, inquilinos de um prédio de quatro andares, com onze apartamentos, da Rua Marco Polo, na Vila da Penha, Zona Norte do Rio, escutavam uma mulher que clamava alto desde julho deste ano. Uma oração com palavras desconexas, ""mas intensa e em alto e bom som"". Os gritos continham frases confusas e deixavam claro que naquele apartamento do térreo havia uma mulher que parecia estar vivendo dias conturbados.   Diante da situação, o responsável pelo prédio chegou a pedir ajuda a unidades públicas para saber se a mulher precisava de acompanhamento psicológico. As orações incessantes eram feitas por Lucimar, filha da idosa de 75 anos que teve o corpo encontrado no último sábado, já em estado avançado de composição. O cadáver ficou seis meses trancado em um quarto do apartamento em que as duas moravam. — No início era de manhã cedo, a gente ouvia ela fazendo orações em um tom de voz alto. Conforme os dias foram passando, foi aumentando tanto a frequência quanto o volume do clamor dela. Até que, no final de julho, ela gritava orações confusas, que não dava para entender exatamente o que era dito, durante as madrugadas inteiras. O nosso prédio só tem onze apartamentos e a maioria dos moradores são pessoas idosas, então acabou virando um problema e até uma preocupação — conta um morador do prédio que preferiu não se identificar. Segundo o vizinho, o responsável pelo prédio chegou a fazer pedidos a unidades de saúde pública para tentar uma avaliação psicológica. — A ideia era tentar uma assistência social ou um acompanhamento psicológico, mas o pedido não estava sendo feito por ninguém da família e era necessário levar a mulher para uma avaliação na unidade. A situação acabou não sendo resolvida e a gente meio que teve que ir aprendendo a conviver com todo aquele clamor conturbado — lembra o morador do edifício. O apartamento em que Maria Auxiliadora de Andrade Santos, de 75 anos, morava com a filha é no térreo do prédio. Antes de passar por períodos de doença, o morador conta que as duas eram sempre vistas juntas. — Pareciam ter uma boa relação, vi muitas vezes as duas andando juntas pelo bairro. Teve um período que a Maria Auxiliadora ficou doente, a gente via a Lucimar levando ela de cadeira de rodas, mas desde o início do ano ela sumiu. A gente só não imaginou que tinha acontecido uma coisa dessas. Ninguém sentiu cheiro e nem desconfiou de nada. Ainda de acordo com o relato, o irmão de Lucimar, já falecido há poucos anos, seria um militar aposentado por questões de saúde. — Por alto, a gente ouvia e percebia que ele era portador de algum tipo de doença psiquiátrica, mas não tinha intimidade o suficiente para saber mais a fundo. E, com essa situação das orações, chegamos a pensar que ela também poderia estar iniciando algum quadro nesse sentido. Ao GLOBO, o vizinho contou ainda que não sentiu e nem ouviu nenhum outro morador falar sobre algum mau cheiro. A única coisa que eles teriam percebido era que o apartamento, sendo a residência principal em frente ao corredor de entrada do prédio, passou a estar sempre fechado. Quem entra no edifício vê logo no final da passagem, para os outros andares, a porta branca do apartamento estampada com a imagem de três cachorros. — Também passou a ser cada vez mais raro ver a Lucimar, ela já não transitava tanto pelo prédio e nem a encontrava na rua. A gente só ouvia. Mas as contas do condomínio, por exemplo, estavam em dia e nunca soubemos de nenhum relato ou problema desse tipo de ela estar devendo alguma coisa. No último domingo, um dia após o corpo ter sido achado pelo Serviço de Atendimento Móvel de Urgência (Samu), Lucimar teria intensificado a altura e o tempo das orações, mais do que ela já costumava fazer. Segundo o vizinho, a voz dela podia ser ouvida até da calçada. — Ela gritava, mas, ao mesmo tempo, não dava para saber o que exatamente ela estava dizendo. Ficou o domingo todo, durante o dia e noite, fazendo as orações sem parar. Pra gente, enquanto vizinho, foi um dia tenso porque o som que estava vindo do apartamento dela e aí fazia a gente lembrar do caos e do susto que tivemos no sábado, quando acharam o corpo já em composição. Foi tudo muito triste de presenciar. Mas depois, na segunda-feira, ficou um silêncio e as luzes do apartamento apagadas. E aí logo em seguida descobrimos que ela já não está mais aqui no prédio. A filha dela a levou, mas não sabemos para onde, mas ela garantiu que a mãe está bem.   De acordo com o RJTV, quando os socorristas entraram no apartamento, encontraram a filha da idosa deitada no sofá. Após uma análise clínica, viram que ela estava bem, mas sentiram um cheiro forte. A mulher teria tentado desconversar e dispensar os médicos. Um deles insistiu e resolveu arrombar a porta do quarto e descobriu o cadáver. O corpo da idosa foi removido para o Instituto Médico-Legal do Centro. O caso é investigado pela 27ª DP (Vicente de Carvalho), as causas e as circunstâncias da morte ainda estão sendo apuradas. Uma perícia foi realizada no cadáver. A filha foi ouvida e liberada. Outras testemunhas, como moradores do prédio e a neta da idosa, também foram ouvidas."
O Globo,"'A vida, que já estava difícil, piorou', diz esposa de homem que quebrou mandíbula e braço em acidente de ônibus",{'https://oglobo.globo.com/rio/noticia/2024/09/12/a-vida-que-ja-estava-dificil-piorou-diz-esposa-de-homem-que-quebrou-mandibula-e-braco-em-acidente-de-onibus.ghtml'}," Um auxiliar de serviços gerais de 38 anos que estava no ônibus que tombou na última sexta-feira ao descer um viaduto da Linha Vermelha em direção ao Campo de São Cristóvão, na Zona Norte do Rio, luta por recuperação e justiça. O homem, que estava em pé no ônibus no momento do acidente porque aguardava para descer no ponto, teve a mandíbula e o braço quebrados. A esposa, de 46 anos, que está desempregada no momento, disse ao GLOBO que a família está enfrentando dificuldades. Ela relata que o marido não conseguiu apoio da empresa de ônibus e que era ele quem sustentava a família.   — A vida, que já estava difícil, piorou. Estamos vivendo um dia de cada vez, tentando lidar com isso tudo. É muito difícil. Talvez ele nunca mais volte a ter uma vida normal. A pancada foi tão forte que afundou parte do crânio. Estamos esperando Deus nos dar uma direção para lutarmos por justiça — disse a esposa da vítima. Segundo ela, o marido aguarda uma cirurgia: — Depois disso, tem o tempo de recuperação. Vamos aguardar e torcer para que ele consiga voltar à rotina. Em nota, o Rio Ônibus, que representa a empresa Braso Lisboa, informou que o departamento jurídico da empresa está realizando contato e prestando a devida assistência a todas as vítimas do acidente. O casal, que mora em uma comunidade na Zona Norte do Rio, irá até o Hospital municipal Miguel Couto, na Zona Sul do Rio, para que o homem possa fazer exames. A vítima espera ser operada na próxima quarta-feira.   Um ônibus da linha 476 (Méier - Leblon) tombou na descida do viaduto da Linha Vermelha para o Campo de São Cristóvão, na altura do número 200, perto da Feira de Tradições Nordestinas, na noite de sexta-feira (6), deixando 26 pessoas feridas, sendo três em estado grave. O Corpo de Bombeiros foi acionado às 22h34. De acordo com a corporação, as vítimas foram encaminhadas para os hospitais municipais Miguel Couto, na Gávea, Souza Aguiar, no Centro, Salgado Filho, no Méier, e Evandro Freire, na Portuguesa (Ilha do Governador). Uma criança de 8 anos, Davi Guimarães, teve o braço amputado no acidente e foi socorrida ao Hospital Quinta D'Or. De acordo com a mãe, os médicos disseram que o sangue já está circulando pela parte reimplantada após uma longa cirurgia. Na noite desta quarta-feira, Davi passou a respirar sem ajuda de aparelhos. Além do menino, outros dois passageiros também sofreram amputação traumática de um dos braços. No total, 26 pessoas ficaram feridas. Dois homens que sofreram amputações estão internados no Hospital Souza Aguiar, no Centro do Rio. Um perdeu o braço na altura do ombro. O outro perdeu o antebraço. Ambas amputações aconteceram no lado direito. Já o menino Davi Guimarães conseguiu ter braço direito reimplantado no Hospital Quinta D'Or, para onde foi socorrido.   A Polícia Civil analisa um tacógrafo, equipamento obrigatório em ônibus e vans com mais de dez lugares que registra dados de uma viagem, para descobrir se o motorista do ônibus da linha 476 (Méier x Leblon), estava ou não trafegando com excesso de velocidade quando o acidente aconteceu. De acordo com a Companhia de Engenharia de Tráfego do Rio (CET-Rio), a velocidade máxima permitida no local é de 50 km por hora. O exame também leva em conta dados da perícia do local do acidente, feita ainda na noite desta sexta-feira. Até esta segunda-feira, 12 pessoas já haviam sido ouvidas na 17ª DP (São Cristóvão), que investiga as causas do tombamento. Segundo a delegada Márcia Beck, algumas testemunhas ouvidas relataram terem pedido ao motorista do ônibus para diminuir a velocidade, durante momentos da viagem que antecederam o acidente. Ela também revelou que investigadores recolheram imagens de câmeras para saber se alguma gravação flagrou o tombamento do coletivo. O objetivo é o de saber exatamente o que levou o ônibus a ficar descontrolado."
O Globo,Defesa de Escola Americana classificou cyberbullying como brincadeira e tentativa de aluno em atrair atenção de meninas,{'https://oglobo.globo.com/rio/noticia/2024/09/12/defesa-de-escola-americana-classificou-cyberbullying-como-brincadeira-e-tentativa-de-aluno-em-atrair-atencao-de-meninas.ghtml'}," A Escola Americana do Rio de Janeiro foi condenada em um caso de cyberbullying sofrido por um aluno em 2020, como divulgou a coluna do Ancelmo Gois. À época, o menino foi vítima de perseguição por um colega de turma, que criou um perfil falso se passando por ele, e o usava para constranger e ameaçar os demais estudantes. A situação chegou à polícia naquele mesmo ano. E, apesar da conclusão de que o menino não estava por trás das ofensas, a escola, o diretor e uma professora se colocaram contrários ao garoto e aos seus pais. Agora, um acórdão de desembargadores decidiu pela indenização de R$ 60 mil à família.   Como narra a sentença, o crime aconteceu em setembro de 2020, quando o nome da vítima, de 11 anos, foi usado indevidamente em um perfil falso nas redes sociais. Ameaças, xingamentos e provocações foram feitos a diversos alunos da turma, sempre relacionados à autoria do menino, que começou a ser excluído socialmente. Os pais dele reportaram a situação à escola, que, segundo a família, teria sido omissa. Por esse motivo, os responsáveis pelo menino decidiram procurar a Delegacia de Crimes Cibernéticos, que identificou a identidade do computador por onde o perfil era acessado, e, ainda, apontou que esse havia sido criado com o domínio da escola: ""@earj.com.br"". A identificação do equipamento permitiu a descoberta de um endereço, levando os agentes a encontrar quem estava por trás do cyberbullying. O ator é colega de turma da vítima, filho de uma professora da escola. Apesar da conclusão da polícia, a escola não se posicionou em relação à conduta do aluno e da professora, como aponta a sentença. Nenhuma medida pedagógica foi aplicada a eles, e, tanto o aluno vítima, quanto os pais, passaram a ser desmoralizados institucionalmente. Segundo o advogado José Carlos de Souza, do escritório Schmidt Lourenço Kingston Advogados, que representa a vítima, o diretor da escola chegou a enviar um e-mail institucional afirmando que os pais estavam tendo uma ""conduta revanchista"", e que não iria aceitar uma ""tentativa de linchamento"". — Os pais da vítima foram discretos desde o início. Eles, em nenhum momento, deram o nome do aluno por trás do perfil fake, nem o relacionaram a professora. No entanto, a escola agiu com total descaso, amenizando a situação e se colocando contra a vítima — disse. Na sentença, há a citação de parte da defesa da escola, que afirma que ""tudo não passou de uma brincadeira"". ""Acrescentam que, logo após ter sido comunicada sobre a criação do perfil falso, a escola providenciou sua retirada da internet e encaminhou comunicado aos pais dos alunos da turma, ressaltando que tudo não passou de uma brincadeira de adolescentes visando atrair a atenção das meninas da classe"". Além disso, no período de rematrícula escolar, em 2021, a vítima e a irmã foram impedidas de se matricularem na escola. José Carlos explicou que a informação foi enviada aos pais dos alunos por meio de carta assinada pelo diretor. — Há um processo específico sobre a recusa da matrícula dos alunos. Desde o início, a escola foi omissa, mas o final foi insustentável. Ela tratou a vítima e os pais como algozes, punindo eles pelo ocorrido. A gente não espera um comportamento assim de nenhuma unidade de ensino, muito menos de uma que se propõe a um alto nível escolar. Na sentença, há também referência à professora, mãe do estudante que criou o perfil. Segundo testemunhas ouvidas em audiências, ela teria passado a evitar e constranger a vítima. Em um depoimento, um colega de turma afirma: ""Que a professora ingressou em sala de aula, indo, de mesa em mesa, cumprimentar os alunos, ""pulando"" a mesa em que estava a vítima"". Outra declaração expõe: ""A vítima, por não ter cumprimentado a professora, foi obrigado a dar voltas na quadra"". Procurada, a Escola Americana do Rio de Janeiro afirmou que não irá se manifestar a respeito das acusações e da condenação."
O Globo,"Lula participa de lançamento de programa voltado para gestantes e bebês, em Belford Roxo, na Baixada Fluminense",{'https://oglobo.globo.com/rio/noticia/2024/09/12/lula-participa-de-lancamento-de-programa-voltado-para-gestantes-e-bebes-em-belford-roxo-na-baixada-fluminense.ghtml'}," Nesta quinta-feira, o presidente Luiz Inácio Lula da Silva participa da cerimônia de lançamento da Rede Alyne, um programa do Ministério da Saúde, voltado ao cuidado integral de gestantes e bebês, em Belford Roxo, na Baixada Fluminense. O programa antes chamado de Rede Cegonha foi rebatizado e homenageia Alyne da Silva Pimentel Teixeira, uma jovem negra, residente na Baixada Fluminense, que morreu aos seis meses de gravidez, em 2002 em decorrência da negligência durante o atendimento. Na primeira etapa de implementação da Rede Alyne, serão investidos, segundo a União, R$ 4,85 bilhões para beneficiar 30 milhões de mulheres no país.   A estratégia do Ministério da Saúde é promover um modelo de cuidado humanizado e integral para a saúde da gestante, parturiente, puérpera e da criança, observando as desigualdades étnico-raciais e regionais, que historicamente impactam as condições de saúde das mulheres mais vulneráveis. O programa reforça também a importância do atendimento de pré-natal, da realização de exames e vinculação da gestante a uma maternidade de referência para o parto. A morte de Alyne, em 2002, expôs as falhas estruturais do sistema de saúde e levou a Organização das Nações Unidas (ONU) a responsabilizar o Estado brasileiro pela morte de Alyne, que poderia ter sido evitada. Segundo dados da pesquisa Nascer no Brasil, publicada pelo Ministério da Saúde em 2023, a taxa de mortalidade de mães negras é duas vezes maior que a de brancas. Enquanto, a mortalidade de mulheres brancas é de 46,56 por 100 mil nascidos vivos, entre as mulheres negras esse número mais do que dobra, chegando a 100,38. A Rede Alyne faz parte de um das políticas públicas adotadas pelo governo federal na área da saúde que está alinhada a um dos compromissos assumidos pelo Brasil junto às Nações Unidas que pretende reduzir o número de casos de mortes de parturientes até 2030. A meta é que esse número chegue a 30 por 100 mil/habitantes.   Alyne, então com 28 anos, estava grávida de seis meses quando começou a passar mal em 11 de novembro de 2002. Buscando atendimento médico, foi à Casa de Saúde Nossa Senhora da Glória, em Belford Roxo, onde foi medicada e enviada de volta para casa. Dois dias depois, retornou ao hospital em pior estado, mas, após mais de sete horas de espera, o bebê já estava morto. Alyne foi submetida a um parto induzido para retirada do feto, mas partes do feto permaneceram no útero, agravando sua condição. Somente no dia seguinte o procedimento para remoção das partes foi iniciado, mas a demora foi fatal. Cinco dias depois, Alyne morreu. Para a Rede Nacional Feminista de Saúde o drama de Alyne simboliza a violência da mortalidade materna evitável no Brasil, causada pela obstétrica e racismo institucional que evidenciam a negligência médica e a precariedade do sistema de saúde público no Brasil. O caso ganhou notoriedade internacional quando, em 2011, a Convenção sobre a eliminação de todas as formas de discriminação contra as mulheres da ONU condenou o Brasil por não fornecer o atendimento adequado à gestante, determinando que o país indenizasse a família e implementasse medidas para evitar que casos como esse se repetissem. Além disso, o Comitê recomendou a melhoria dos serviços de saúde materna, a capacitação adequada dos profissionais de saúde e a criação de mecanismos de fiscalização mais rígidos para garantir o cumprimento dos direitos reprodutivos. Apenas em 2014, 12 anos após a morte de Alyne, o governo federal indenizou sua família. Na ocasião, uma cerimônia simbólica foi realizada em Brasília, onde a mãe de Alyne, Maria de Lourdes da Silva Pimentel, recebeu uma placa em homenagem à sua filha, que foi fixada no hospital onde ela morreu. A compensação financeira foi de US$ 55.137 (cerca de R$ 130 mil). No entanto, a reparação cível para a filha de Alyne só foi concluída em 2021, após 19 anos de espera, já depois da morte de Maria de Lourdes, vítima da Covid-19. De acordo com as outras recomendações da ONU, o Brasil deve garantir o direito das mulheres a uma maternidade segura e o acesso adequado aos procedimentos obstétricos; proporcionar a formação profissional adequada aos trabalhadores de saúde; assegurar a observância de parâmetros nacionais e internacionais de saúde reprodutiva nos serviços públicos de saúde; e punir os profissionais de saúde que violem os direitos reprodutivos das mulheres e seu direito de acesso à saúde."
O Globo,"Caso Marielle: Investigadores descobrem que Girão foi à DH de madrugada, poucas horas após sair mandado contra ele",{'https://oglobo.globo.com/blogs/segredos-do-crime/coluna/2024/09/caso-marielle-investigadores-descobrem-que-girao-foi-a-dh-de-madrugada-poucas-horas-apos-sair-mandado-contra-ele.ghtml'}," Menos de 24 horas após a Justiça expedir um mandado de busca e apreensão contra o ex-bombeiro e ex-vereador Cristiano Girão Matias, em 24 de agosto de 2020, ele compareceu à Delegacia de Homicídios da Capital (DHC) sem ter sido convocado oficialmente e durante a madrugada. Na época, Girão estava sendo investigado como um dos suspeitos de ser o mandante da morte da vereadora Marielle Franco e pela execução de um miliciano rival, o ex-policial André Henrique da Silva, conhecido como André Zóio. Fontes envolvidas nas investigações da fase do mando, em âmbito federal, confirmaram a ida de Girão à DHC após a análise de seu celular. O aparelho havia sido utilizado pela última vez na delegacia, quando o ex-bombeiro se conectou ao Wi-Fi da própria polícia.   A descoberta só foi possível porque investigadores da Polícia Federal, ao rastrear os passos de todos os suspeitos de serem os mandantes, apuraram que Girão acessou o Wi-Fi da Delegacia de Homicídios da Capital (DHC) em 25 de agosto de 2020, às 0h47, usando a senha da delegacia: ""dhcapital2019"". Segundo o relatório dos peritos, a senha de acesso ficou registrada no aparelho do suspeito.   Somente em 9 de setembro, duas semanas após a expedição do mandado assinado pelo juiz do 3º Tribunal do Júri, Alexandre Abrahão, as buscas foram realizadas na casa de Girão. O celular foi apreendido, mas, de acordo com os investigadores, após o episódio na DHC, o ex-bombeiro não utilizou mais o aparelho. Nenhum dado relevante foi encontrado no dispositivo.   Além de celulares, o magistrado autorizou a apreensão de agendas, cadernos de anotações, notebooks, computadores, HDs externos, cartões de memória, armas, munições e acessórios. O pedido foi feito pelo Grupo de Atuação Especial no Combate ao Crime Organizado (Gaeco) do Ministério Público do Rio (MPRJ) e pela DHC, como parte da operação denominada Déjà Vu. Como Girão possuía residências no Rio de Janeiro e em São Paulo, as buscas ocorreram em ambos os locais. No entanto, apesar das investigações da Polícia Federal, que começaram em fevereiro do ano passado, nada foi encontrado contra Girão.   No ano passado, após as delações dos assassinos confessos, os ex-policiais Ronnie Lessa e Élcio de Queiroz, Girão deixou de ser considerado suspeito de ser o mandante da morte de Marielle. Segundo Lessa, os verdadeiros mandantes do crime são os irmãos Domingos e Chiquinho Brazão — conselheiro do Tribunal de Contas do Estado (TCE-RJ) e deputado federal, respectivamente —, além do ex-chefe da Polícia Civil Rivaldo Barbosa. Os três estão presos em presídios federais.   Em 2008, Girão foi denunciado pela CPI das Milícias, presidida pelo então deputado estadual Marcelo Freixo (PSOL-RJ), por supostamente chefiar uma organização criminosa na Gardênia Azul, Zona Oeste do Rio. Após ser condenado por formação de quadrilha, ele ficou preso por oito anos, cumprindo a maior parte da pena em presídios federais de Campo Grande (MS) e Porto Velho (RO), até ser beneficiado por um indulto em agosto de 2017.   Em 2021, Girão voltou a ser preso, acusado da morte de André Zóio e sua companheira, Juliana Sales de Oliveira, ocorrida em 14 de junho de 2014, na Gardênia Azul. O casal foi morto dentro de um Honda Civic prata, dirigido por Zóio, que foi cercado por uma Fiat Doblo prata, ocupada por três homens, em frente à sede da Associação de Moradores da Gardênia. Miliciano da região, Zóio estava levando Juliana para o trabalho quando ambos foram fuzilados com 40 tiros. O crime estaria relacionado à disputa pelo controle da Gardênia. Lessa teria confessado sua participação no crime, conforme consta em um dos anexos de sua delação premiada, ainda sob sigilo, e isentou Girão de ser o mandante do homicídio do casal. Com base na colaboração premiada de Lessa, o advogado de Girão, Zoser Hardman, solicitou a revogação de sua prisão, mas o pedido foi negado pela Justiça. A defesa planeja impetrar um habeas corpus no Tribunal de Justiça para reverter a decisão.   — O Cristiano (Girão) está preso pelo caso do Zóio, mas o próprio Lessa já afirmou que não conhece meu cliente. As provas nos processos, tanto do caso de Zóio quanto do de Marielle, confirmam isso. Não há nada contra Cristiano. Sobre o caso do telefone, ele só esteve na Delegacia de Homicídios em duas ocasiões: quando prestou depoimento e ao ser preso, em 2021. Ele morava em São Paulo e não viria ao Rio sem ser formalmente intimado. Cristiano não tem amigos na DH — afirmou a defesa do ex-vereador."
O Globo,Como entender o apoio a Trump,{'https://oglobo.globo.com/blogs/guga-chacra/post/2024/09/como-entender-o-apoio-a-trump.ghtml'}," O consenso é que Kamala Harris venceu o debate presidencial. Concordo e avalio que o desempenho dela, embora não excepcional, foi superior ao de Donald Trump. Conseguiu se posicionar como uma líder forte para conduzir o país, respondendo de maneira assertiva a perguntas de todos os temas, sem derrapar. Ainda assim, não foi um nocaute. O republicano não teve comportamento diferente do costumeiro ao longo da última década e agiu de forma parecida com as de debates em outras eleições.   O Trump do debate em Filadélfia foi mesmo Trump dos debates em 2016, quando derrotou Hillary Clinton, ou em 2020, quando perdeu por uma margem pequena no Colégio Eleitoral para Joe Biden. Verdade, em ambos os casos ficou atrás no voto popular, mas nada gigantesco. Até julho, mesmo com todo o seu histórico antidemocrático e mitômano, o republicano liderava contra Biden, então candidato, em quase todas as pesquisas. Antes do debate, o ex-presidente estava tecnicamente empatado com Kamala na média dos levantamentos, compilada pelo site RealClearPolitics. Talvez o debate de terça-feira tenha algum efeito nas pesquisas, mas tudo indica que Trump manterá sua base intacta. A explicação para Trump seguir competitivo e com chances no mínimo equivalentes às de Kamala se deve a uma boa avaliação que o candidato tem em alguns temas importantes como economia e imigração. No debate, o republicano não se saiu mal nestes temas. Kamala tentou atacá-lo ao argumentar que os números herdados pela atual administração ao assumir em janeiro de 2021 eram péssimos, mas a maior parte da população sabe que isso foi impacto da pandemia e, antes da Covid-19, a economia estava bem.   Em política externa, embora tenha feito afirmações patéticas na questão de Gaza ao insistir falsamente que Kamala odeia Israel (ela tem apoio da imensa dos eleitores judeus e suas posições são muitas vezes vistas como pró-Israel), o republicano pode ter acertado na questão ucraniana. Sim, evitou responder se a vitória da Ucrânia é do interesse dos EUA. Mas apresentou uma visão em sintonia com alguns teóricos realistas das relações internacionais, como Stephen Walt, professor de Ciência Política de Harvard. Insistiu que negociará o fim da guerra e lembrou dos exorbitantes gastos americanos com o conflito, que já chegam às centenas de bilhões de dólares. Por mais que se critique Trump, sua narrativa em política externa é forte. Por exemplo, diz que a Rússia invadiu a Geórgia no governo de Bush, anexou a Crimeia e invadiu o leste ucraniano no de Obama, e iniciou a guerra no de Biden. Mas Vladimir Putin não fez nada no dele, seja por terem boas relações, seja por temer a sua aleatoriedade.   No Oriente Médio, conseguiu levar adiante os Acordos de Abraão, e o Estado Islâmico foi derrotado. Pode ter negociado com o Talibã a retirada do Afeganistão, mas isso era o que a maioria da população americana queria, e o problema teria sido o processo de retirada e não a decisão de sair. Sei que há uma série de nuances e críticas à política externa dele. Mas é importante enxergar que muitos americanos relevam o comportamento antidemocrático e mentiroso de Trump porque avaliam que seu governo foi bom e estão cansados do establishment bélico e financeiro de Washington e Wall Street — e não ajuda nada Kamala celebrar apoio da Goldman Sachs e do criminoso de guerra Dick Cheney."
O Globo,A atitude da sociedade com relação à infância e celular está mudando. E para melhor,{'https://oglobo.globo.com/blogs/daniel-becker/post/2024/09/a-atitude-da-sociedade-com-relacao-a-infancia-e-celular-esta-mudando-e-para-melhor.ghtml'}," Duas reportagens na mídia essa semana dão conta da repercussão e dos resultados de uma proposta que venho fazendo há muito tempo, a mesma que Jonathan Haidt, autor do livro de maior sucesso do ano nos EUA e segundo maior pré-lançamento da Companhia das Letras por aqui: o celular zero na escola (na sala de aula e no recreio também). E ambas mostram que temos razão. Quem se opõe à ideia afirma que “não podemos afastar as crianças da tecnologia”. E eles têm razão, claro que não podemos. A tecnologia digital e a internet são a principal plataforma da vida moderna e se tornaram indispensáveis a indivíduos e sociedade. Mas podemos, sim, afastar as crianças e adolescentes do celular pessoal e seus aplicativos tóxicos e viciantes. Aliás, a confirmação dessa estratégia de proteção à infância, ao aprendizado e ao precioso brincar já vem sendo feita por vários artigos científicos. Um dos mais importantes é de fevereiro desse ano. Uma pesquisa da Noruega, envolvendo 161.371 estudantes em 477 escolas de ensino médio, revelou os seguintes efeitos da proibição de celulares:   As matérias no Brasil, publicadas pela Folha de São Paulo, dão conta de depoimentos de alunos, professores, gestores e pais sobre o tema. E como eu previa: todos estão felizes. Sim, mesmo os estudantes, que após um compreensível e previsível período de abstinência, reclamação e atos de resistência, se habituam e então começam a gostar. Gostam porque voltam a brincar, a conversar entre si, a falar de outras coisas senão bobagens inúteis e fofocas de celebridades. Um estudante da rede municipal do Rio de Janeiro – que baniu, por lei, os celulares nas escolas da prefeitura no início deste ano, tanto nas aulas quanto nos intervalos – disse que no início foi ruim, mas que agora gosta da medida. ""Antes de ser proibido, a gente sempre ficava jogando um contra o outro, na aula e no recreio, conversando na rede social, vendo vídeos, apostando em bets e no tigrinho.” Agora consegue prestar a atenção nas aulas e suas notas melhoraram, deram um salto surpreendente. De uma nota perto da reprovação, em poucos meses atingiu o conceito logo abaixo da nota máxima. Coordenadora da escola do estudante (Martin Luther King), Thaís Trindade conta: ""Temos vários alunos que são inteligentes, mas não conseguiam ter um bom desempenho por causa do celular"". E conclui: ""Sem o aparelho, eles começaram a entender as matérias, tirar notas melhores, passaram a ser elogiados pelos professores e a se sentir estimulados"". Até mesmo o uso fora da escola vem diminuindo: um efeito colateral maravilhoso, que eu não esperava. Os jovens dizem se sentir ""menos viciados"" no celular depois da proibição na escola. ""Fui me acostumando e decidi mudar outras coisas na minha vida para ser mais saudável"", diz uma aluna. ""Eu era sedentária e passei a fazer esporte todos os dias, o que me ajuda também com a ansiedade"", completa. E os depoimentos prosseguem: “Passamos a conversar sobre situações da escola, a falar sobre nós mesmos"". ""Agora a gente toma sol deitada no banco, enquanto conversa. Nunca tínhamos feito isso antes."" “Conforme o tempo foi passando, as relações sociais mudaram bastante, a gente conversa muito mais.” ""O aumento da produtividade e do foco é notável."" A outra matéria, do mesmo jornal, mostra que a proibição do uso do celular passou a ser um critério na escolha da escola para muitos pais, que já percebem o resultado positivo em outras famílias. O banimento do uso dos smartphones no ambiente escolar cresce no Brasil (já chega a 34% das escolas, segundo a pesquisa TIC Educação, publicada recentemente) e em outros países. Segundo a reportagem citada, há muitos pais que “não negam a importância da tecnologia na educação, mas entendem que seus benefícios passam longe de intervalos com crianças e jovens com a cabeça curvada e os olhos mergulhados em uma tela”. A matéria prossegue: “Os resultados começam a aparecer ao longo dos meses. Em escolas brasileiras e de outros países, os relatos são de que os alunos ficam mais focados, concentrados e, consequentemente, suas notas sobem; a ansiedade diminui, e aumenta a interação entre eles, além da disposição para ler livros, brincar e praticar esportes”. Que cenário poderia ser melhor? A coragem das escolas privadas pioneiras, e da Rede Municipal do Rio, a primeira órgão público a assumir essa medida, foram decisivas para começar a girar o ciclo virtuoso. “A fase de matrículas está começando, e essas escolas (particulares) afirmam que a procura tem sido animadora. Uma delas, de São Paulo, que adotou a medida no início de 2024, conta que bateu recorde de transferências no meio do ano e, para 2025, está com uma demanda 20% superior à que registrou nesse mesmo período no ano passado”, continua o texto da matéria. E a melhor parte: “Quando vão conhecer essas escolas, os pais se impressionam especialmente com o recreio, que ganha um ar ""retrô"", fica mais parecido com o do tempo deles”. É exatamente o que eu dizia ser mais importante: entender que o recreio é precioso, que é o espaço público da criança. É um território da brincadeira (um dos últimos que resta à infância), onde são adquiridas habilidades fundamentais para a vida, onde exerce o relacionamento com os outros, o movimento. Pense nisso nesse momento em que começa a fase de matrículas para escolas no Brasil inteiro. Na minha opinião, é um dos critérios mais importantes."
O Globo,Assédio na Esplanada: Queda de Silvio Almeida não pode ser atribuída à guerra identitária,{'https://oglobo.globo.com/blogs/malu-gaspar/coluna/2024/09/assedio-na-esplanada-queda-de-silvio-almeida-nao-pode-ser-atribuida-a-guerra-identitaria.ghtml'}," As denúncias contra Silvio Almeida provocaram uma espécie de bug em setores da esquerda, do movimento negro e do governo. Compreensível. Se fosse ficção, o enredo seria tido como mirabolante. Um ministro dos Direitos Humanos, símbolo da luta antirracista, é acusado de assediar moralmente seus funcionários e sexualmente diversas mulheres, entre as quais a colega da Igualdade Racial, também negra e tão politicamente simbólica quanto ele.   Como se não bastasse, figuras poderosas do governo, incluindo a primeira-dama e feminista Janja, sabiam da situação e passaram meses fingindo que não havia nada acontecendo. Só quando os relatos vieram à tona é que Janja correu a apoiar a ministra assediada, e Lula demitiu Almeida. Infelizmente, o caso nada tem de invencionice. Anielle Franco confirmou a história ao próprio Lula na presença de outras ministras, e mais relatos já surgiram. Um deles, de uma professora de Santo André que postou um vídeo dizendo que Almeida apalpou suas partes íntimas durante um almoço em 2019.   Outro caso foi exposto por uma ex-aluna da Universidade São Judas Tadeu, que relatou ao Intercept a insistência do então professor por um encontro, em troca de uma boa avaliação para sua monografia em 2009. Várias ex-estudantes relataram sob anonimato à Veja terem sido assediadas sexualmente em troca de melhores notas entre 2007 e 2012. Casos de assédio moral foram descritos por servidores ao UOL e ao Metrópoles. A ONG Me Too confirmou ter atendido mulheres que se disseram vítimas de Almeida. Só na última semana, a Controladoria-Geral da União registrou cinco novas denúncias ligadas a seu ministério. A Polícia Federal, que acaba de iniciar a apuração, já ouviu um depoimento com teor semelhante.   Almeida nega peremptoriamente as acusações. Segundo ele, há uma campanha para afetar sua imagem “enquanto homem negro em posição de destaque no poder público”, uma conspiração movida por grupos que queriam derrubá-lo (ele não diz quais) ou por interesses econômicos da ONG Me Too, que sugere ter tentado intervir na licitação para a contratação do serviço de disque-denúncia (a ONG não disputa e não faz contratos com o setor público). O ex-ministro e muitos de seus defensores empunharam ainda o argumento clássico em casos de assédio, questionando por que Anielle e as outras vítimas não se manifestaram antes — ignorando quanto pode ser difícil expor abusos cometidos por homens em posição de poder. Para outra ala, Almeida foi vítima de um “tribunal de exceção”. Também não faltou quem apontasse um “linchamento identitário”, espécie de autofagia entre os movimentos pró-minorias.   Desnecessário dizer que Silvio Almeida tem todo o direito de se defender e que as investigações precisam avançar de forma equilibrada. Mas é preciso colocar a bola no chão e tomar distância antes de colar na história o selo de guerra identitária. Não se ouviu, até agora, ninguém associar o eventual assédio ao fato de o ministro ser negro. Até porque Anielle também é negra, assim como pelo menos uma das outras vítimas, que ainda reluta em falar abertamente. O único a relacionar o caso à cor da pele foi o próprio Almeida, em sua defesa. Entre as lideranças e ativistas do movimento negro, a postura mais comum foi pedir cautela nas apurações e expressar uma justificada preocupação de que o episódio prejudique a luta antirracista — uma das razões apontadas nos bastidores pela própria Anielle para se manter em silêncio durante tanto tempo.   Em artigo publicado na revista Elle, a ativista antirracista, pesquisadora e escritora Winnie Bueno definiu o dilema de Anielle e outras mulheres negras que passam por situações parecidas como “um limiar muito complexo, uma encruzilhada perversa onde temos que decidir a quem somos leais. Quase sempre decidimos desistir de ser leais a nós mesmas em favor da lealdade à coletividade. Mas quanto nos custa essa lealdade? Quanto ela está sendo benéfica à comunidade negra de conjunto?”. Winnie está certa. Não haverá igualdade plena enquanto a busca por equidade de gênero for subordinada a qualquer outra causa. Ao longo da História, abusos cometidos contra mulheres sempre foram repelidos por escudos retóricos e políticos convenientes. Encarar o fato de que seres humanos cometem erros independentemente da cor da pele é desafiador, ainda mais num governo que transformou o combate à discriminação em bandeira.   Tal desconforto pode até explicar a demora para tratar os relatos com a diligência e celeridade que mereciam. Mas não pode servir de desculpa para continuar empurrando com a barriga um trabalho urgente para mulheres de todas as raças."
O Globo,Campanha de Nunes vê evangélicos e Malafaia como único caminho para queda de Marçal,{'https://oglobo.globo.com/blogs/bela-megale/post/2024/09/campanha-de-nunes-ve-evangelicos-e-malafaia-como-unico-caminho-para-queda-de-marcal.ghtml'}," Integrante da campanha de Ricardo Nunes (MDB) avaliam que hoje só existe uma maneira de Pablo Marçal (PRTB) perder eleitores na disputa pela prefeitura de São Paulo: sofrer desgaste entre os evangélicos.   O prefeito coloca em campo, nesta quinta-feira, sua estratégia para minar o adversário nessa frente. A campanha de Nunes vai veicular uma propaganda que mostra o influencer ironizando o Rei Salomão, figura central da bíblia. A gravação diz que “Salomão é venerado e respeitado por todos, menos por Pablo Marçal” e emenda a seguinte frase do influencer: “o Salomão era neném, moço”. A ideia é que essa seja a primeira de uma série de peças publicitárias calcadas em falas de Marçal que têm o objetivo de desidratá-lo entre os evangélicos. A leitura da campanha de Nunes e de seus aliados, como o governador de São Paulo, Tarcísio de Freitas, é que o embate do influencer com o pastor Silas Malafaia deflagrado após o 7 de setembro, na Av. Paulista, abriu caminho para mostrar aos evangélicos as contradições do candidato do PRTB. Marçal disse que Malafaia o proibiu de subir no carro de som da manifestação. O pastor, então, gravou um vídeo no qual chamou o influencer de “megalomaníaco” e afirmou que ele foi vetado porque chegou ao local após o encerramento das falas. O episódio deu início a uma série de embates entre ambos. Em paralelo, Nunes vem intensificando as agendas com lideranças evangélicas. Após o 7 de setembro, esteve em dois eventos do segmento acompanhado de Tarcísio de Freitas. Na quarta-feira, o prefeito participou uma reunião com cerca de 500 pastores para traçar estratégias para alavancar sua candidatura. Tarcísio também esteve na agenda. A pesquisa Quaest, divulgada ontem, mostra que Marçal segue liderando com certa folga entre os evangélicos. Ele aparece com 37% das intenções de voto no segmento, enquanto o prefeito tem 26%. No levantamento anterior, em 28 de agosto, o influencer tinha 27% e Nunes, 18% da preferência dos evangélicos."
O Globo,Massagista carioca será indenizada por cliente que deu calote no serviço: 'Má menina',{'https://oglobo.globo.com/blogs/ancelmo-gois/post/2024/09/massagista-carioca-sera-indenizada-por-cliente-que-deu-calote-no-servico-ma-menina.ghtml'}," Veja essa história. O cliente de uma massagista acusado de não pagar pelos serviços prestados e ainda ameaçar publicar nas redes sociais um vídeo não autorizado com imagens íntimas da moça foi condenado pela 6ª Câmara de Direito Privado do TJ do Rio a pagar indenização de R$ 8 mil por danos morais. O caso aconteceu num hotel de Copacabana, na Zona Sul carioca, em abril de 2021. O acusado contratou os serviços de massagem por R$ 230. No entanto ao chegar no hotel, fez um Pix de R$ 1,50, e disse que pagaria o valor integral dois dias depois. A moça, apesar de sempre trabalhar com o pagamento adiantado, realizou os serviços, pois acreditava que o valor seria depositado em sua conta. E no encontro, além das massagens contratadas, os dois acabaram mantendo relações sexuais. Depois disso, na data combinada, a massagista ligou para cliente a fim de receber o que lhe era devido. Mas aí a conversa mudou de tom e o homem lhe disse que havia cancelado o pagamento, pois a profissional teria sido “má menina”. Disse ainda ter filmado a relação sexual entre ambos, sem o consentimento dela, e que publicaria o vídeo nas redes sociais caso ela voltasse a ligar para ele. A moça então resolveu recorrer à Justiça para fazer valer os seus direitos. Em primeira instância o caso foi julgado improcedente. Mas ao analisarem o recurso de apelação dela, os desembargadores deram parcial provimento ao pedido. Além da indenização, a decisão proíbe que homem divulgue imagens da massagista, bem como determina a exclusão de vídeos e fotos de todo e qualquer dispositivo, sob pena de multa diária de mil reais. O acusado terá também de pagar R$ 228,50 pelos serviços prestados pela massagista, com juros e correção monetária."
O Globo,"Caso Daniel Alves: jogadores usam 'contrato' para evitar denúncias de estupro, diz dirigente espanhol",{'https://oglobo.globo.com/esportes/futebol-internacional/noticia/2024/09/12/caso-daniel-alves-jogadores-usam-contrato-para-evitar-denuncias-de-estupro-diz-dirigente-espanhol.ghtml'}," Após mais um jogador do futebol espanhol ser detido acusado de agressão sexual, o presidente do Centro Nacional de Formação de Treinadores de Futebol (Cenafe), Miguel Galán, denunciou que atletas estariam usando um ""contrato sexual"" com parceiras para evitar denúncias contra eles, em um país que já ficou marcado pelo caso do brasileiro Daniel Alves, preso por mais de um ano após ser condenado por estuprar uma mulher em uma boate em Barcelona.   No contrato — que especialistas já afirmaram não ter validade perante eventual julgamento criminal, segundo o jornal O Jogo —, há uma série de condições para que haja uma relação, como o que é permitido ou não, duração, métodos contraceptivos usados e, o ponto mais polêmico, a citação a uma ""violação acidental"". Segundo Galán, os jogadores estariam com medo de que ""uma mulher os engane e pregue uma rasteira, ou apresente uma denúncia falsa"", o que pode ""burocratizar as relações"". Segundo O Jogo, não há relatos de que o documento já tenha sido usado por algum jogador no país   O atacante do Valencia Rafa Mir foi preso na semana passada acusado de agressão sexual contra duas mulheres. Em suas redes sociais, o jogador de 27 anos emitiu uma nota oficial no qual se diz inocente das acusações e afirma confiar plenamente na Justiça da Espanha. ""Confio plenamente na Administração de Justiça deste país, com a qual colaborei desde o primeiro minuto para esclarecer os fatos"", disse Rafa Mir em um trecho da nota oficial. De acordo com informações obtidas pelo jornalista Jorge García Abadía, as agressões sexuais ocorreram na piscina da casa de Rafa Mir. Um vizinho do atleta disse ter ouvido ""ruídos estranhos"" e visto duas jovens ""seminuas andando desorientadas"" pela propriedade, quando o dia começava a raiar. Ele decidiu alertar as autoridades. ""Nesta noite louca, a Polícia Local foi à casa e acalmou o jogador de futebol. Não falam em nenhum momento de agressões sexuais, falam sobre uma briga entre um amigo de Mir e uma das vítimas"", relata o jornalista. Ao longo do dia, as mulheres foram até o hospital e, na sequência, decidiram prestar queixa. A defesa do atleta alega que as jovens foram voluntariamente à casa e que a relação sexual foi consensual.   Condenado a 4 anos e meio por estuprar uma jovem numa boate em Barcelona, Daniel Alves foi posto em liberdade em março deste ano (após 430 dias preso) depois que o jogador pagou a fiança, estabelecida pela Justiça espanhola em um milhão de euros. Além de depositar a quantia, o brasileiro teve que entregar seus dois passaportes (o brasileiro e o espanhol), se comprometer a não deixar o país e vai precisar comparecer semanalmente ao Tribunal Provincial. De acordo com o jornal La Vanguardia, o brasileiro conseguiu a quantia por meio de empréstimos não bancários e sua advogada, Inés Guardiola, usou como garantia os 6,8 milhões de euros que o jogador tem a receber do Fisco espanhol. Ainda de acordo com o portal, o ex-jogador brasileiro teria recorrido ao pai de Neymar, atacante do Al-Hilal, da Arábia Saudita, para pagar esse montante, mas o boato foi desmentido pelo próprio empresário. — Como é de conhecimento de todos, em um primeiro momento, ajudei Daniel Alves, sem nenhum vínculo com qualquer processo. Neste segundo momento, em uma situação diferente da anterior, em que a justiça espanhola já decidiu pela condenação, estão especulando e tentando associar meu nome e do meu filho a um assunto que hoje não nos compete mais. Espero que o Daniel encontre junto à sua própria família todas as respostas que ele procura. Para nós, para minha família, o assunto terminou. AGORA PONTO FINAL — disse o pai de Neymar. Vale lembrar que durante o julgamento do ex-lateral, o pai do camisa 10 da seleção brasileira cedeu 150 mil euros (cerca de R$ 800 mil, na cotação atual) para pagar uma multa que tinha como objetivo reduzir a pena de Daniel para quatro anos e meio."
O Globo,Airbus Beluga: conheça por dentro avião com design inspirado em baleia que pode transportar até 40 toneladas,{'https://oglobo.globo.com/economia/tecnologia/noticia/2024/09/12/airbus-beluga-conheca-por-dentro-aviao-com-design-inspirado-em-baleia-que-pode-transportar-ate-40-toneladas.ghtml'}," Com design inspirado nas baleias, o airbus Beluga foi usado para transportar peças de um avião British Airways que estava parado desde que colidiu em abril deste ano. A aeronave com estética do animal pousou em Londres, na Inglaterra, e despertou a atenção de quem estava no aeroporto de Heathrow, segundo o jornal inglês The Sun.   O mega avião transportava na segunda-feira peças de outro que ficou danificado após uma colisão. Testemunhas disseram que o jato da Virgin estava sendo empurrado para trás por um rebocador quando sua asa atingiu a cauda do avião da BA. Não havia ninguém a bordo do avião da Virgin. O enorme Airbus Beluga estava entregando peças de reposição para consertar o avião danificado e, segundo o periódico, retornou a Toulouse, França, no mesmo dia. Ele é capaz de transportar impressionantes 40 toneladas de carga aérea. Uma nova versão do Beluga está substituindo a frota original, que passou a abastecer uma companhia aérea autônoma chamada Airbus Beluga Transport. A aeronave tem sua própria companhia aérea. Ele mede 56 metros, com uma envergadura de quase 45 metros. A carga é carregada pela parte frontal do avião, que é semi automatizada e garante fácil manuseio. O primeiro Beluga era originalmente conhecido como Airbus Super Transporter. Mas depois que seu apelido — derivado da semelhança com a baleia branca do Ártico — ganhou popularidade, a Airbus decidiu renomear a aeronave para Beluga ST, mantendo o nome original na sigla. No passado, os cinco Airbus A300-600ST Belugas eram quase que exclusivamente utilizados pela própria Airbus transportando grandes componentes entre as instalações da fabricante. No entanto, agora, os Beluga XL, maiores e mais modernos, substituíram as aeronaves, deixando estes últimos subutilizados."
O Globo,'Limousine fluvial': barco elétrico tem design minimalista e desliza silenciosamente por ondas agitadas; veja fotos,{'https://oglobo.globo.com/economia/tecnologia/noticia/2024/09/12/limousine-fluvial-barco-eletrico-tem-design-minimalista-e-desliza-silenciosamente-por-ondas-agitadas-veja-fotos.ghtml'},
O Globo,"Cabeça gigante, focinho redondo e boca colossal: conheça o raro Tubarão-boca-grande",{'https://oglobo.globo.com/um-so-planeta/noticia/2024/09/12/cabeca-gigante-focinho-redondo-e-boca-colossal-conheca-o-raro-tubarao-boca-grande.ghtml'}," Descobertos em 1976 na costa do Havaí, os tubarões-boca-grande (Megachasma pelagios) são considerados raros, com registros de apenas 50 indivíduos da espécie documentados em todo o mundo no intervalo de 1976 até 2010. Apesar disso, um estudo propõe que a espécie é, na verdade, mais disseminada do que se acreditava anteriormente. Em fevereiro deste ano, um exemplar foi capturado na costa da Tanzânia, na África Oriental, o que representou o sexto avistamento na costa do continente.   Estudos recentes passaram a abordar uma mudança notável na distribuição do animal pelo mundo. Com 273 registros confirmados em 16 países banhados pelos oceanos Atlântico, Índico e Pacífico, o tubarão-boca-grande parece conseguir prosperar em climas e ecossistemas diversos. Apesar do tamanho das grandes proporções — pode chegar a cinco metros de comprimento e pesar 750 quilos —, a espécie é listada como ""menos preocupante"" na Lista Vermelha da IUCN, ou seja, ele consegue driblar impactos de predação, de possível pesca ostensiva e, ainda assim, manter a espécie. Com corpo cilíndrico e robusto, o tubarão-boca-grande tem uma forma que se assemelha a um girino. Ele apresenta uma estrutura flácida e cor marrom-escura, com grande cabeça, focinho redondo, uma boca colossal que se estende até a parte de trás dos olhos. O primeiro exemplar com filhotes foi encontrado morto em uma praia das Filipinas, em dezembro de 2023, e ela tinha 5,5 metros de comprimento. Cada um dos filhotes não-nascidos foi expulso do corpo da mãe na areia, o que indica que a espécie, como a maioria dos tubarões, dá à luz a descendentes vivos, ao invés de botar ovos. O episódio na Tanzânia despertou a curiosidade dos cientistas devido ao tamanho do animal que era vendido no mercado de Chole, na Ilha de Pemba, parte do Arquipélago de Zanzibar: com 170 centímetros, ele foi considerado o menor tubarão-boca-grande já encontrado no mundo. O caso levanta a hipótese de que os animais poderiam usar a região pela segurança reprodutiva. A Tanzânia costuma pescar tubarões e arraias e consome a carne por ser um alimento relativamente barato na região. Segundo a Forbes, uma pesquisa da Wildlife Conservation Society, entre 2017 e 2023, cerca de 43 espécies de tubarões e 26 de arraias foram capturadas no país. O dado representa um aumento relevante se comparado aos resultados anteriores, o que atesta que a costa da África Oriental tem se mostrado um ponto de grande diversidade e segurança."
O Globo,Quem é o brasileiro que acionou Justiça dos EUA por 'prejuízo' de R$ 33 milhões em venda de mansão para Jeff Bezos,{'https://oglobo.globo.com/economia/negocios/noticia/2024/09/12/quem-e-o-brasileiro-que-acionou-justica-dos-eua-por-prejuizo-de-r-33-milhoes-em-venda-de-mansao-para-jeff-bezos.ghtml'}," O brasileiro que vendeu a Jeff Bezos uma mansão de US$ 79 milhões (mais de R$ 446 milhões, na cotação atual) em Indian Creek, ilha artificial de Miami conhecida como ""bunker dos bilionários"", entrou com um processo contra os corretores imobiliários responsáveis pela transação. O empresário Leo Kryss alega que os profissionais da Douglas Elliman ocultaram o fato de que o comprador da propriedade era o fundador da Amazon, um dos homens mais ricos do mundo, o que lhe teria custado até US$ 6 milhões (R$ 33 milhões) na negociação, de acordo com o jornal Wall Street Journal.   Leo Kryss ainda é considerado uma ""lenda viva"" em nichos de operadores do mercado, mas vem levando uma vida discreta com o patrimônio que formou. O empresário se mudou com a mulher e seus quadrigêmeos para Miami em 2013. Apesar da discrição de hoje em dia, Kryss já apareceu em episódios conturbados do mundo dos negócios. Kryss nasceu na Alemanha, mas, desde o fim dos anos 1950, vive no Brasil, onde o pai fundou a fabricante de eletrônicos Evadin. A companhia, assumida por Kryss na década de 1970 após a morte do patriarca, foi uma das primeiras a se instalar na Zona Franca de Manaus. A companhia montava, por exemplo, os televisores da marca Mitsubishi e os celulares da Motorola. O empresário chegou a ser premiado em Nova York como o ""Homem do Ano"" pela Câmara Americana de Comércio (Amcham), em 1996, ano em que a Evadin faturava US$ 1 bilhão, segundo reportagem do Estado de S. Paulo publicada anos atrás. Kryss também se tornaria um dos principais sócios da fabricante de brinquedos Tec Toy. Ele vendeu o controle da Tec Toy cerca de três anos antes de a empresa, que se destacou entre as pioneiras do videogame, entrar em dificuldades financeiras e pedir concordata, em 1997. Além do negócio de eletrônicos, Kryss controlava a holding financeira Grupo Tendência, que incluía gestora e banco. Nessa posição, ele se tornou um dos maiores especuladores da Bolsa brasileira nos anos 1980, travando duelo com o rival Naji Nahas. Reportagem do GLOBO de junho de 1989 descreve Kryss, então presidente do grupo Evadin, como um dos mais hábeis negociadores com operações casadas no mercado financeiro. Em um só exercício de opções, em fevereiro daquele ano, lucrou US$ 10 milhões com ações da Vale.   A venda da mansão foi divulgada em outubro do ano passado, com um ""desconto"" de 7,1% em relação ao preço de maio, que era de US$ 85 milhões. Bezos tem fortuna estimada em US$ 197,1 bilhões (mais de R$ 1 trilhão), conforme o levantamento em tempo real da Forbes. O brasileiro comprou a propriedade em 2014, por US$ 28 milhões. Em maio passado, decidiu colocá-la à venda, por US$ 85 milhões. No mês seguinte, soube que Bezos comprara a mansão ao lado, por US$ 68 milhões. Quando enfim recebeu uma oferta, Leo Kryss perguntou aos corretores se ela vinha do fundador da Amazon. Ainda segundo o WSJ, o cofundador da empresa brasileira de brinquedos e eletrônicos Tectoy alega à Justiça que o CEO da Douglas Elliman teria garantido a ele que Bezos não era o comprador interessado. De acordo com o processo, que corre num tribunal estadual da Flórida, Jay Parker telefonou pessoalmente para Kryss e disse que o potencial comprador não aceitaria pagar além de US$ 79 milhões. A venda foi conduzida por Dina Goldentayer e Danilo Tavares com a Douglas Elliman. Projetada em um estilo que “irradia glamour europeu atemporal”, a propriedade conta com aproximadamente 1.770 metros quadrados, de acordo com o anúncio, e inclui uma piscina, um teatro, uma biblioteca e uma adega. A informação de que era o vendedor da mansão era o brasileiro Leo Kryss, sócio de empresas no Brasil e que já foi um dos investidores mais agressivos do mercado financeiro no Brasil, foi revelada pela coluna Capital, do GLOBO."
O Globo,Vídeo captura bolhas de gás em superfície de estrela a 180 anos-luz da Terra,{'https://oglobo.globo.com/economia/tecnologia/noticia/2024/09/12/video-captura-bolhas-de-gas-em-superficie-de-estrela-a-180-anos-luz-da-terra.ghtml'}," Pela primeira vez, uma equipe de cientistas conseguiu registrar imagens de uma estrela com bolhas de gás borbulhante na sua superfície. Imagens do astro, chamado R Doradus, foram obtidas em julho e agosto de 2023 pelo instituto Atacama Large Millimeter/submillimeter Array (ALMA). As erupções têm 75 vezes o tamanho do Sol.   — É a primeira vez que a superfície borbulhante de uma estrela real pode ser mostrada desta forma. Nunca esperávamos que os dados fossem de tão alta qualidade que nos permitiriam ver tantos detalhes de convecção na superfície estelar — explica o professor da Universidade de Tecnologia de Chalmers (Suécia) e principal autor do estudo publicado na Nature, Wouter Vlemmings. As estrelas geram energia em seus núcleos através da fusão nuclear, que transforma elementos mais leves em mais pesados. Essa energia é transportada até a superfície por grandes bolhas de gás quente, que ao esfriar, afundam de volta ao núcleo. Esse processo é chamado de convecção e é responsável pelos ventos estelares, que carregam esses elementos para o espaço, ajudando na formação de novas estrelas e planetas. Os movimentos de convecção só tinham sido detalhados no Sol. Recentemente, usando o telescópio ALMA, cientistas conseguiram imagens detalhadas de R Doradus, uma estrela gigante vermelha localizada a cerca de 180 anos-luz da Terra, na constelação Dorado. A estrela é 350 vezes maior que o Sol e tem massa semelhante. O astro oferece uma visão do que o o Sol pode se tornar em cerca de cinco bilhões de anos, quando se transformar em uma gigante vermelha, aponta o estudo. A pesquisa foi apresentada no artigo intitulado “Escala de tempo de convecção de um mês na superfície de uma estrela gigante evoluída” que aparece na revista Nature. O Atacama Large Millimeter/submillimeter Array (ALMA), uma instalação astronômica internacional, é uma parceria entre o Observatório Europeu do Sul (ESO)"
O Globo,"Manto sagrado tupinambá: 'Líder indígena usava para sacrificar inimigo e recebia poderes de aves', afirma antropóloga",{'https://oglobo.globo.com/rio/noticia/2024/09/12/manto-sagrado-tupinamba-lider-indigena-usava-para-sacrificar-inimigo-e-recebia-poderes-de-aves-afirma-antropologa.ghtml'}," O retorno do manto sagrado ao povo tupinambá desperta diversas dúvidas sobre essa indumentária com mais de quatro séculos de existência. Culturalmente, para os tupinambás de Olivença, na Bahia, o artefato é como um ancião vivo e não apenas um objeto sagrado – capaz de conectá-los com seus ancestrais. Ao GLOBO, a dra. Mariana Françozo, professora de estudos Museológicos na Faculdade de Arqueologia de Leiden, na Holanda, explicou como a peça era usada no período colonial e por que foi parar na Europa, onde ficou em um museu na Dinamarca desde o século XVII.   Com 1,80 metro de comprimento e confeccionado com penas vermelhas de guará – única ave marinha com coloração vermelha do mundo – sobre uma base de fibra natural, o manto é uma herança dos povos originários que habitavam a costa brasileira na época do descobrimento. Mais de três séculos depois, o artefato será oficialmente apresentado, nesta quinta-feira, aos tupinambás em uma cerimônia no Museu Nacional, com a presença do presidente Luiz Inácio Lula da Silva e da ministra dos Povos Indígenas, Sonia Guajajara. Em seu livro ""De Olinda a Holanda"" (2014), fruto da tese de doutorado em Ciências Sociais, Françozo trata da circulação de objetos e saberes entre o Brasil e a Holanda no século XVII, com foco na coleção de curiosidades de João Maurício de Nassau-Siegen, que foi governador do Brasil Holandês (Pernambuco e arredores) entre 1637 e 1644.   Como o manto sagrado era usado pelos tupinambás durante o período colonial? Ele tinha uma função específica em rituais? Segundo pesquisas históricas e etnológicas, o manto era utilizado em rituais sagrados por pajés ou pelo líder indígena que iria sacrificar um inimigo capturado em guerra. Pesquisas mais recentes, como a de Glicéria Tupinambá, vem nos mostrando que os mantos também eram usados por mulheres em posições de poder na comunidade (majés). Em assembleias, por exemplo, onde decisões importantes precisavam ser tomadas através de diálogos, os indígenas se reuniam usando o manto. O que o manto de penas de guará representa para os tupinambás em termos espirituais e culturais? Ao usar o manto, os indígenas têm uma ligação viva com o sagrado, com os ancestrais, e é uma forma de entrar em contato com esta espiritualidade. Também está ligado a sua simbologia como pássaro, ou seja, quem o vestia passava a receber os poderes das aves. Você pode nos explicar sobre o processo de criação desses mantos? Como a colheita das penas era realizada? As penas eram colhidas no chão, depois de terem caído das aves em processo natural. Alguns pássaros, recebiam um processo chamado ""tapiragem"", onde certas substâncias eram esfregadas em sua pele, de onde nasciam penas com certas cores. Após a queda delas, os indígenas colhiam. As penas, então, eram introduzidas em pequenos nós numa teia de sustentação, similar as redes de pesca. Como o manto tupinambá foi parar na Dinamarca no século XVII? Foi caso de troca. João Maurício de Nassau firmou importantes alianças militares e diplomáticas com povos indígenas da região. Nas negociações, era de costume a troca de presentes diplomáticos para fechar as alianças. Nassau, então, recebeu um ou mais mantos, e certamente plumárias (cocar, adereço de braços etc) numa destas transações. No entanto, ele devolveu objetos desejados pelos indígenas, como peças de linho, chapéus feitos na Europa e armas.   Por que você acredita que o manto ficou tanto tempo na Europa antes de ser devolvido? A questão da repatriação de material indígena em museus fora do país é antiga, e foi um tabu por muito tempo. Recentemente, com importantes movimentos sociais que vem demandando atenção para os direitos culturais e reparação histórica de minorias, o tema voltou com muita força. No caso do manto, sabemos que a equipe do Museu Nacional, bem como representantes dos Tupinambá, já vinham há alguns anos conversando com o museu dinamarquês sobre o retorno. Por um lado, o incêndio no Museu Nacional em 2018 deu impulso a um movimento de solidariedade por parte de museus no mundo todo, que passaram a repensar a possibilidade de enviar coleções de volta ao Brasil. Por outro, a clara demanda política e as pesquisas do povo Tupinambá deram impulso a esta devolução. É uma mudança de mentalidades e de práticas nos museus. A devolução desse manto pode ser vista como uma reparação histórica. Qual é o impacto desse retorno para os tupinambás? Do meu ponto de vista, essa devolução é muito importante para dar atenção às demandas e aos direitos não só dos tupinambás, mas de todos os povos indígenas do Brasil. Mostra que é possível dialogar e estabelecer parcerias positivas com museus fora do Brasil: uma porta aberta. Além deste manto, há outros exemplares ainda em museus europeus. Como esses objetos foram parar lá e qual a perspectiva de trazê-los de volta ao Brasil? Os mantos foram levados para a Europa nos séculos XVI e XVII por mercadores, políticos, militares, e membros do Clero de diversos Impérios. Não há informações ainda sobre o itinerário exato de cada um dos mantos, mas sabemos que o franciscano André Thevet levou um deles para a França (hoje, está no Museu du Quai Branly, em Paris); a família de comerciantes Médici, de Florença, tinha dois mantos (agora, no museu de Florença); e sabemos do manto sagrado tupinambá e da coleção de Nassau. Sobre trazer os mantos de volta ao Brasil, isso dependerá de dois fatores igualmente importantes: os interesses e demandas das comunidades e o diálogo aberto com os museus. Na minha experiência, a maioria – se não todos – dos museus, que têm mantos em suas coleções, estão abertos para pensar em formas colaborativas de acesso aos artefatos indígenas. Quais as intenções dos indígenas ao fazê-los, trocá-los, doá-los? Foram roubados ou presentes diplomáticos? Por onde passaram? Foram transformados ao longo do tempo? Essas são algumas das perguntas que nós estamos tentando responder conjuntamente. O importante é ressaltar que essas questões demandam uma parceria com povos indígenas, com os tupinambás, para serem respondidas. Fazemos, atualmente, pesquisas em parceria, inclusive com museus.   Há muita pesquisa a ser feita junto com os tupinambás e os museus na Europa, para estudar cada manto e objeto cultural indígena. Como a preservação do território indígena está conectada à continuidade da confecção e manutenção dos mantos sagrados? O território indígena não é simplesmente um pedaço de chão onde as pessoas vivem, mas funciona como um espaço que se dá a ligação entre passado, presente e futuro. É onde tiram o sustento, se comunicam com ancestrais e como entendem o mundo através da relação com o que nós (ocidentais/brancos) sabemos da ""natureza"". Para eles, é tudo mais complexo, interligado e completo do que a nossa separação do mundo entre terra-natureza-cultura. Fazer mantos e conservar as indumentárias históricas faz parte desta ligação com os antepassados e com o sagrado, que são parte do território indígena. Coletar penas para fazer novos mantos só é possível nesta terra. Para isso, é preciso andar pelos territórios, entrar em contato com os antepassados e entender o que eles querem e pedem.   Publicado em 2018, o artigo ""Seu tesouro são penas de pássaro: arte plumária tupinambá e a imagem da América"", da professora Amy Buono, relata como os jesuítas no Brasil, ao fundarem comunidades missionárias (chamadas aldeias), adotaram a estratégia de ""acomodação"". Essa técnica incluía o uso e a observação de adornos plumários indígenas, como o manto sagrado, incorporando esses elementos rituais ao contexto cristão.   Em 1557, o padre António Blázquez narrou, em português arcaico, uma série de eventos que testemunhou entre os tupis: ""Vinhão seis molheres nuas pelo terreiro cantando a seu modo e fazendo tais gestos que parecião os mesmos diabos: dos pees até a cabeça estavão cheas de penas vermelhas; em suas cabeças trazião humas como carochas de pena amarela; em suas espaldas levavão hum braçado de penas que parecia coma de cavalo, e por alegrar a festa tangião humas frautas que tem feitas das canellas dos contrarios pera quando os hão de matar. Com estes trajos andavão ladrando como cães e contrafazendo a fala com tantos momos que não sey a que os possa comparar; todas estas invenções fazem seite ou oito dias antes de hos matar"". Segundo o artigo, as vestimentas dessas mulheres eram mantos tupis de guará-escarlate. A crônica de Blázquez, portanto, documenta o uso ritual não-cristão da arte plumária tupi durante o primeiro período colonial. Sua narrativa é também é um registro de mulheres usando mantos de penas escarlates durante rituais pós-batalha. Assim, esses mantos não podem ser associados exclusivamente a homens politicamente ou espiritualmente privilegiados, como os estudiosos geralmente supõem. Ao GLOBO, Glicéria Tupinambá disse que o manto era usado antes dos rituais antropofágicos e nos conselhos Okará, uma assembleia de escuta onde se reuniam líderes tupinambás, como majés, pajés e caciques, para debater questões da comunidade.   — O manto era usado antes dos rituais antropofágicos e nos conselhos Okará. Trata-se de uma oca no centro da aldeia, onde ocorria a escuta dos sonho, e os tupinambás eram muito estrategistas. Na ocasião, todos usavam o manto, assim como as mulheres que ficavam na escuta — conta Glicéria. Já o o historiador e educador patrimonial, André Moura, explicou que existe uma relação com o sagrado por ser uma vestimenta religiosa de ""alto status"", usada pelos líderes religiosos tupinambás. Moura ainda acrescentou que nem todos os tupinambás praticavam a antropofagia, pois, sendo um povo que se expandiu do interior ao litoral, havia variações culturais. — O manto tem essa relação com o sagrado, porque era de uso religioso. A indumentária mais elevada dos líderes religiosos tupinambás. No entanto, nem todos os tupinambás praticavam a antropofagia. São um povo, que saindo do interior, dominaram do litoral sul ao nordeste do Brasil e, por isso, há variação cultural — explica o historiador, em entrevista ao GLOBO. *Sob supervisão de Daniel Biasetto"
O Globo,Taylor Swift: conheça mansão de R$ 96 milhões onde artista organiza festas milionárias,{'https://oglobo.globo.com/ela/noticia/2024/09/12/taylor-swift-conheca-mansao-de-r-96-milhoes-onde-artista-organiza-festas-milionarias.ghtml'}," Com 34 anos, Taylor Swift pode afirmar que é uma das celebridades musicais mais bem-sucedidas da última década. E, na verdade, esse sucesso pode ser atribuído a uma trajetória ainda mais longa. Uma carreira de sucesso que também se reflete nos investimentos de Swift, que possui várias propriedades nos Estados Unidos e na Europa.   Atualmente, uma das casas de Taylor Swift se destaca das demais, sendo a propriedade situada em Watch Hill, em Rhode Island, Estados Unidos, pela qual a cantora desembolsou pouco mais de US$ 17 milhões (R$ 96 milhões) em 2013. O que há de especial na mansão? As festas realizadas no local, que funcionam como uma espécie de salão de eventos para Taylor Swift, onde ela organiza celebrações com muito glamour e extravagância. Construída em 1904 e passando por diversas reformas em sua estrutura, a casa é uma mansão com uma vista imponente para o oceano. Além disso, conta com algo em torno de 1100 metros quadrados, oito quartos e 11 banheiros. Cozinha, adega, lavanderia, garagem para cinco carros, bar, solário e uma ampla cozinha são algumas das comodidades da propriedade, que também é construída com materiais de luxo. E, claro, a piscina não poderia faltar em uma mansão desse tipo, que está situada em amplas áreas verdes e em frente a um grande terraço."
O Globo,Influenciadora decide remover preenchimento labial para recuperar sensação de um 'beijo natural',{'https://oglobo.globo.com/ela/gente/noticia/2024/09/12/influenciadora-decide-remover-preenchimento-labial-para-recuperar-sensacao-de-um-beijo-natural.ghtml'}," A influenciadora Wanessa Moura revelou que passou por uma transformação marcante: optou por remover todo o preenchimento labial que havia feito. Para a criadora de conteúdo, a decisão foi motivada por uma busca por autenticidade e uma reconexão com sua verdadeira essência. ""Eu queria me olhar no espelho e ver a Wanessa real, sem filtros, sem artifícios. Estava cansada de tentar me encaixar em um padrão que, no fundo, não era meu"", explicou.   Além disso, Wanessa compartilhou que um dos motivos mais pessoais para a remoção do preenchimento foi o desejo de recuperar a sensação de um ""beijo natural"". Ela afirmou que sentia que havia perdido parte da sensibilidade nos lábios, o que impactava momentos de intimidade. ""Eu me sentia um pouco sem sensibilidade nos lábios, e isso começou a me incomodar. Sentia falta de sentir o beijo natural, aquele contato que eu já não tinha mais. Isso foi uma das coisas que me fizeram querer voltar ao meu estado natural"", relatou. Wanessa não escondeu a sua frustração com o preenchimento. ""O fato é que pedi uma coisa e me deparei com outra. Esperei uma semana para o produto se acomodar, como o médico havia dito, e nada. Esperei duas semanas, e simplesmente vi que estava horrível. Simulei um beijo e não parecia macio, sabe? Fiquei agoniada e decidi tirar tudo. Eu fiz isso em Mumbai, até porque minha boca sempre foi perfeita naturalmente, e o que fiz só estragou tudo. Isso me deixou chateada"", confessou. Com a experiência, Wanessa começou a refletir sobre os procedimentos estéticos e como eles podem afetar a identidade. ""É preciso muito cuidado para não perder a essência e a identidade com esses procedimentos malucos. No meu caso, percebi que estava me afastando de quem eu realmente sou"", desabafou. Wanessa conta que, aos poucos, percebeu que o caminho que estava trilhando com as intervenções estéticas já não representava quem ela queria ser. ""Eu comecei a questionar o motivo de tudo isso. Será que eu estava me transformando para mim ou para agradar os outros? Foi aí que percebi que menos é mais, e que a minha verdadeira beleza está no meu natural"", revelou. A decisão de remover os preenchimentos, não foi fácil, mas, segundo ela, foi extremamente libertadora. ""Eu pensei bastante antes de tomar essa decisão. É um processo doloroso e demorado, mas agora me sinto livre. Não sou contra os procedimentos, mas percebi que eles não são mais para mim."" Wanessa já vê reflexos positivos dessa nova fase. ""Me sinto mais leve, mais confiante. Antes, eu achava que precisava de tantas coisas para ser bonita, mas hoje sei que a beleza está em ser verdadeira, em abraçar quem você realmente é"", declara."
O Globo,"Ilha de Páscoa não teve 'suicídio ecológico' por superpopulação, mostra estudo",{'https://oglobo.globo.com/mundo/epoca/noticia/2024/09/12/ilha-de-pascoa-nao-teve-suicidio-ecologico-por-superpopulacao-mostra-estudo.ghtml'}," Dois estudos recentes questionam a teoria de que a população da Ilha de Páscoa teria colapsado no século XVII devido à superexploração dos recursos, hipótese que tem sido frequentemente apresentada como um dos primeiros ""ecocídios"" da história.   A Ilha de Páscoa, localizada no Pacífico, a 3.700 km da costa chilena, é mundialmente famosa pelas estátuas monumentais esculpidas pelos rapanui, os enigmáticos ""moais"". Uma hipótese conhecida, baseada principalmente em dados paleoambientais, sustenta que os rapanui teriam desmatado a ilha, que se sabe estava coberta por palmeiras, para manter uma cultura florescente e uma população de aproximadamente 15.000 indivíduos em seu auge. A escassez de recursos teria causado um período de fome e guerra, chegando até mesmo ao canibalismo, resultando em um colapso demográfico e cultural que pôs fim à escultura das estátuas no início do século XVII. Quando os europeus chegaram em 1722, estimaram que a população da ilha era de apenas 3.000 pessoas. Com essa narrativa de um ""suicídio ecológico"", também chamado de ""ecocídio"", a história dos rapanui ""tem sido apresentada como um aviso contra a superexploração dos recursos pela humanidade"", lembram os autores de um estudo publicado nesta quarta-feira, 11, na revista Nature. Esta equipe internacional de especialistas em genética de populações buscou rastros desse colapso utilizando o HapNe-LD, uma ferramenta estatística avançada que permite reconstruir a história demográfica de uma população com base na estrutura genética de indivíduos vivos ou de seus predecessores. Analisaram o genoma de 15 rapanui que viveram entre 1670 e 1950 e não encontraram nenhum sinal genético do suposto colapso, como uma queda repentina na diversidade genética. ""Nossa análise genética mostra uma população em crescimento estável desde o século XIII até o contato com os europeus no século XVIII. Essa estabilidade é crucial, pois contradiz diretamente a ideia de um colapso dramático antes da chegada dos europeus"", explica Bárbara Sousa da Mota, principal autora e pesquisadora da Faculdade de Biologia e Medicina da Universidade de Lausanne. O estudo, realizado em estreita colaboração com a comunidade rapanui, também revelou contatos entre a população da ilha e os indígenas americanos antes da chegada de Cristóvão Colombo ao continente, outro ponto controverso na história dos povos polinésios.   Esses resultados corroboram os publicados em junho passado na Science Advances por uma equipe que adotou uma abordagem muito diferente. O fato de que ambos os estudos chegam a conclusões semelhantes ""mostra a importância de abordar uma mesma questão científica a partir de diferentes disciplinas"", aponta Sousa da Mota à AFP. Esses cientistas mapearam os ""jardins de pedra"" da ilha, uma técnica agrícola que consiste em misturar pedras com o solo para enriquecê-lo com nutrientes e preservar a umidade. Utilizando imagens de satélite de alta resolução em infravermelho de onda curta (SWIR) e desenvolvendo modelos de aprendizado de máquina para analisá-las, puderam reavaliar a área ocupada por esses jardins de pedra. Essas superfícies agrícolas, que anteriormente se acreditava que cobriam entre 4,3 e 21,1 km², teriam ocupado na verdade apenas 0,76 km² dos 164 km² da Ilha de Páscoa. Trabalhos anteriores permitiram calcular o rendimento dessas terras, onde se cultivavam batatas-doces, essenciais para a alimentação dos rapanui, e deduzir o tamanho máximo da população que poderiam ter sustentado. Os novos dados sugerem que a população nunca teria superado 4.000 pessoas, e não as 17.000 estimadas anteriormente. ""Quando qualificamos toda uma cultura como exemplo de más decisões, ou como aviso do que não se deve fazer, devemos ter certeza de que estamos certos. Caso contrário, perpetuamos estereótipos que têm profundas consequências para as populações"", observa Dylan Davis, pesquisador em clima, biologia e paleoambiente da Universidade de Columbia e coautor do estudo, à AFP. ""Neste caso, os rapanui conseguiram sobreviver em um dos lugares mais isolados do planeta, e o fizeram de maneira bastante sustentável até o contato com os europeus. Isso sugere que podemos aprender com eles como gerenciar recursos limitados"", destaca."
O Globo,Conheça os tipos de influenciadores e saiba como eles geram receitas por meio de polêmicas na internet,{'https://oglobo.globo.com/ela/noticia/2024/09/12/conheca-os-tipos-de-influenciadores-e-saiba-como-eles-geram-receitas-por-meio-de-polemicas-na-internet.ghtml'}," Nos últimos anos, o universo digital deu origem a uma nova era de influenciadores que sabem como transformar polêmicas em lucro. Cacau Oliver, jornalista, pós-graduado em branding e especialista em marketing para celebridades, explica: ""A polêmica é uma ferramenta poderosa para influenciadores que querem se manter relevantes no cenário digital.""   Com mais de 20 anos de experiência no mercado de famosos, Cacau destaca que controvérsias não apenas aumentam o engajamento, como também atraem novos seguidores e geram oportunidades lucrativas de monetização. Entre os diferentes tipos de influenciadores, estão as personalidades da mídia, como apresentadores de TV e ex-modelos, que migraram para as redes sociais em busca de novas fontes de receita. ""Muitos desses influenciadores descobriram que a polêmica é uma maneira eficaz de atrair atenção"", comenta Cacau.   Com cerca de 1 milhão de seguidores, essas figuras conseguem faturar entre R$ 20.000 e R$ 100.000 por mês, seja com postagens patrocinadas, venda de produtos ou participações em eventos. Ex-participantes de realities, como ""Big Brother"" e ""A Fazenda"", também sabem muito bem como usar a controvérsia a seu favor. ""Eles continuam alimentando brigas públicas e réplicas nas redes sociais para se manterem em destaque"", afirma Cacau. Isso garante relevância contínua e abre portas para campanhas publicitárias e eventos lucrativos, com ganhos que variam de R$ 50.000 a R$ 200.000 por mês.   Os influenciadores políticos também utilizam polêmicas para se destacar. ""Debates acirrados atraem públicos polarizados, e quanto mais intenso o debate, mais atenção eles conseguem"", explica Cacau. Esses influenciadores podem faturar entre R$ 10.000 e R$ 100.000 por mês, mediante doações, venda de produtos ideológicos ou parcerias com marcas alinhadas às suas visões políticas. Criadores de conteúdo de entretenimento e cultura pop sabem lucrar com a controvérsia. Com cerca de 500.000 seguidores, esses influenciadores podem faturar entre R$ 10.000 e R$ 50.000 por mês, por meio de vídeos, posts patrocinados e colaborações.   Por outro lado, as influenciadoras que criam conteúdo adulto aproveitam o Instagram para atrair assinantes para plataformas pagas como OnlyFans. ""Essas criadoras utilizam a controvérsia sobre liberdade sexual para expandir suas bases de assinantes"", diz Cacau. Elas podem faturar entre R$ 30.000 e R$ 150.000 por mês, dependendo do número de seguidores e assinantes.   Em resumo, Cacau Oliver reforça: ""As polêmicas criam um interesse imediato. O público quer ver o que está acontecendo, e as marcas seguem o público. Quem domina a arte da controvérsia, domina as redes e o mercado."""
O Globo,Governo avalia usar R$ 9 bi de ‘saldo’ em conta de bandeiras tarifárias para evitar aumento na conta de luz,{'https://oglobo.globo.com/economia/noticia/2024/09/12/governo-avalia-usar-r-9-bi-de-saldo-em-conta-de-bandeiras-tarifarias-para-evitar-aumento-na-conta-de-luz.ghtml'}," O governo Lula avalia usar um saldo de R$ 9 bilhões disponível numa conta setorial para evitar o aumento de tarifas de energia elétrica nos próximos meses, que pode ser causada pela seca histórica que atinge o país.   Por conta da menor previsão de chuvas e baixa dos reservatórios das hidrelétricas, o governo está acionado mais termelétricas — especialmente nos horários de pico de demanda — para garantir a segurança do sistema elétrico nacional. Normalmente, termelétricas têm um custo mais alto, o que pesa nas contas de luz. Por isso, o Ministério de Minas e Energia avalia que avalia usar R$ 9 bilhões disponíveis na chamada Conta Bandeira para cobrir o custo das termelétricas. Essa conta centraliza os recursos arrecadados das bandeiras tarifárias, arrecadada na conta de luz nos períodos de seca. Segundo técnicos do Ministério de Minas e Energia, a medida será adotada se a estação chuvosa demorar, ou não for suficiente para encher os reservatórios. A conta centraliza receitas e despesas das bandeiras. O saldo da Conta Bandeira poderá ajudar nas despesas decorrentes do despacho de energia produzido pelas térmicas para atender a demanda. O objetivo, disse um integrante do governo, é evitar onerar ainda mais o orçamento das famílias com o acionamento da bandeira de escassez hídrica. A bandeira amarela na conta de energia é o primeiro estágio de alerta do sistema. Quando as condições de geração da energia estão com custos ainda mais altos, as bandeiras vermelhas (patamar 1 e 2) são acionadas, o que gera um aumento maior para o consumidor. A bandeira de escassez hídrica é mais cara. Neste mês, está em vigor a bandeira vermelha 1, que significa um acréscimo de R$ 4,463 a cada 100 quilowatt-hora consumidos.   O MME está monitorando de perto a situação dos reservatórios para se antecipar à adoção de medidas e evitar problemas, como falta de água ou racionamento. O Sudeste e Centro-Oeste enfrentaram, nos últimos três meses, a pior seca de toda a série histórica. Os reservatórios das duas regiões respondem por 70% do armazenamento do país. O cenário é considerado preocupante, mas ainda melhor se comparado a 2021, quando houve uma crise hídrica, disse um técnico da pasta. Na ocasião, os reservatórios estavam com 21% da capacidade. Hoje, estão com capacidade em torno de 55%. Além disso, o saldo Conta Bandeira é superavitário. Em 2021, era deficitário.   Desde março, o governo vem adotando medidas para segurar a água nos reservatórios, reduzindo a vazão de hidrelétricas. Isso foi feito em Jupiá e Porto Primavera, nas regiões Centro-Oeste e Sudeste, o que resultou em uma reserva extra de 11% no volume de água. Em julho, foi a vez de Tucuruí (Pará), que já elevou o reservatório em 5%. No mês passado, a decisão foi de segurar mais água no reservatório auxiliar de Belo Monte, também no Pará. Na região Norte, a Eletrobras informou que a hidrelétrica de Santo Antônio paralisou as unidades geradoras localizadas na margem esquerda e no leito do rio, que atingiram os limites operacionais em função das baixas vazões no Rio Madeira. Nesta semana, a Companhia Hidrelétrica do São Francisco (Chesf), subsidiária da Eletrobras, reduziu a vazão de saída nos reservatórios das usinas hidrelétricas Sobradinho e Xingó. A medida cumpre uma determinação do Operador Nacional do Sistema Elétrico (ONS)."
O Globo,Entenda por que governo estuda a volta do horário de verão,{'https://oglobo.globo.com/economia/noticia/2024/09/12/entenda-por-que-governo-estuda-a-volta-do-horario-de-verao.ghtml'}," Nesta quarta-feira, o ministro de Minas e Energia, Alexandre Silveira, disse que o governo avalia implementar a volta do horário de verão como uma medida para reduzir os impactos da atual crise hídrica sobre o setor elétrico.   Presente na vida dos brasileiros durante décadas, que durante um período do ano adiantavam os relógios em uma hora, o horário de verão foi abolido, em 2019, pelo ex-presidente Jair Bolsonaro. O governo, na época, justificou que a medida não resultava em economia de energia no horário de pico. Esse mecanismo prevê o máximo de aproveitamento da luz solar. Dentro do MME, dois fatores principais explicam esse assunto voltar à tona. O primeiro deles é tratar o horário diferenciado como alternativa na mesa para poupar recursos do sistema elétrico e garantir o fornecimento de energia. O governo já ampliou autorizações para o funcionamento de usinas termelétricas a gás, o que causou aumento da bandeira da conta de luz. Silveira argumenta que volta do horário de verão pode ajudar a reduzir a demanda de energia ao final da tarde, um momento crítico no sistema elétrico porque há redução de fontes intermitentes (eólica e solar), quando se precisar acionar mais termelétricas e gerar mais energia com hidrelétricas. A lógica é se usar mais a luz solar e poupar energia. Estudos técnicos feitos pelo governo, porém, já demonstraram que têm um efeito desprezível sobre o consumo por conta da dinâmica das empresas e das famílias. Não inibe, por exemplo, o uso de ar-condicionado. E as lâmpadas, que antes eram um fator de preocupação, hoje são mais eficientes.   Dentro do governo, porém, a avaliação é de que, caso o cenário se agrave, não se poderia desprezar nenhum recurso — e nem o ministério ser acusado de não tomar medidas contra a crise. Outro fator que explica a volta da discussão é um pleito antigo do setor de turismo e de bares e restaurantes, que sempre viram no horário de verão uma forma de consumo extra para seus estabelecimentos.   Por conta dessas questões, a volta do horário de verão será decidida não apenas pelo MME, mas principalmente pelo Palácio do Planalto. No ano passado, o governo do presidente Luiz Inácio Lula da Silva chegou a cogitar a volta desse mecanismo. Porém, além da maior oferta de energia eólica e solar no país, os técnicos avaliaram que, apesar de baixos, os níveis dos reservatórios hídricos estavam adequados."
O Globo,"Oito em cada dez profissionais que pedem seguro-desemprego têm ensino médio, aponta estudo",{'https://oglobo.globo.com/economia/noticia/2024/09/12/oito-em-cada-dez-profissionais-que-pedem-seguro-desemprego-tem-ensino-medio-aponta-estudo.ghtml'}," O perfil de quem solicita seguro-desemprego tem passado por mudanças. A principal delas é o grau de instrução desses profissionais. Cerca de oito em cada dez pedidos foram feitos por pessoas que tinham no mínimo o ensino médio completo. Esse grupo representava menos da metade das solicitações há 13 anos.   Um levantamento da LCA Consultores, com base em dados do Ministério do Trabalho e Emprego (MTE), conduzido pelo economista Bruno Imaizumi, apontou que, em 2011, 51,3% dos profissionais que solicitaram o benefício tinham até o ensino médio incompleto. Já outros 48,7% tinham concluído pelo menos essa etapa da formação escolar. Uma situação bem diferente da constatada em julho deste ano, em que 76,4% das solicitações foram feitas por pessoas que tinham pelo menos a última etapa da educação básica.   Segundo o estudo, o aumento nos números de pedidos de seguro por pessoas mais escolarizadas reflete “mudanças que ocorreram na demografia e no mercado de trabalho brasileiro na última década”, com a população acumulando mais anos de estudo. Outro fator é que o mercado de trabalho está aquecido, e os profissionais mais qualificados conseguem novos empregos mais facilmente. — Em um momento de aquecimento do mercado de trabalho, é claro que o trabalhador mais escolarizado tem mais chances de se recolocar. Como se importa menos em perder o trabalho, ele geralmente procura acordos para deixar a empresa — afirma o professor de economia da Fundação Getulio Vargas (FGV) Renan Pieri.     Outro fator analisado pelo levantamento foi a faixa etária dos solicitantes. Cerca de 32% dos pedidos foram feitos por profissionais com 40 anos ou mais. Já o grupo na faixa de 18 a 24 anos, respondeu com cerca de 18%. Pieri afirma que as projeções são de estabilidade em relação aos números de pedidos de seguro-desemprego para o próximo ano. — Em tese, o mercado de trabalho deve atingir um platô de geração de vagas. E deve se manter no mesmo nível de solicitações do seguro — opina."
O Globo,"Com Gerson e Fabrício Bruno, Flamengo pretende utilizar força máxima em decisão contra o Bahia",{'https://oglobo.globo.com/esportes/futebol/flamengo/noticia/2024/09/12/com-gerson-e-fabricio-bruno-flamengo-pretende-utilizar-forca-maxima-em-decisao-contra-o-bahia.ghtml'}," Seguindo a orientação da diretoria de não priorizar nenhuma competição e brigar pelo título nas três em que o Flamengo ainda está vivo (Copa do Brasil, Libertadores e Campeonato Brasileiro), o técnico Tite escalará o time com força máxima para o duelo decisivo de hoje, às 21h45, no Maracanã, contra o Bahia, pelas quartas de final do mata-mata nacional. Assim, Gerson e Fabrício Bruno foram relacionados e devem ser titulares no confronto. Eles se reapresentaram ontem e treinaram normalmente com o restante do elenco no CT do Ninho do Urubu após servirem a seleção brasileira na derrota por 1 a 0 para o Paraguai, na terça-feira — o meia atuou por 11 minutos. Além disso, há a expectativa de que Tite possa utilizar o lateral-direito Varela, que foi titular e atuou por 90 minutos no empate do Uruguai contra a Venezuela, na terça-feira, e Pulgar, que também esteve em campo nos 90 minutos na derrota do Chile para a Bolívia em Santiago. Ao contrário da dupla brasileira, os dois não treinaram com o grupo ontem, já que desembarcaram no Rio de Janeiro no final da tarde, quando as atividades no Ninho do Urubu já haviam terminado. Ainda assim, Varela e Pulgar serão avaliados pela comissão técnica e, caso tenham condição de jogo, também serão escalados pelo treinador. Dessa maneira, a única ausência pontual será o meia De La Cruz. Ainda em recuperação da lesão que sofreu na coxa direita no jogo de ida das quartas de final contra o Bahia, em Salvador, o uruguaio não treinou no campo ao longo da semana e não foi relacionado para o confronto. Por outro lado, Tite terá os retornos de Léo Pereira e Arrascaeta ao time titular. O zagueiro está recuperado de lesão sofrida no joelho esquerdo, enquanto o meio-campista está 100% após contusão muscular na coxa esquerda. Gabigol, que se recuperou de lesão na coxa direita, também está à disposição do treinador mas deve ser opção no banco de reservas. Isto porque Tite deve optar por seguir com Bruno Henrique no comando do ataque rubro-negro. Foi do camisa 27, inclusive, o gol que deu a vantagem do empate ao Flamengo no jogo de hoje no Maracanã, já que o time venceu por 1 a 0 na Arena Fonte Nova. Se o Bahia vencer pelo mesmo placar, a disputa irá para os pênaltis."
O Globo,Washington DC: um roteiro pela monumental capital dos EUA às vésperas das eleições,{'https://oglobo.globo.com/boa-viagem/especial/washington-dc-um-roteiro-pela-monumental-capital-dos-eua-as-vesperas-das-eleicoes.ghtml'}," Com a proximidade de mais uma eleição presidencial nos Estados Unidos, os holofotes de todo o mundo se voltam para Washington DC. Seus imponentes prédios neoclássicos, estátuas de heróis nacionais e memoriais que podem ser vistos a quilômetros de distância servem de pano de fundo para os embates cada vez mais quentes de democratas e republicanos. Mas para quem visita esta capital monumental, o que encanta mesmo são os detalhes.   Os desenhos que cobrem o teto da maior biblioteca do mundo, as caricaturas de presidentes marcadas na parede de um restaurante, o pôr do sol de frente para o rio ou o tempero de um chili preparado pela mesma família há décadas são dessas coisas que até poderiam passar despercebidas numa visita “padrão” pela cidade. Mas que, quando combinadas com monumentos, parques e museus, deixam a capital federal americana mais interessante. Os detalhes de Washington encantam, mas a melhor maneira de começar a explorar a cidade é pelo macro. E o lugar onde se tem o panorama mais amplo possível é no National Mall, uma combinação de prédios públicos, centros culturais, museus, monumentos, parques e jardins que ocupa uma área equivalente a 405 campos de futebol no coração da cidade. Praticamente no meio do eixo central do National Mall, um retângulo que se estende por 23 quarteirões, está o Washington Monument, o famoso obelisco de 169 metros de altura, visível de diversos pontos da cidade. Para subir até o topo, basta reservar um bilhete pela internet, a US$ 1 (recreation.gov), ou retirar de graça, no dia, sujeito à lotação. Lá do alto, é possível mapear a região e identificar os principais pontos de interesse. A oeste, o Lincoln Memorial e o espelho d’água Reflecting Pool. A leste, o Capitólio, a Biblioteca do Congresso e uma seleção de museus imperdíveis. Ao sul, o lago artificial Tidal Basin e o Thomas Jefferson Memorial. E ao norte, a Casa Branca, endereço dos sonhos de Kamala Harris e Donald Trump.   Não importa a direção que se tome ao descer, em algum momento o visitante se vê subindo as escadas do Lincoln Memorial para ver de perto a famosa estátua do 16º presidente dos Estados Unidos. Parte do monumento está em obras de melhorias, que devem estar concluídas em 2026, quando o país comemorará os 250 anos de sua independência. Apesar dos tapumes, é possível encontrar, no penúltimo degrau, a inscrição “I have a dream”, marcando o local exato de onde Martin Luther King Jr. proferiu seu mais famoso discurso, em 28 de agosto de 1963, durante a Marcha para Washington. O ativista, símbolo dos movimentos pelos direitos civis, também tem um monumento para chamar de seu. Representando uma de suas frases memoráveis (“Da montanha de desespero, surge uma pedra de esperança”), o Martin Luther King Jr. Memorial fica de frente para a Tidal Basin, numa das áreas das famosas cerejeiras presenteadas pelo Japão e que colorem de rosa clarinho o parque por alguns dias na primavera. Em contraste com o pacifismo de Dr. King, o National Mall tem uma grande quantidade de memoriais para lembrar a participação dos EUA em diversos conflitos militares ao longo do século XX. Não faltam estátuas, monumentos e paredes repletas de nomes para lembrar os soldados e oficiais mortos em combates da Primeira Guerra Mundial ao Vietnã. Em breve, um novo memorial, dedicado à Guera ao Terror, nos primeiros anos deste século, deve ganhar um espaço na região. Do lado oposto ao Lincoln Memorial está o Capitólio. E longe dos manifestantes violentos de 6 de janeiro de 2021, é possível visitar este símbolo do poder na maior paz. A entrada também é gratuita, e é recomendável agendas pelo visitthecapitol.gov. O tour, de 45 minutos, passa por alguns salões históricos do prédio, como as antigas câmaras do Senado e dos deputados, e pela Rotunda, o espaço sob a cúpula de 88m de altura e 29m de diâmetro. Nas paredes, pinturas de John Trumbull contam a história da Revolução Americana. E, no teto, o afresco “A apoteose de Washington”, do greco-italiano Constantino Brumidi, mostra os “pais fundadores” sendo recebidos no Olimpo por deuses greco-romanos. Um túnel leva do Centro de Visitantes do Capitólio à Biblioteca do Congresso (loc.gov/visit, entrada grátis). Reserve ao menos uma hora para este programa, porque certamente gastará longos minutos apenas observando a beleza do hall central do edifício Thomas Jefferson. As colunas, escadas, estátuas de bronze, vitrais e pinturas nos tetos, representando as artes e as ciências, remetem à opulência da “Era Dourada” americana, na virada do século XIX para o XX. O título de maior biblioteca do mundo se justifica pelos mais de 164 milhões de itens guardados ali, entre livros, fotos, documentos, gravações, mapas, obras de arte. Uma pequena fração desse acervo está exposto em galerias ou no próprio salão principal, como é o caso de uma das únicas três Bíblias originais de Gutenberg e o primeiro mapa-múndi a mostrar o continente americano. Impactante também é a Main Reading Room, a sala de leitura principal da biblioteca, mais um espaço redondo sob uma cúpula de deixar os arquitetos do Panteão de Roma orgulhosos. Com paredes ricamente decoradas por pinturas, esculturas e outros elementos, o salão tem um conjunto de de estátuas representando gênios das artes e ciências, como Beethoven, Heródoto, Platão e Shakespeare. Para visitar, há uma pequena fila, e o tempo lá dentro é curto, de não mais de dez minutos. O silêncio é obrigatório porque, afinal de contas, essa beleza ainda funciona como uma biblioteca de verdade.   Pode-se dizer que Washington está para o turismo cultural como Orlando está para os aficionados por parques temáticos. Com uma pequena diferença: no Distrito de Colúmbia, as maiores emoções são de graça. Não se paga nada para entrar nos principais museus da cidade, quase todos sob o guarda-chuva do Smithsonian Institution, uma organização que administra uma série de atrativos culturais, entre eles 11 museus que ficam no National Mall ou nos arredores. O mais recente deles é também um dos imperdíveis desta lista. Aberto em 2016, o National Museum of African American History and Culture leva o visitante a uma viagem por seis séculos, da África dos 1400, antes do início da escravização transatlântica, até a eleição de Barack Obama. Combinando interatividade e objetos históricos, a exposição permanente se espalha por seis andares abordando temas como os métodos de trabalhos nos latifúndios do Sul do país, a participação dos negros nas guerras de Independência e Secessão, o período da segregação racial, os movimentos pelos direitos civis e a presença na vida cultural dos Estados Unidos e, por que não dizer, do mundo. Entre os demais museus, há opções para todo tipo de viajante. Famílias com crianças não devem deixar passar os fósseis e reproduções de animais do National Museum of Natural History, e os tesouros da corrida espacial (como o módulo de comando da Apollo 11) do National Air & Space Museum. Os amantes das artes poderão gastar dias inteiros nas galerias na National Gallery of Art (e seu espaço para esculturas, ao ar livre), na National Portrait Gallery (só de retratos de pessoas) e no Hirshhorn Museum (dedicado à arte contemporânea, e que terá uma exposição dos brasileiros Osgemeos de 29 deste mês a 25 de agosto de 2025). Já o National Museum of American History tem um amplo recorte da história do país, exibindo tanto uma das primeiras representações do Tio Sam quanto os sapatinhos de cristal de Dorothy, de “O mágico de Oz”.   A poucos metros da Casa Branca (que em setembro abrirá uma nova experiência em seu centro de visitantes), o Willard InterContinental Washington, ou apenas The Willard, é o hotel mais antigo da capital. Vizinho do poder desde 1818, quando surgiu a partir de um combinado de casas, ele já recebeu uma lista interminável de chefes de Estado e representantes de governos internacionais, e até presidentes eleitos às vésperas da posse. Foi assim, por exemplo, com Abraham Lincoln, que passou dez dias no Willard antes de se mudar para seu último endereço, na mesma Pennsylvania Avenue. Depois de muitos altos e baixos, o cinco estrelas Willard continua em atividade, preservando um estilo clássico e um serviço cinco estrelas. Mesmo quem não está hospedado ali pode viver um pouco desse clima tomando um drinque no classudo The Round Robin Bar, apelidado de “Salão Oval dos bares”, ou pedindo panquecas no café da manhã do Café du Parc. Ou apenas apreciando o lobby, onde, reza a lenda, teria nascido o termo “lobista”, em referência aos políticos e empresários que viviam por ali em conversas nem sempre republicanas. Poucos metros dali está outra testemunha ocular da História. Em funcionamento desde 1856, o Old Ebbit Grill é tido como o mais antigo restaurante da capital. A decoração requintada pode enganar, mas seu status de atração turística popular fez dele um ambiente bem relaxado para o almoço ou o jantar. Para quem quiser se aventurar além do cardápio tipicamente americano, há boas opções de frutos do mar, especialmente envolvendo caranguejo e ostras. Um lugar historicamente frequentado por gente influente é o The Palm, restaurante nas proximidades do agitado Dupont Circle que oferece cortes de carne de boa qualidade, generosos pratos italianos e uma longa carta de vinhos. O tom sóbrio e elegante do salão, no entanto, é quebrado pelas paredes, cobertas por incontáveis caricaturas de políticos, artistas, jornalistas que já comeram por lá. Num canto específico há uma galeria de desenhos de todos os presidentes (e suas respectivas primeiras-damas) desde 1972, quando o restaurante abriu as portas. Estão lá, sorridentes e lado a lado, Donald Trump e Kamala Harris, representando a disputa de momento.   Nem só de restaurantes “históricos” vive a região central de Washington. Dominada por prédios de órgãos governamentais, empresas de todo tipo e apartamentos de alto padrão, a área é rica em opções gastronômicas das mais variadas influências. Um bom lugar para matar a fome e a curiosidade é a 7th Street, especialmente na região de Penn Quarter-Chinatown. Ali é possível encontrar casas que refletem a confluência de culturas de que Washington tanto se orgulha. Um exemplo é o China Chilcano by José Andrés, um dos oito restaurantes do chef-celebridade espanhol na cidade. A casa combina a culinária tradicional peruana com referências gastronômicas da China e do Japão, com um resultado instigante e saboroso. Por baixo da 7th Street passam duas linhas do bom sistema metroviário de Washington. Uma delas, a Green Line, leva o viajante direto para uma das instituições gastronômicas da cidade. Descendo na estação U Street, uma das primeiras coisas que se vê é o sobrado colorido que abriga, desde 1958, o Ben’s Chili Bowl. O lugar até hoje é administrado pela família dos fundadores, Ben e Virginia Ali. Os herdeiros preservam as receitas originais do half smoke, a salsicha meio bovina, meio suína, servida com pão e chili, que se tornou um prato-símbolo de DC. É possível também pedir o chili sozinho, acompanhado de arroz, ou sobre uma porção generosa de batatas fritas. O salão, com ares dos anos 1960, é decorado com fotos de celebridades que já bateram ponto ali. Mas nenhuma com tanta popularidade quanto o casal Obama. Barack e Michele, aliás, são as estrelas do mural que cobre a lateral do prédio, ao lado de outras figuras de destaque da comunidade negra americana. Depois de provar as delícias da família Ali, aproveite para fazer a digestão caminhando pela U Street e arredores. A região, conhecida também como Black Broadway de DC, tem uma forte ligação com comunidade negra desde o fim da Guerra Civil, na década de 1860. Até hoje tem uma vida noturna animada, herança das casas de show e bares que viveram seu auge no começo do século XX.   Quando Washington foi fundada, em 1790, o que hoje é o bairro de Georgetown já existia há quatro décadas e até 1871 permaneceu independente da capital. Por esse histórico, e pelo cenário, composto por casarões e sobrados de ricos comerciantes e produtores de tabaco (produzido nas Virgínias, no outro lado do Rio Potomac), Georgetown parece até outra cidade, e faz do lugar um passeio imperdível. Suas ruas tranquilas e arborizadas são ótimas para caminhar sem muita pressa. A agitação praticamente se resume a duas ruas: Main Street e Winsconsin Avenue, que concentram boa parte das lojas, cafés e restaurantes, como o Martin’s Tavern. Frequentado por políticos há gerações, é especialmente conhecido por ter sido o lugar onde o então jovem John Kennedy, um ex-aluno da Georgetown University, pediu Jackie (então Bouvier, futuramente Onassis) em casamento na mesa número 3 — é claro que há uma placa identificando o local exato. Há, aliás, todo um roteiro específico baseado no casal mais popular da política americana, já que a família manteve residência no bairro até pouco tempo depois do assassinato de JFK. Georgetown tem também um agradável parque às margens do Potomac, onde fica um dos pontos do Water Taxi, um barco turístico que conecta o bairro a The Wharf, uma área revitalizada ao redor do mercado de peixe mais antigo da cidade, fundado em 1805. Nos últimos dez anos, a região passou por uma profunda transformação, ganhando prédios modernos que abrigam hotéis e condomínios sofisticados, restaurantes de todo tipo, marinas de luxo, uma popular casa de espetáculos e um píer para atividades náuticas. Mas a grande graça é caminhar pelo calçadão no fim da tarde, de preferência num fim de semana, e ver o sol se pondo no outro lado do rio, quando todo resto vira detalhe. Eduardo Maia viajou a convite do Destination DC"
O Globo,'Silvio': cinebiografia de Silvio Santos faz retrato limitado de um homem singular,{'https://oglobo.globo.com/rioshow/cinema/guia/silvio-cinebiografia-de-silvio-santos-faz-retrato-limitado-de-um-homem-singular.ghtml'}," Marcelo Antunez concentra a ação de seu filme nos momentos em que Silvio Santos (Rodrigo Faro) foi mantido refém, dentro de sua própria casa, por Fernando Dutra Pinto (Johnnas Oliva). Esse embate é desenvolvido num roteiro (de Anderson Almeida) voltado para a transmissão de mensagens evidentes ao espectador. A primeira: os opostos podem ser mais próximos do que parecem. A segunda: não há nada mais importante do que a família.   Ao não abordar Silvio e Fernando como, respectivamente, herói e vilão, o roteiro escapa do maniqueísmo. Mas não se distancia de uma certa fórmula ao defender a ideia de que os dois personagens são lados contrários de uma única moeda. Ambos surgem como figuras equivalentes, pelo menos numa fase de suas vidas. Fernando é um jovem de origem humilde — como Silvio foi no passado. Não tiveram, porém, o mesmo futuro. Já a questão da família ganha destaque através das falhas de Silvio, que se sente culpado por não ter priorizado o convívio com a esposa, Cidinha (Marjorie Gerardi), em especial durante a doença dela, e pelo afastamento da filha, Cintia (Ana Paula Lopez). Fernando, por sua vez, entra em crise nos instantes em que sua família é mencionada. Além do roteiro esquemático, as sequências de flashback têm concepção estética artificial e a utilização da trilha sonora (de Xuxa Levy) é excessiva. Os atores principais sustentam o conflito — Faro evita a caricatura fácil e Oliva imprime credibilidade ao atormentado personagem —, mas não chegam a salvar esse filme sobre Silvio Santos, homem singular que morreu recentemente. Bonequinho dorme."
O Globo,"'O bastardo': ator de 'Hannibal' protagoniza épico histórico em sua língua nativa, o dinamarquês",{'https://oglobo.globo.com/rioshow/cinema/guia/o-bastardo-ator-de-hannibal-protagoniza-epico-historico-em-sua-lingua-nativa-o-dinamarques.ghtml'}," Quem conhece o trabalho de Mads Mikkelsen apenas pela série “Hannibal” vai ter a oportunidade de vê-lo atuando em sua língua nativa, o dinamarquês, em “O bastardo”. Aqui, ele é o protagonista de um épico histórico passado no século XVIII e representa Ludwig Kahlen, um oficial pobre — filho ilegítimo de um nobre com uma serviçal, e portanto bastardo — que sonha ganhar posses e prestígio fazendo vingar a agricultura em terrenos considerados inférteis na Jutlândia. O filme o retrata como um explorador corajoso e incansável em sua luta por transformar o solo, tornar habitável uma área desertificada, e assim almejar um título de nobreza.   Como todos consideram sua empreitada uma loucura, ele só conseguirá renegados para compor sua equipe. Esse primeiro trecho de instalação no solo e consolidação do time são os momentos mais cativantes, rendendo bonitas paisagens e singelas interações entre Kahlen, a governanta Ann Barbara e a criança cigana Anmais Mus. As interações com a nobreza, no entanto, deixam a desejar em termos de caracterização: o antagonista Schinkel, que quer tomar para si as áreas que Kahlen planta, é pintado com tintas excessivas de vilão malvado, inclusive com trejeitos de moleque mimado da vida moderna, que destoam da atmosfera realista do resto do filme. À medida que vai chegando ao final, “O bastardo” vai progressivamente deixando de ser um épico. Abandona as questões de terra e plantio, e vai aos poucos se tornando um romance sentimental água com açúcar que compromete a harmonia da tessitura narrativa. Bonequinho olha."
O Globo,"'Silvio', 'Não fale o mal', 'Meu amigo pinguim' e mais: as estreias e os filmes em cartaz",{'https://oglobo.globo.com/rioshow/cinema/guia/silvio-nao-fale-o-mal-meu-amigo-pinguim-e-mais-as-estreias-e-os-filmes-em-cartaz.ghtml'},"       Neste épico histórico passado no século XVIII, Mads Mikkelsen, de ""Hannibal"", é Ludwig Kahlen, um oficial pobre que sonha ganhar posses e prestígio fazendo vingar a agricultura em terrenos considerados inférteis. Direção de Nikolaj Arcel.   Coprodução entre Chile, Brasil e Argentina, a comédia policial dirigida por Martin Duplaquet é inspirada no caso real de um ex-bancário chileno que formou a gangue de assaltos a banco mais notória da história do país, roubando 20 agências ao longo de seis anos em deixar vestígios e sem violência, graças ao seu conhecimento das falhas do sistema. Quando é finalmente preso, um ano depois, ele realiza uma fuga espetacular.   Baseada no best-seller de Michael Morpurgo, a animação conta a história de um garoto que embarca com a família em uma viagem ao redor do mundo. Em meio a uma tempestade, ele é jogado ao mar e acaba em uma ilha remota no Pacífico, onde luta para sobreviver sozinho, até que conhece um sábio mestre japonês, o único habitante dali. Direção de Neil Boyle e Kirk Hendry.   Inspirada em uma história real passada no Brasil, a produção americana dirigida pelo catarinense David Schurmann narra a amizade entre o pescador João (interpretado pelo ator francês Jean Reno, de “O profissional”), que se afastou do mundo após uma tragédia, e um pinguim resgatado por ele após um vazamento de óleo.   No dia seguinte à sua festa de 17 anos, na cobertura de um condomínio nobre, Virgínia é encontrada morta. A tragédia abala as vidas de sua mãe e de amigos, que precisam lidar com a culpa e o luto. Caroline Fioratti dirige o suspense com Maria Luisa Mendonça, Bella Piero e Caco Ciocler no elenco.   James McAvoy estrela esta refilmagem do aclamado thriller dinamarquês de 2022. Uma família americana é convidada para passar um fim de semana na idílica casa de campo de uma charmosa família britânica, que eles conheceram nas férias. O feriado dos sonhos se transforma em um pesadelo psicológico, quando os anfitriões revelam uma maldade sobrenatural. Direção de James Watkins.   No documentário animado em stop-motion, vencedor do Prêmio do Júri no Festival de Annecy (o Oscar da animação), o diretor Alain Ughetto conta a história de seus avós. Imigrantes italianos, eles deixam o norte do país no início do século XX e atravessam os Alpes para começar uma vida nova na França, em busca de uma vida melhor.   Rodrigo Faro é Silvio Santos nesta cinebiografia que tem como eixo central o momento em que o apresentador foi mantido refém dentro de sua própria casa. Direção de Marcelo Antunez. Bonequinho dorme.   Inspirado um caso real que mobilizou a Bélgica no fim dos anos 1990, o drama francês de Joachim Lafosse é estrelado por Daniel Auteuil e Emmanuelle Devos, que têm recebido elogios por suas atuações. Na trama, ele é um renomado advogado que representa um caso de grande repercussão envolvendo crianças, e ela, sua esposa, vítima de um relacionamento abusivo. A fachada de um casamento perfeito começa a ruir quando um segredo do passado vem à tona.   Gravado durante a Semana de Moda de Paris na La Seine Musicale, o filme-concerto apresenta os sucessos dos 30 anos de carreira do cantor, como “My boo” e “Love in this club”, com figurinos inéditos e efeitos especiais e de iluminação.   'A força de George Lucas'. Conhecido principalmente por ser a mente criativa de Star Wars, o cineasta americano George Lucas ganha uma mostra no Estação Net Botafogo para marcar seus 80 anos. De quarta (18) a 25 de setembro, ela exibe os seis filmes da saga — começando por “Star Wars — Uma nova esperança” (1977) na quarta-feira, às 21h — e outros títulos dirigidos ou produzidos por ele junto a diretores como Francis Ford Coppola e Akira Kurosawa. R$ 16.     No 9º filme da saga de terror e ficção científica criada por Ridley Scott, com “Alien, o 8º passageiro” (1979), um grupo de jovens colonizadores espaciais se depara com uma forma de vida aterrorizante enquanto exploram uma estação espacial abandonada. Com Cailee Spaeny, de “Guerra civil” (2024). Direção do uruguaio Fede Alvarez. Bonequinho olha: leia a crítica.   Escrito e dirigido por M. Night Shyamalan, de “O sexto sentido” (1999), o longa acompanha pai e filha que vão juntos ao show de uma diva pop. O estádio, no entanto, acaba virando uma arena de caça, quando a polícia começa a procurar um conhecido assassino em série que está lá dentro. Com Josh Hartnett.   Catherine Deneuve interpreta a ex-primeira dama da França Bernadette Chirac nesta cinebiografia muitas vezes narrada em tom de sátira. Direção da estreante Léa Doménach. Bonequinho olha: leia a crítica.   Escrito e dirigido por Emílio Domingos, o documentário joga luz sobre o movimento dos bailes dos anos 1970, que espalhou pelos subúrbios cariocas a soul music e os princípios do orgulho negro. Quem conduz o longa é Asfilófio de Oliveira Filho, o Dom Filó, ativista negro e um dos fundadores da equipe de som Soul Grand Prix.   Dirigido por Juliana Rojas, o filme apresenta duas histórias que tratam da opposição entre campo e cidade. Com Fernanda Vianna, Andrea Marquee, Mirella Façanha e Bruna Linzmeyer. No último Festival de Gramado, levou os Kikitos de atriz (Fernanda) e Júri da Crítica. Bonequinho aplaude: leia a crítica.   A animação de Ross Venokur (diretor de “Encantados”) conta a história de um piloto iniciante que conta com a ajuda de um veterano para participar de uma competição.   O mutante Wolverine (Hugh Jackman) se recupera de alguns ferimentos quando cruza com o tagarela Deadpool (Ryan Reynolds). Juntos, eles formam uma improvável aliança e enfrentam um inimigo em comum. Direção de Shawn Levy, de “Uma noite no museu” e “Doze é demais”. Bonequinho aplaude: leia a crítica.   Bia Lessa, que já havia adaptado “Grande sertão: veredas” para o teatro, leva o clássico de Guimarães Rosa para as telonas, em filme todo gravado dentro de um galpão. No elenco, Caio Blat, Luiza Lemmertz, Luisa Arraes e Leonardo Miggiorin. Bonequinho aplaude de pé: leia a crítica.   Agora adolescente, Riley enfrenta os desafios do amadurecimento enquanto lida com as suas emoções e conhece novas, como a Ansiedade (dublada por Tatá Werneck), Vergonha, Inveja e Tédio. A sequência da animação da Disney, que levou o Oscar em 2016, estreou arrecadando mais de US$ 155 milhões em seus três primeiros dias.   Baseado no best-seller de Colleen Hoover, traz Blake Lively (nas telonas em “Deadpool & Wolverine”) como Lily, uma mulher que, em meio a problemas no casamento, reencontra o primeiro amor da sua vida, o que a instiga a repensar o seu atual relacionamento. Dirigido por Justin Baldoni, que integra o elenco de “Jane the virgin”.   Nesta sequência, que chega ao mundo 17 anos depois de ""Estômago"", vemos a chegada à cadeia brasileira de Dom Caroglio (Nicola Siri) e seu bando, sem saber o que levou à sua prisão. Ao longo do filme, com flashbacks italianos, vamos entendendo. Direção de Marcos Jorge. Bonequinho dorme: leia a crítica.   Trinta e cinco anos depois do primeiro filme, um clássico pop, Tim Burton volta a dirigir a história do fantasma Beetlejuice, interpretado por Michael Keaton. Quem também está de volta ao elenco é Winona Ryder, que vive Lydia, agora adulta e mãe da jovem Astrid (Jenna Ortega, da série “Wandinha”), que acaba reabrindo o portal para a vida após a morte trazendo de volta Beetlejuice, que cria uma série de confusões.   Neste documentário, é a própria Fernanda Young (1970-2019) que vemos e ouvimos — em participações na TV, curtas-metragens, ensaios fotográficos, performances e vídeos caseiros, em poemas e trechos de nove de seus 15 livros e em diálogos escritos por ela e pelo seu marido, o também roteirista Alexandre Machado. Direção de Susanna Lira. Bonequinho aplaude: leia a crítica.   Inspirado em romance infantil de 1955, os personagens desenhados saem do livro para se tornarem gente de carne e osso. Harold, que era um menino de 4 anos, se torna um adulto meio abobalhado (interpretado por Zachary Levi, que viveu o super-herói “Shazam”). Direção do brasileiro Carlos Saldanha, de ""A era do gelo"" e ""Rio"". Bonequinho olha: leia a crítica.   Nesta nova aventura do investigador paranormal baseada na HQ de Mike Mignola (que disse que esta é a melhor adaptação de sua obra até agora), Hellboy (Jack Kesy) se perde na Cordilheira dos Apalaches, nos EUA, com um agente novato, e acaba indo parar em comunidade dominada por bruxas e liderada por um demônio, que tem ligação com seu passado.   Meio filme de terror, meio suspense, o longa é um dos mais esperados do ano pela turma fã dos sustos. Um dos motivos do buzz é Nicolas Cage, que interpreta o vilão do título. Na trama, uma agente do FBI (Maika Monroe) tenta desvendar crimes cometidos há décadas por um serial killer e acaba descobrindo uma conexão pessoal com o caso. A direção é Osgood Perkins (filho de Anthony Perkins, ator de “Psicose”), que disse ter se inspirado em “O silêncio dos inocentes”.   O ator e youtuber Luccas Netto embarca numa aventura para salvar a irmã, Gi, das mãos de uma cientista-vilã que pretende trazer os dinossauros de volta à vida. Direção de Leandro Neri.   Diante da falta de perspectiva em Jaguaribara, onde morava Teresa (Ana Luiza Rios), ela encontra um bebê e inventa uma família. Antônio (Matheus Nachtergaele) adere a essa possibilidade de pertencimento afetivo. Bonequinho olha: leia a crítica.   Durante a ditadura militar, a mãe de uma jovem presa cria um improvável vínculo com um soldado. Com Valentina Herszage, Shico Menegat e Georgette Fadel. Direção de Lúcia Murat, de “Quase dois irmãos” (2004). Bonequinho olha: leia a crítica.   Gru, Lucy, Margo, Edith e Agnes cuidam do recém-nascido Gru Jr., quando uma investida dos vilões Maxime Le Mal e sua namorada, Valentina, os força a fugir de casa. Roteiro de Ken Daurio e Mike White, da premiada série da HBO “The White Lotus”.   Exibido em Cannes, o novo filme de Karim Aïnouz, de “Madame Satã” (2002) e “A vida invisível” (2019), se passa em um motel de beira de estrada. Lá, um homem busca esconderijo, depois de tentar cometer um crime, e acaba se apaixonando por uma mulher casada. Com Fábio Assunção, Nataly Rocha e Iago Xavier. Bonequinho aplaude: leia a crítica.   O longa de Lucas H. Rossi dos Santos apresenta um panorama da vida e da carreira de Grande Otelo (1915-1993). No último Festival do Rio, o resultado conquistou o troféu de melhor documentário. Bonequinho aplaude: leia a crítica.   No filme que marca a estreia da atriz Zoë Kravitz na direção, Channing Tatum é Slater King, um bilionário que convida a garçonete Frida (Naomi Ackie) a ir para sua ilha particular, onde ela passa a questionar sua própria sanidade.   Baseado na série de livros “Princesas modernas”, de Paula Pimenta, que também já deu origem ao filme “Cinderela pop” (2021), a aventura romântica é faz uma releitura de Bela Adormecida. Com Pietra Quintela e participação de Maísa. Direção de Claudio Boeckel.   Vencedor do Globo de Ouro italiano de melhor filme, o longa é baseado na história real de uma criança judia de 7 anos que, depois de ter sido batizada em segredo pela babá, foi retirada à força de casa e obrigada a receber uma educação católica. Bonequinho aplaude de pé: leia a crítica.   Depois do premiado “Pobres criaturas” (2023), Emma Stone e Willem Dafoe repetem a parceria com o diretor grego Yorgos Lanthimos. No longa, três histórias se entrelaçam. Na primeira, um homem enfrenta o peso da lealdade e do destino; na segunda, um casal vive situação macabra; na terceira, uma mulher cumpre missão para uma seita. Bonequinho aplaude: leia a crítica.   Moradora do subúrbio do Rio, Graça (Rodrigo Sant’anna) ganha uma indenização inesperada e leva os filhos para um feriadão em Araruama. Lá, reencontra um antigo amor. Com participação de Gracyanne Barbosa e direção de César Rodrigues (de ""Minha mãe é uma peça 2"").   Em uma pequena cidade no norte da Inglaterra, a comunidade costuma se reunir em um pub de propriedade de TJ Ballantyne (Dave Turner), um homem divorciado e silencioso. A rotina da cidade muda quando refugiados sírios são enviados para viver lá, e aí se começa a definir quem fica ""de cada lado"". Bonequinho aplaude: leia a crítica.   Após a precoce morte do marido, François (Tom Sturridge), a viúva Barbe-Nicole Ponsardin (Haley Bennett) decide permanecer à frente do vinhedo de ambos. Direção de Thomas Napper. Bonequinho olha: leia a crítica.   Gloria e Cleo Pires são, pela primeira vez, mãe e filha em um história de ficção. A comédia infantojunvenil de Bruno Barreto conta a história de uma avó que recebe os netos em seu sítio para um final de semana, quando a casa é assaltada.   Animação brasileira de Mariana Caltabiano. A abelha Zuzu precisa enfrentar uma bruxa que ameaça o reino encantado onde tudo é feito de comida."
O Globo,"Série 'Pra sempre Paquitas' aborda 'abusos morais, gordofobia e falta de diversidade', diz Ana Paula Guimarães, a Catuxa",{'https://oglobo.globo.com/cultura/noticia/2024/09/12/serie-pra-sempre-paquitas-aborda-abusos-morais-gordofobia-e-falta-de-diversidade-diz-ana-paula-guimaraes-a-catuxa.ghtml'}," A atriz e apresentadora Andrea Veiga teve a sensação de que fazia aniversário na noite da última terça-feira (9). E não deixava de ser. Há 40 anos, ela apareceu na TV como a primeira paquita da Xuxa — e é justamente a história dela e de outras tantas que foi celebrada naquela noite, com a pré-estreia da série documental “Pra sempre paquitas”, no catálogo do Globoplay a partir da próxima segunda-feira (16).   Assistentes da apresentadora, as paquitas foram um “produto” artístico independente de Xuxa e um dos símbolos midiáticos mais fortes dos anos 1980 e 1990, com suas roupas de “soldadinho de chumbo”, um pedido da apresentadora. As meninas gravaram discos, estrelaram filmes (“Sonho de verão” foi um dos maiores sucessos do cinema no início dos anos 1990), lotaram shows e definiram um ideal estético hoje bastante discutido à luz da diversidade brasileira. — No início, éramos crianças que estávamos ali no palco ajudando a Xuxa — disse Andrea ao GLOBO antes da pré-estreia. — Depois, o negócio foi virando uma profissão.   Tatiana Maranhão, a Paquitita — que idealizou a série juntamente com Ana Paula Guimarães, a Catuxa —, também viveu a transição da era da inocência para, digamos, maturidade. — Entrei no final de 1987 porque queria estar ao lado da Xuxa e daquela nave naquele universo — disse Tatiana, no posto até 1990. — De repente, em 1989, nós cantamos “É tão bom” no aniversário de três anos do “Xou da Xuxa”, uma chave virou. Ganhamos protagonismo. Nos cinco episódios da série, de uma hora de duração cada, a ideia é justamente contar como elas cresceram, apareceram e se profissionalizaram. E ajudar a levantar diversos debates. Foram ouvidas, ao todo, 27 das 29 paquitas que trabalharam com Xuxa de 1984 a 2002. — A série passa pelos abusos morais, pela gordofobia, pela falta de diversidade. São assuntos muito importantes de falar — disse Ana Paula Guimarães, no palco de 1987 a 1989.   Desde a estreia da apresentadora no “Clube da criança”, na TV Manchete, em 1984, até 2002, ser branca, loura e magra era o resumo das características inegociáveis para ocupar o posto de paquita. “Nós éramos a branquitude brasileira”, diz Lana Rhodes, da fase 2000, num dos episódios, ao ressaltar a falta de representatividade do elenco. No programa “Altas horas” do último sábado (7), em homenagem à produção do Globoplay, esse assunto foi trazido à tona pela cantora Negra Li. “Quis muito ser paquita, mas não tinha como, porque eu não era branca, não era loira”, disse ela. Estas diretrizes não somente impactaram sonhos de meninas do Brasil inteiro, como tinham efeitos naquelas que conseguiram entrar no exclusivíssimo círculo. Marlene Mattos, empresária de Xuxa e diretora dos programas de TV, costumava dizer, segundo relatos, que “ninguém era insubstituível”, o que, para elas, alimentava um clima de pressão e competição nas meninas em formação. Ainda no doc, Tatiana Maranhão conta casos de gordofobia, enquanto Stephanie Lourenço aborda homofobia.   Xuxa tem noção de que poderia ter ajudado as garotas do palco e as que sonhavam estar nele e, no “Alta horas”, demonstrou isso. Pediu desculpas por nunca ter efetivado Adriana Bombom como paquita, apesar de a assistente ter trabalhado como tal. “Me arrependo de não ter pisado forte e ter dito que eu queria uma Bombom como paquita. Me desculpa”, disse no programa de Serginho Groisman. Mas, na pré-estreia da série, Xuxa mencionou ao GLOBO as pressões a que era submetida também. — Para fazer diferente com elas, eu teria que fazer diferente comigo também — disse. — Deixei que as pessoas mandassem e comandassem muito a minha vida. E, junto comigo, estavam elas, as paquitas. Teria que ter tido um olhar mais atencioso comigo, ter buscado uma força maior, que só aconteceu depois que Sasha nasceu, para chegar e dizer: “Não faça isso com elas.” Nenhuma mágoa, no entanto, parece ter sobrado. — O que a gente sofreu, a Xuxa sofreu em dobro, ao quadrado — disse Ana Paula. — Os momentos duros eram nos bastidores. Ali, sim, aconteceram algumas coisas que não eram nada agradáveis, e a gente engoliu aqueles sapos. Erros e acertos à parte, Xuxa sabe que seu estrondoso sucesso foi viabilizado por causa da dedicação das meninas. As da primeira geração (Andrea Veiga, Louise Wischermann, Ana Paula Guimarães e Andréa Faria) contam que, no início da carreira da artista, vendiam camisetas nos estádios dos shows e enchiam bolas para compor os mambembes cenários. — Não existiria Xuxa sem paquitas. Estou num lugar bacana, sem dúvida nenhuma, por causa delas — disse Xuxa. — Uma vez, eu estava desfilando, e uma pessoa subiu na passarela para me agarrar. Essa aqui (Andrea Veiga) foi para cima (risos).   Das 29 paquitas, apenas duas não quiseram dar depoimentos para a série: Vanessa Melo e Diane Dantas, ambas da época “New generation”, entre 1995 e 1999. —Elas não têm nem rede social — diz Tatiana Maranhão. — Mas temos uma relação muito legal. Mandamos mensagem para elas, que foram superamorosas. Desejaram toda a sorte do mundo, só não querem mais a exposição. A expectativa dos fãs era se Andréa Faria, a Sorvetão, participaria da produção, já que ela e Xuxa se afastaram por causa de posicionamentos políticos divergentes. — Foi uma linda participação (de Andréa)— disse Xuxa. Ana Paula Guimarães complementou: —A série documental é sobre esse personagem que Xuxa criou e nós estamos humanizando. Não é sobre uma pessoa, sobre a Ana Paula, sobre a Tatiana. Nem sobre Luciana Vendramini, a mais famosa “não paquita” do Brasil. Mas ela teve um espaço considerável no primeiro episódio, principalmente porque a produção quis esclarecer que a atriz não pertenceu ao elenco. Ela apenas fez testes no “Xou da Xuxa” para ocupar o posto de Catuxa, que, na época, ficou com Ana Paula Guimarães. “Pra sempre paquitas” mostra como o fato de Luciana ter posado nua para uma revista masculina em 1987 — usando, na capa, a roupa característica do grupo — ajudou a incutir, no imaginário popular, uma imagem sexualizada das meninas. Luciana não quis dar depoimento para a série. Além do ineditismo dos depoimentos de “Pra sempre paquitas”, a trilha sonora tem uma composição completamente nova, interpretada por Andrea Veiga, Tatiana Maranhão, Andressa Cruz e Lana Rhones. A canção, que leva o nome da série, foi feita pelo cantor e ator Junno Andrade, companheiro de Xuxa, e tem os versos “fecha os olhos e deixa aquele tempo voltar/ dinda, dindinha, fada madrinha”. — Para fazer a música, a gente tentou imaginar, entrar mesmo na memória afetiva (das paquitas)— disse Junno, que também esteve na pré-estreia. — O que podia se passar na cabeça daquelas meninas de 10, 11 e 12 anos? Acho que elas viam um mundo encantado."
O Globo,'Pra sempre Paquitas': veja o antes e depois das assistentes de palco de Xuxa,{'https://oglobo.globo.com/cultura/noticia/2024/09/12/pra-sempre-paquitas-veja-o-antes-e-depois-das-assistentes-de-palco-de-xuxa.ghtml'}," Na série documental ""Pra sempre Paquitas"", que estreia na segunda-feira (16), no Globoplay, o público vai reencontrar diversas assistentes de palco de Xuxa que fizeram parte da infância de milhões de brasileiros nos anos 1980 e 1990. Algumas delas, como Letícia Spiller e Barbara Borges, seguiram a carreira artística na frente das câmeras, mas outras acabaram levando uma vida fora dos holofotes.   Confira como estão algumas delas na galeria abaixo."
O Globo,"Tão Longe, Tão Perto: bar de vinhos naturais na torneira tem 'terroir' de valor; leia a crítica",{'https://oglobo.globo.com/rioshow/gastronomia/guia/tao-longe-tao-perto-bar-de-vinhos-naturais-na-torneira-tem-terroir-de-valor-leia-a-critica.ghtml'}," A ideia é boa: um bar só de vinhos naturais. Mais: feitos por pequenos produtores brasileiros. Último gole: servidos em torneiras. Bem-vindos ao admirável mundo novo de vinhos dessa que é a terceira filial do Tão Longe, Tão Perto, um wine bar de nome curioso, mas de “terroir” de valor. Nasceu na pandemia, ideia da sommelière paulista Gabi Monteleone, que criou um grupo de apreciadores de vinhos naturais, passou a entregar exemplares em casa e a conduzir degustações on-line. Em tempos difíceis, aproximou produtores e consumidores. Daí o nome.   Tão Longe, Tão Perto acabou ganhando espaço físico: a primeira loja abriu em São Paulo, depois em Vila Nova de Gaia, Portugal, e, não faz muito, chegou ao Rio. É uma parceria com a turma do Sult, o restaurante vizinho do chef Nelson Soares. Não por acaso, o bar fica a dois imóveis do restaurante italiano, na mesma Rua Fernandes Guimarães, em Botafogo. Mas as cozinhas não conversam. As taças também não. É cada um no seu quadrado. São seis torneiras, que podem encher taças bem servidas (entre R$ 20 e R$ 25, os laranjas) ou growlers (que correspondem a garrafas de 750ml), que são dispostos nas mesas (média de R$ 120) ou, por R$ 40, se leva para casa para reposição a qualquer hora. São dois vinhos laranjas, um rosé, um branco e dois tintos (merlot, cabernet, sauvignon blanc, sangiovese, malvasia). Mas a carta lista apenas duas vinícolas de naturais, a Faccin e a Don Dionysius. Temos bem mais. Provei o feito com lorena, a primeira uva fina 100% brasileira, criação da Embrapa. Para comer, beliscos artesanais e nacionais. A tábua de queijos com quatro variedades sem conservantes trouxe ararita (pecorino), maratimba (ovelha e vaca), avecuia (camembert) e o orobó (Minas): R$ 115, com pão da Slow Bakery. De charcutaria, a terrine de campagne perfeita da marca carioca Cochon Rouge (R$ 69) e os embutidos do Porco Alado, de Friburgo (R$ 96). Recomendo a mortadela de cordeiro.   Servem a linha A.Mar, defumados, salgas e conservas do mar feitos com técnicas nativas de Ilhabela: provei as ostras curadas (R$ 72) e a conserva de lula, alga kombu e shiitake (R$ 78). O espaço é pequeno, tem mesinhas, sofá, balcão e cadeiras na calçada. Lembra um empório de bons insumos, onde se bebe umas taças ouvindo boa música. Ou uma parada técnica providencial para se provar um natural nacional até a fila andar no Sult. Cotação: três garfinhos (bom)   Tão Longe, Tão Perto. Rua Fernandes Guimarães 93, Botafogo. De seg a sáb, das 17 à meia-noite; dom das 17h às 22h."
O Globo,"Rock in Rio, MPB4, Diogo Nogueira com Orquestra Ouro Preto e mais: os shows da semana",{'https://oglobo.globo.com/rioshow/shows-e-concertos/guia/rock-in-rio-mpb4-diogo-nogueira-com-orquestra-ouro-preto-e-mais-os-shows-da-semana.ghtml'}," O principal festival de música do país (e um dos maiores do planeta) volta a agitar a cidade a partir desta sexta-feira (13). Cariocas e turistas já estão na contagem regressiva para ocupar a Cidade do Rock na 40ª edição do Rock in Rio, que traz atrações de diversos gêneros musicais, como Travis Scott (13) e Imagine Dragons (14). Alguns dias já estão esgotados, mas a turma dos roqueiros está com sorte: ainda há ingressos para o domingo (15), que conta com shows de Avenged Sevenfold, Evanescence, Journey, Deep Purple e Os Paralamas do Sucesso, entre outros (R$ 795).   Fora da Cidade do Rock, diversos outros shows agitam o Rio de Janeiro esta semana, entre os dias 12 e 18 de setembro. Entre eles, MPB4 no Teatro Rival Petrobras, Orquestra Ouro Preto com Diogo Nogueira na Praça Mauá (de graça) e Conterrâneos no Circo Voador. Veja abaixo um roteiro com mais detalhes e opções de shows para curtir na cidade:   Cecile McLorin Salvant. Uma das grandes vozes do jazz contemporâneo, a cantora americana vencedora de três Grammys, passeia por versões de clássicos do gênero e músicas autorais. Blue Note, Copacabana. Qui e sex, às 20h e às 22h30. De R$ 140 (1º lote) a R$ 420 (5º lote). 18 anos. Assinante O GLOBO tem 30% de desconto. Edson Cordeiro. Com o pianista Paulo Braga, o cantor presenta o show “Cantor”, que passeia por sua carreira e homenageia Bibi Ferreira. Teatro Rival Petrobras, Cinelândia. Qui, às 19h30. De R$ 80 a R$ 90, com 1kg de alimento. 18 anos. Assinante O GLOBO tem 50% de desconto. Festival Plural Instrumental. Termina o braço carioca da 1ª edição do evento. Bebê Kramer e Lívia Mattos (20h30) e Arismar do Espírito Santo e Ana Karina Sebastião (22h). Dolores Club, Centro. Qui, a partir das 19h30. Grátis. Moyseis Marques. O músico faz show de lançamento do disco “Na matriz”, com sambas, forrós, ijexás e capoeiras. Teatro Ecovilla Rihappy, Jardim Botânico. Qui, às 20h. R$ 90. Livre. Assinante O GLOBO tem 50% de desconto. Naomi Kumamoto. A flautista japonesa mistura música clássica com choro em “20 anos de Brasil”. Com ela, Luciana Rabello, Mauricio Carrilho e Paulo Aragão, Rui Alvim, Magno Júlio, Pedro Amorim, Leandro Braga, Denize Rodrigues e Diego Terra. Casa do Choro, Centro. Qui, às 19h. R$ 60. Assinante O GLOBO tem 50% de desconto. Orquestra Sinfônica Jovem do RJ. O violoncelista Matias de Oliveira Pinto é o solista da noite, que tem regência de Felipe Prazeres. No programa, Efraim Osher, Edward Elgar e Piazzolla. Sala Cecília Meireles, Lapa. Qui, às 19h. R$ 20.   Conterrâneos. O grupo de forró pé de serra celebra dez anos, com participação de Anastacia, Marcelo Mimoso, Natascha Falcão e Carlos Caxaça (Forróçacana). Abertura: Bloco do Caramuela. Encerramento: Trio Nordestino. Circo Voador, Lapa. Sex, às 20h. R$ 50 (1º lote, com 1kg de alimento). 18 anos. Assinante O GLOBO tem 50% de desconto. Festival Memória do Cavaquinho Brasileiro. Terceira edição do evento, que ainda tem exposição e conversas. Sex: Monique Buquê e Marco de Pinna (19h). Dom: sarau com Pedro Cantalice e convidados (11h). Centro da Música Carioca Artur da Távola, Tijuca. R$ 30. Livre. Leiden. A cantora cubana-mexicana traz ao Brasil sua “Tour Destino”, mistura de poesia com jazz, R&B e pop. Participação de Simone Mazzer e Rodrigo Maranhão. Manouche. Casa Camolese, Jockey. Sex, às 21h. R$ 70 (com 1kg de alimento). Orquestra Imperial. Com Moreno Veloso, Nina Becker, Emanuelle Araújo e Matheus VK nos vocais, o grupo apresenta “Donato imperial”, show com sucessos de João Donato. Participação de Donatinho, filho do homenageado. Teatro Rival Petrobras, Cinelândia. Sex, às 20h30. De R$ 39,60 a R$ 75 (com 1kg de alimento). 18 anos. Assinante O GLOBO tem 50% de desconto. Orquestra Petrobras Sinfônica. Sob regência de Carlos Prazeres, a Opes interpreta a obra de Belchior, autor de “Sujeito de sorte” e “Apenas um rapaz latino-americano”. Sala Cecília Meireles, Lapa. Sex, às 19h. Sáb, às 16h. R$ 40.   Barrenechea. O duo de flauta e piano celebra 35 anos de carreira com obras de Camargo Guarnieri, Eldin Burton e mais. Casa Museu Eva Klabin, Lagoa. Sáb, às 17h. Grátis. Livre. George Israel. O músico faz show com os repertórios de Cazuza e Kid Abelha. Blue Note, Copacabana. Sáb, às 22h30. De R$ 60 a R$ 150. 18 anos. Assinante O GLOBO tem 30% de desconto. Grazie Wirtti e Leandro Braga. O duo apresenta o show “Canções praieiras de Dorival Caymmi” na série “Sessão da tarde musical”, uma homenagem aos 110 anos de nascimento do baiano. Teatro Adolpho Bloch, Glória. Sáb, às 16h. R$ 90. Livre. Assinante O GLOBO tem 50% de desconto. MPB4. O quarteto apresenta o show “60 anos de MPB”, com participação de Alice Passos (sáb) e Carlos Malta (dom). Teatro Rival Petrobras, Cinelândia. Sáb, às 19h30. Dom, às 18h30. De R$ 80 a R$ 90 (com 1kg de alimento). 18 anos. Assinante O GLOBO tem 50% de desconto. Orquestra Ouro Preto. O conjunto recebe Diogo Nogueira para uma noite que mistura clássicos do samba e da MPB. No repertório, “Madalena” (Ivan Lins), “Corra e olhe o céu” (Cartola), “Força estranha” (Caetano Veloso) e “Trem das onze” (Adoniran Barbosa). Praça Mauá. Sáb, às 18h. Grátis. Livre. Orquestra Sinfônica Brasileira. Um conjunto de músicos da OSB interpreta “A história do soldado”, de Stravinsky. Cidade das Artes, Barra. Sáb, às 19h. Dom, às 11h (Concertos para a juventude). Sáb: de R$ 40 a R$ 50. Dom: de R$ 10 a R$ 20. Rogerio Skylab. O músico lança “Trilogia do fim”, com participação de Cadú Tenório, Leandro Braga e Lois Lancaster. Abertura: Lion Heart. Circo Voador, Lapa. Sáb, às 20h. R$ 70 (2º lote, com 1kg de alimento). 18 anos. Assinante O GLOBO tem 50% de desconto. The Dave Matthews Band Cover. O grupo celebra o repertório da banda americana, com sucessos dos anos 1990. Blue Note, Copacabana. Sáb, às 20h. De R$ 60 a R$ 150. 18 anos. Assinante O GLOBO tem 30% de desconto.   Liz Rosa. A cantora presta homenagem a Elis Regina com o repertório do show “Transversal do tempo” (1978), de “Fascinação” a “Nada será como antes”. Blue Note, Copacabana. Dom, às 19h. De R$ 60 a R$ 150. 18 anos. Assinante O GLOBO tem 30% de desconto.   Bee Gees Alive. O grupo presta tributo ao trio dos irmãos Gibbs com seus maiores sucessos, como “Stayin’ alive”. Teatro Riachuelo, Centro. Ter e qua, às 20h. De R$ 140 a R$ 240. 12 anos. Assinante O GLOBO tem 50% de desconto. 'Candlelight'. O projeto que promove apresentações à luz de velas promove o concerto “Clássicos do Rock, de Queen a Pink Floyd”. Um quarteto de cordas tocará suas versões para repertórios de Led Zeppelin, Guns N' Roses, Nirvana e mais ícones. Teatro Prio. Jockey, Leblon. Ter, às 19h. A partir de R$ 80. Ronaldo Gonçalves. O músico lança o disco de autorais “Pé d’água”, com participação de uma turma de peso: Áurea Martins, Gabriel Cavalcanti e Moyseis Marques. Teatro Rival Petrobras, Cinelândia. Ter, às 19h30. De R$ 70 a R$ 80, com 1kg de alimento. 18 anos. Assinante O GLOBO tem 50% de desconto.   Katia Jorgensen. A cantora estreia o show “Canções para odiar”. Participação de Simone Mazzer e Dani Vallejo. Teatro Rival Petrobras, Cinelândia. Qua, às 19h30.de R$ 60 a R$ 70, com 1kg de alimento. 18 anos. Assinante O GLOBO tem 50% de desconto. Letrux. A artista apresenta seu último disco, “Letrux como mulher girafa”. Teatro Firjan Sesi Centro. Qua, às 19h. Esgotado. 16 anos. Rê Adegas e Luiz Gustavo Zago. O duo apresenta “Falando de amor – Um tributo a Elis & Tom”. Blue Note, Copacabana. Qua, às 20h. De R$ 60 a R$ 120. 18 anos. Assinante O GLOBO tem 30% de desconto. Theo Bial. O músico revisita o repertório de Chico Buarque, de “Anos dourados” a “Vai passar”. Dolores Club, Centro. Qua, às 21h. De R$ 40 a R$ 60. Tomaz Retz e Leonardo Miranda. Os flautistas homenageiam o disco “Pixinguinha de novo” (1975), de Altamiro Carrilho e Carlos Poyares. Casa do Choro, Centro. Qua, às 19h. R$ 60. Assinante O GLOBO tem 50% de desconto."
O Globo,"'Hamlet' em dobro, jazz e 'Star Wars': um programa para cada dia da semana",{'https://oglobo.globo.com/rioshow/eventos/guia/hamlet-em-dobro-jazz-e-star-wars-um-programa-para-cada-dia-da-semana.ghtml'}," Antonio Grassi volta aos palcos após 20 anos para homenagear Antonio Abujamra em nova montagem da peça “Hamleto”, no Teatro Dulcina, a cantora americana Cecile McLorin Salvant se apresenta no Blue Note e a mostra “A força de George Lucas” exibe os seis filmes da saga Star Wars no Estação Net Botafogo. Veja abaixo um roteiro com um programa para cada dia da semana no Rio de Janeiro, entre os dias 12 e 18 de setembro:     Uma das grandes vozes do jazz contemporâneo, a cantora americana Cecile McLorin Salvant, vencedora de três Grammys, passeia por versões de clássicos do gênero e músicas autorais. Blue Note, Copacabana. Qui e sex, às 20h e às 22h30. De R$ 140 (1º lote) a R$ 420 (5º lote). 18 anos. Assinante O GLOBO tem 30% de desconto.   A Companhia Os Fodidos Privilegiados homenageia seu fundador, Antônio Abujamra (1932 – 2015), que faria 92 anos nesta sexta-feira, com a estreia de “Hamleto”, peça do italiano Giovanni Testori baseada no clássico de Shakespeare, que foi montado por “Abu” em cinco ocasiões, sempre com diferentes adaptações. Agora, quem assume o comando é o filho do diretor, o músico André Abujamra, que estreia na função e assina também a trilha sonora e as projeções, essas feitas com ajuda de Inteligência Artificial. O espetáculo tem participação especial de Antonio Grassi, que volta aos palcos após 20 anos. Teatro Dulcina, Centro. Sex e sáb, às 19h. Dom, às 18h. R$ 80. 16 anos. Até 29 de setembro. Estreia sexta (13).   Sábado, 14 de setembro, é Dia do Frevo. E a festa pernambucana ganha uma versão carioca graças a uma parceria do Paço do Frevo, do Recife, com o Museu do Amanhã. Na programação, show da Orquestra Na Paralela do Frevo, liderada pelo maestro e trompetista Nailson Simões, e bailarinos. Praça Mauá. Sáb, a partir das 15h. Grátis. Livre.   Um “Hamlet” é bom, dois é ainda melhor. Filósofo, escritor, diretor, Rodrigo França volta aos palcos como ator em nova temporada de “Eu sou um Hamlet”. Na pele do emblemático e conflituoso personagem de Shakespeare, sob direção de Fernando Philbert, ele reflete sobre a condição humana nos dias de hoje enquanto homem negro, que vai se tornando consciente do racismo que o cerca. Teatro Municipal Ipanema Rubens Corrêa. Sex e sáb, às 20h. Dom, às 19h. De R$ 40 a R$ 80. 12 anos. Até 6 de outubro. Reestreia sexta (13).   Drinque numa hora dessas? Por que não? Começa na segunda-feira a 12ª edição da Negroni Week, evento global que celebra o coquetel preparado com Campari. O objetivo é convidar bartenders a criarem releituras do drinque. No Rio, participam os bares Boato; Nosso (ambos em Ipanema); Liz (Leblon), Vian (Botafogo) e Vizinho (Barra). Até 22 de setembro.   Ronaldo Gonçalves lança o disco de autorais “Pé d’água”, com participação de uma turma de peso: Áurea Martins, Gabriel Cavalcanti e Moyseis Marques. Teatro Rival Petrobras, Cinelândia. Ter, às 19h30. De R$ 70 a R$ 80, com 1kg de alimento. 18 anos. Assinante O GLOBO tem 50% de desconto.   Conhecido principalmente por ser a mente criativa de “Star Wars”, o cineasta George Lucas ganha uma mostra no Estação Net Botafogo para marcar seus 80 anos. De 18 a 25 de setembro, “A força de George Lucas” exibe os seis filmes da saga — começando por “Star Wars — Uma nova esperança” (1977) na quarta-feira, às 21h — e outros títulos dirigidos ou produzidos por ele junto a diretores como Coppola e Kurosawa. R$ 16."
O Globo,"Cinebiografia de Silvio Santos tem Rodrigo Faro com 'voz de Senor', filha distante, Alckmin anônimo e mais",{'https://oglobo.globo.com/cultura/noticia/2024/09/12/cinebiografia-de-silvio-santos-tem-rodrigo-faro-com-voz-de-senor-filha-distante-alckmin-anonimo-e-mais.ghtml'}," As primeiras avaliações do filme “Silvio” reforçam a máxima de que o mundo se divide em dois tipos de pessoas. Para uns, apesar de alguns méritos, o filme se daria mal em um hipotético “Show de calouros”. Para outros, mesmo cometendo deslizes, o longa faz um retrato revelador do empresário e apresentador de TV Silvio Santos, morto em 17 de agosto, aos 93 anos. A escalação de Rodrigo Faro no papel-título também divide opiniões, entrando na conta dos erros ou dos acertos, dependendo do crítico. O público poderá julgar o resultado a partir desta quinta-feira (12), quando “Silvio” estreia em 576 cinemas por todo o Brasil.   Definida pelo diretor Marcelo Antunez como “ficção baseada em fatos”, a cinebiografia ancora sua ação no incrível dia 30 de agosto de 2001. Nesta data, o apresentador foi mantido refém na cozinha de sua casa em São Paulo sob a mira do revólver de Fernando Dutra Pinto (Johnnas Oliva) — que tinha acabado de sequestrar e libertar a “filha número quatro” do comunicador, Patrícia Abravanel (Polliana Aleixo). Após oito horas de negociações, que contaram com a presença de Geraldo Alckmin, então governador paulista e hoje vice-presidente do país, Fernando se entregou. Em meio a este cenário de true crime, surgem flashbacks que recontam desde a infância de Silvio como camelô no Centro do Rio até a fundação de sua emissora de TV, o SBT. A seguir, curiosidades sobre o filme.   Rodrigo Faro, de 50 anos, apresentador que voltou a atuar após uma década e meia no que chama de “maior desafio profissional”, lamenta que Silvio não tenha podido ver o longa, filmado em 2022 e finalizado este ano. — Foi muito triste não poder mostrar pra ele esse trabalho, resultado de muita dedicação, da equipe e minha. Queria fazer essa homenagem em vida. Eu só aceitei fazer este papel porque ele me deu permissão — diz Faro em videochamada, lembrando que, entre tantas avaliações sobre o filme, faltou uma. — Eu queria ouvir a opinião do Silvio. Ele sempre foi extremamente sincero, sabe? Quando gostava de algo, falava, e quando não gostava, sobrava até para o perfume da Jequiti (marca do Grupo Silvio Santos) que ele deveria promover no ar. (risos)   Desde o lançamento do trailer, a performance de Rodrigo Faro tem gerado polêmica. Suas cenas como “o Silvio do palco” se aproximam daquilo que o público espera após décadas vendo o original e seus imitadores. Mas seu tom baixa nas sequências da vida privada e com o sequestrador — a quem Silvio pede para ser chamado de Senor Abravanel, seu nome de batismo. Faro explica a diferença. — Quando fui pedir autorização para fazer o papel, tive uma longa conversa com Silvio em que fiquei observando tudo. Percebi que, fora do palco, ele falava com a mesma pontuação, mas em um tom muito mais baixo, sem aquela projeção, mais contido. Busquei esse Silvio da intimidade, o lado humano do ídolo — diz Faro, que contou com uma consultoria de Carlos Alberto de Nóbrega, famoso pelo programa “A praça é nossa” e amigo do empresário.   As cenas em que Faro vive o Silvio de 2001, aos 70 anos, exigiriam até três horas de caracterização. Em próteses na testa, na bochecha e no pescoço, além do cabelo. No material do divulgação do filme, ele conta que a prótese do rosto causava suor e às vezes descolava, o que exigiu “muito retoque de pós-produção”.   Como o filme foca no sequestro de Silvio, vale recordar: dia 21 de agosto de 2001, Patrícia Abravanel, então com 23 anos, já havia sido sequestrada na mansão da família. Mantida em cativeiro, ela foi solta dia 28 após o pagamento de um resgate de R$ 500 mil. Dia 29, Silvio e a filha até concederam uma coletiva na sacada da mansão. Dia 30, Fernando, que liderara o sequestro de Patrícia e fugia da polícia (o que rende boas cenas de ação), voltou à mansão e fez Silvio refém.   Uma trama importante do filme gira em torno da relação distante entre Silvio e sua filha Cintia, fruto de seu primeiro casamento, com Maria Aparecida Abravanel. “Diz pra Cintia que eu nunca fui bom pai” é um recado que Silvio dá quando vê que sua vida está em risco. Em entrevista recente, a mãe do ator e cantor Tiago Abravanel revelou que só se aproximou do pai anos depois dos episódios relatados no filme, durante uma viagem dela e suas cinco irmãs para visitá-lo em Orlando.   O sequestro de Silvio foi acompanhado ao vivo nos canais de TV, que, no filme, têm seus nomes substituídos: a Globo é “Rede Orbis” e o SBT surge como “TSA”, a Televisão Senor Abranavel.   O ator Luciano Bortoluzzi surge claramente caracterizado como Geraldo Alckmin, que governava São Paulo na época e foi até a casa de Silvio garantir a vida do sequestrador. Mas o político não é nomeado: no filme, é apenas “governador”.   Passam rapidamente pelo filme personagens como Chico Anysio, Hebe Camargo e Carlos Imperial — este, malhando Silvio na TV.   Para reconstituir o sequestro, os roteiristas Anderson Almeida e Newton Cannito basearam-se principalmente no relato de policiais que conduziram a negociação e em entrevistas do sequestrador, Fernando Dutra Pinto.   Fernando morreu em dezembro de 2001, na prisão. A causa oficial, citada no filme, foi infecção nos pulmões. Mas um relatório independente diz que Fernando sofreu negligência médica após ser espancado por agentes penitenciários."
O Globo,"Theatro Municipal faz festival de óperas com ingressos a partir de R$ 1,80",{'https://oglobo.globo.com/rioshow/shows-e-concertos/guia/theatro-municipal-faz-festival-de-operas-com-ingressos-a-partir-de-r-180.ghtml'}," Desde que virou diretor artístico do Theatro Municipal do Rio de Janeiro, em 2022, Eric Herrero quer democratizar o acesso ao espaço centenário e fomentar o crescimento do mercado da ópera na cidade. O Festival Oficina da Ópera, criado em 2023, veio nessa esteira. A partir desta sexta-feira (13) , o público poderá ver o resultado da segunda edição do evento dedicado à formação de profissionais, com apresentação de três óperas: a inédita “Candinho”, de João Guilherme Ripper, sobre a infância do pintor Candido Portinari (1903-1962), a clássica “La serva padrona”, de Giovanni Battista Pergolesi (1710-1736), e “Le villi”, do também italiano Giacomo Puccini (1858-1924) — que será encenada pela primeira vez no Municipal.   E todas com ingressos populares, a partir de R$ 15 — com exceção de “Le ville”, que terá uma sessão a R$ 1,80 e R$ 2. — O Municipal, assim como todo teatro lírico, pode já ter sido voltado para a elite, mas desde sempre foi produzido por profissionais que vêm do povo — diz Herrero. Se na primeira edição o festival “formou” 12 jovens (ao final da última ópera, todos subiram ao palco para receber seus certificados, entre cantores, figurinistas, cenógrafos e contrarregras), agora serão 25. E, no que depender de Herrero, isso é só começo. — O Rio e o Brasil, no geral, têm um mercado de ópera hermético. Queremos capacitar equipes de criação — comenta o diretor, que celebra o evento. — A ópera é um dos gêneros artísticos mais completos. Ela tem poesia, música, arquitetura, pintura... é como se todas as deusas das artes estivessem de mãos dadas no palco. O festival visa à formação de profissionais e... de público — ano passado, o Theatro recebeu 122 mil pessoas. Além de ingressos populares, antes das apresentações haverá uma rápida palestra para familiarizar os visitantes com as obras. E as duas óperas italianas serão encenadas com legendas em português. Vale dizer também que os espetáculos são curtos — com 1h15, 46 minutos e 1h10, respectivamente — , o que também facilita na introdução ao gênero que, não raro, tem peças com três horas.   Escrita pelo carioca João Guilherme Ripper, com direção musical e regência de Roberto Duarte, a inédita “Candinho” abre hoje a programação, em sessão fechada para estudantes. Amanhã, é a vez do público geral. Se, para Herrero, a estreia de uma ópera representa um desafio maior, “já que não tem referências”, a mezzo-soprano Erika Henriques, que já fez parte do Coro do Theatro e interpreta o protagonista, destaca os pontos positivos de “partir do zero”. — Adorei o processo porque colocou todos nós como parte da criação, junto com o autor. Nas óperas já conhecidas, é preciso fazer o que é feito por anos, senão parece que você não domina a técnica. Agora faço do meu jeito — comemora Erika. — Também conseguimos trocar com o compositor. Entre as “opiniões sinceras e construtivas” dadas por Ripper, Erika destaca uma: em vez de “neutralizar” o sotaque (como de costume), foi pedido que todos mantivessem o “carioquês” — chiado incluso. Apesar de Portinari ser paulista, a ópera foi composta e é feita por cariocas.   Apresentada pela primeira vez em 1733, a obra de Pergolesi é considerada a primeira ópera bufa (“cômica”) da história. No Municipal, ela terá regência e direção musical de Jésus Figueiredo, e a soprano Michele Menezes como a protagonista Serpino, uma mulher espirituosa e obstinada. — Tem uma piada no mundo da ópera de que a mulher sempre morre no final. Nessa, como é uma comédia, é bem mais leve e, por isso, mais divertido de criar — comenta a modelista Karine Amorim, que assina com Carolina Lima o figurino em que misturam referências de várias épocas. — As óperas são atemporais. Foram escritas há séculos e seguem relevantes.   O maestro titular da OSTM, Felipe Prazeres, na direção musical e regência de “Le ville” — única que será apresentada com a orquestra completa; as outras serão com uma ensemble com 14 instrumentistas — , celebra a segunda edição do festival. Para ele, fazer três óperas no mesmo evento representa um verdadeiro “tour de force”. — O que o Theatro está fazendo é olhar para frente, para que esse gênero (a ópera) não suma por falta de pessoal — comenta. No palco com Prazeres, os músicos da Orquestra e três cantores líricos, também estarão a primeira bailarina do Municipal, Claudia Mota, e outros bailarinos convidados, além do ator Nicola Siri como narrador. Prazeres também vê em “Le villi” “uma boa porta de entrada” para o universo das óperas: — Puccini consegue falar dos dramas humanos mais importantes atrelados às melodias mais lindas. É uma obra sucinta, com uma música de arrepiar. Dura só 1h15, é muito fácil de assimilar e ainda deixa um gostinho de quero mais. Em “Le villi” (“As vilas”, ou então “As fadas”), baseada na lenda europeia homônima, uma mulher traída por seu amado acaba morrendo de amor, e se transforma em um espírito vingativo que vive nas florestas. — Não podemos cair em anacronismos com óperas criadas há 100, 200, 300 anos, porque elas foram feitas em contextos diferentes — acredita o maestro, antes de fazer um contraponto. — No entanto, mesmo em libretos antigos, há muitas coisas que fazem sentido hoje. Como em “Carmen” (1875), de Georges Bizet, que queria exercer a liberdade feminina. Em “Le villi” (1884), há quase que uma masculinidade tóxica.    "
O Globo,"Personagem do Porta dos Fundos, homenagem a Abujamra, Silvero Pereira: as peças em cartaz no Rio",{'https://oglobo.globo.com/rioshow/teatro-e-danca/guia/personagem-do-porta-dos-fundos-homenagem-a-abujamra-silvero-pereira-as-pecas-em-cartaz-no-rio.ghtml'}," Hamlet, o clássico personagem de William Shakespeare, inspira três montagens que chegam aos palcos esta semana: da comédia ""Peçanha — Protocolo de segurança"", que traz o policial conhecido de esquetes do Porta dos Fundos interpretado por Antônio Tebet, que tem uma versão da peça como pano de fundo; a ""Hamleto"", homenagem da Cia. Os Fodidos Privilegiados a seu fundador, Antônio Abujamra; e a volta do protagonista negro de Rodrigo França em ""Eu sou um Hamlet"". Entram em cartaz ainda ""Casa, comida e alma lavada"", com Junno Andrade e Bianca Rinaldi, e apresntações gratuitas ""P equeno monstro"", com Silvero Pereira, além de dois espetáculos de dança.   ‘9’. No monólogo encenado no auditório do Instituto de Psiquiatria da UFRJ, Nara Keiserman vive uma paciente psiquiátrica, que tem nove personalidades criadas a partir de textos de Brecht, Molière, Shakespeare, Sófocles e outros. Direção de Demetrio Nicolau. Av. Venceslau Brás 71, Botafogo. Sex a dom, às 19h. R$ 60.16 anos. Até 6 de outubro. ‘Agora é que são elas!’. Fábio Porchat dirige Maria Clara Gueiros, Júlia Rabello e Priscila Castello Branco em nove esquetes de humor. Teatro das Artes, Shopping da Gávea. Sex e sáb, às 20h. Dom, às 19h. R$ 140. 14 anos. Até 29 de setembro. ‘Alma de brasileiro’. Em seu novo show de stand-up comedy, o humorista francês Paul Cabannes reflete sobre as peculiaridades da cultura brasileira. Teatro Casa Grande, Leblon Barra. Ter, às 20h. De R$ 90 (balcão) e R$ 150 (camarotes e plateia VIP). Livre. Única apresentação. ‘Alma despejada’. No espetáculo dirigido por Elias Andreato, Irene Ravache é Teresa, uma mulher que depois de morta visita pela última vez a casa em que viveu. Teatro dos Quatro, Shopping da Gávea. Sex e sáb, às 20h. Dom, às 19h. R$ 140. 12 anos. Até 29 de setembro. ‘Améfrica: em três atos’. O Coletivo Legítima Defesa, dirigido por Eugênio Lima, apresenta a montagem construída a partir do conceito de “Amefricanidade”, de Lélia Gonzalez. Sesc Copacabana. Qui a dom, às 20h R$ 30. 18 anos. Até domingo. ‘A.M.I.G.A.S’. Na comédia dirigida por Ernesto Piccolo, três jovens amigas retratam suas experiências de vida na Associação das Mulheres Interessadas em Gargalhadas, Amor e Sexo. Teatro Vannucci, Shopping da Gávea. Seg e ter, às 20h. R$ 100. 12 anos. Até 1º de outubro. ‘O banquete’. A Cia. Ensaio Aberto inaugura o Teatro Vianinha, no Armazém Utopia, com a peça baseada em obra de Mário de Andrade. O texto é uma reunião de crônicas musicais escritas entre 1943 e 1945, que convidam o público a pensar criticamente o papel do artista e do cidadão. Armazém 6, Cais do Porto. Sex a seg, às 20h. Grátis (até 23 de setembro) e R$ 60 (a partir de 27 de setembro). Até 11 de novembro. ‘A barca’. No meio de transporte que faz a travessia entre as cidades do Rio de Janeiro e Niterói, Ivo (André Ramiro) e Douglas (Paulo Giannini) criados próximos reconfiguram esta relação que foi afetada por fatores culturais. Teatro Correios Léa Garcia. Centro Cultural Correios, Centro. Qui a sáb, às 19h. R$ 30. 14 anos. Até 5 de outubro. ‘Brás Cubas’. Vencedora do Prêmio APTR de Teatro 2024 de espetáculo e direção (Paulo Moraes), adaptação da Armazém Cia. de Teatro para o clássico de Machado de Assis, volta ao Rio para nova temporada, antes de embarcar em turnê por China e Rússia. Na peça, que concorre também ao Prêmio Shell, o Bruxo do Cosme Velho vira personagem. Espaço Armazém, Fundição Progresso. Qui, às 19h. Sex e sáb, às 19h30. R$ 80. 14 anos. Até 21 de setembro. ‘Casa, comida e alma lavada’. Sob direção de Rogério Fabiano, a trama da comédia romântica passa pelos 20 anos de história do casal interpretado por Junno Andrade e Bianca Rinald. Teatro Fashion Mall, São Conrado. Sáb, às 20h. Dom, às 18h. R$ 120. Até 22 de setembro. Estreia sábado (14). ‘A cor púrpura — O musical’. Adaptação de Artur Xexéo para o musical da Broadway inspirado no filme homônimo, o espetáculo conta a trajetória de uma mulher negra, contra todas as adversidades. Teatro Municipal Carlos Gomes. Qua a sex, às 19h. Sáb e dom, às 17h. R$ 40 (balcão) e R$ 80 (plateia). 12 anos. Até 22 de setembro. ‘O cravo e a rosa’. Sucesso na Rede Globo em 2000/2001, o novela de Walcyr Carrasco ganha uma versão para os palcos dirigida por Pedro Vasconcellos. Na comédia, Dudu Azevedo e Isabella Santoni são um rude e pobretão fazendeiro e uma rica feminista, que acabam se apaixonando. Teatro Prio, Jockey Club. Sex e sáb, às 20h. Dom, às 19h. R$ 120. Livre. Até 27 de outubro. ‘Deserto’. Baseada na vida do escritor chileno Roberto Bolaño (1953-2003), a trama que se debruça sobre um poeta diante da morte volta aospalcos. Direção de Luiz Felipe Reis e atuação de Renato Livera. Teatro Firjan Sesi. Avenida Graça Aranha 1, Centro. Qui e sex, às 19h. Sáb e dom, às 18h. R$ 40. 16 anos. Até 6 de outubro. ‘Detalhes de nós dois’. No musical, Helga Nemetik e Pedro Henrique Lopes interpretam um casal que, depois de anos separado, revisita histórias vividas em um antigo apartamento. Com direção de Diego Morais. Teatro Clara Nunes, Shopping da Gávea. R$ 100 (balcão) e R$ 130 (plateia). 12 anos. Até 22 de setembro. ‘Duetos — A comédia de Peter Quilter’. Comédia sobre relacionamentos em temos modernos, com Eduardo Moscovis e Patricya Travassos. Teatro Multiplan. VillageMall, Barra. Qui a sáb, às 20h30. Dom, às 19h. De R$ 120 a R$ 280. Livre. Até 22 de setembro. ‘Em nome do filho’. Com performances musicais, cômicas e sensuais, a montagem passa em uma saunagay e aborda temas como diversidade sexual. Cine Teatro Joia, Copacabana. Sáb, às 21h. Sex, às 21h. R$ 80. Até 4 de outubro. ‘Espelho’. Baseado em conto homônimo de Machado de Assis, o monólogo com Paulo Antunes aborda temas como vaidade e poder ao contar a conta a história de um homem pobre que é nomeado alferes da guarda nacional. Direção de Jitman Vibranovski. Após as sessões, debate com a equipe. Cidade das Artes (Sala EletroAcústica), Barra. Sáb e dom, às 19h. R$ 70. 12 anos. Até domingo. ‘És tu, Brasil?’. No palco, o coletivo 1Comum, formado por Giovanna Nader, Igor Pedroso, Lucas Sampaio e Luiza Loroza, sob direção de Fernando Nicolau, propõe uma revisão da História do Brasil, a partir dos efeitos da crise climática no mundo. Futuros - Arte e Tecnologia, Flamengo. Qui a dom, às 19h. Até 27 de outubro. R$ 60. 14 anos. ‘Eu comigo mesmo’. No stand up, o ator e comediante Rafael Portugal conta as histórias mais engraçadas de sua vida. Teatro Miguel Falabella, Norte Shopping. Sáb, às 21h. Dom, às 20h. R$ 80 (dom). R$ 100 (sáb). 12 anos. Até 22 de setembro. ‘Fé mina — Histórias de mulheres’. Sob direção de Ana Luíza Bellacosta, Martha Paiva reflete sobre amores abusivos e histórias de superações na tragicomédia. Teatro Municipal Café Pequeno, Leblon. Sex e sáb, às 20h. Dom, às 19h. R$ 40. 14 anos. Até 22 de setembro. ‘O figurante’. Mateus Solano, sob direção de Miguel Thiré, interpreta um figurante acostumado a ser o figurante também da própria vida. Teatro Fashion Mall, São Conrado. Sex às 20h. Sab, às 19h. Dom, às 18h. R$ 120. 12 anos. Até 3 de novembro. 'Eu sou um Hamlet'. Filósofo, escritor, diretor, Rodrigo França volta aos palcos como ator em nova temporada do espetáculo. Na pele do emblemático e conflituoso personagem de Shakespeare, sob direção de Fernando Philbert, ele reflete sobre a condição humana nos dias de hoje enquanto homem negro, que vai se tornando consciente do racismo que o cerca. Teatro Municipal Ipanema Rubens Corrêa. Sex e sáb, às 20h. Dom, às 19h. De R$ 40 a R$ 80. 12 anos. Até 6 de outubro. Reestreia sexta (13). 'Hamleto'. A Companhia Os Fodidos Privilegiados homenageia seu fundador, Antônio Abujamra (1932 – 2015), que faria 92 anos nesta sexta-feira (13), peça do italiano Giovanni Testori baseada no clássico de Shakespeare, que foi montado por “Abu” em cinco ocasiões, sempre com diferentes adaptações. Agora, quem assume o comando é o filho do diretor, o músico André Abujamra, que estreia na função e assina também a trilha sonora e as projeções, essas feitas com ajuda de Inteligência Artificial. O espetáculo tem participação especial de Antonio Grassi, que volta aos palcos após 20 anos. Teatro Dulcina, Centro. Sex e sáb, às 19h. Dom, às 18h. R$ 80. 16 anos. Até 29 de setembro. Estreia sexta (13). ‘Hereditária’. Idealizado pela autora, atriz e bailarina Moira Braga, o espetáculo parte da descoberta, aos 7 anos, de uma condição genética, que causou a perda de sua visão. Entrelaçada por músicas do diretor Pedro Sá Moraes, a trama mistura vida pessoal a referências históricas e mitológicas. Teatro Firjan Sesi Centro. Seg e ter, às 19h. R$ 40. Livre. Estreia segunda (16). Até 22 de Outubro. ‘Let’s play ou Vamos brincar daquilo’. Ao lado de Maria Paula Costa Rêgo, o pernambucano Tuca Andrada dirige o espetáculo em que revive a vida e a obra do tropicalista Torquato Neto. CCBB (Teatro III), Centro. Qui a sáb, às 19h. Dom, às 18h. R$ 30. 16 anos. Até domingo. ‘Memória – No Limiar do Juízo Final’. Com texto e interpretação de Mitzi Amado, a trama fala de uma mulher presa ao passado, que revisita suas relações e histórias, questionando o presente. Teatro Glauce Rocha, Centro. Sex e sáb, às 19h30. R$ 60. 16 anos. Estreia sexta (13). Até 5 de outubro. ‘A menina escorrendo dos olhos da mãe’. Sob direção de Leonardo Netto, Guida Vianna e Silvia Buarque exploram a relação entre mães e filhas de três gerações. Teatro Poeira, Botafogo. Qui a sáb, às 20h. Dom, às 19h. R$ 100. 14 anos. Até 29 de setembro. ‘Não me entrego, não’. Aos 91 anos, Othon Bastos conta histórias inéditas de suas sete décadas de carreira. Direção de Flavio Marinho. Teatro Vannucci, Shopping da Gávea. Sex, às 20h. Sáb, às 19h. Dom, às 18h. R$ 100 (sex e dom) e R$ 120 (sáb).12 anos. Até 29 de setembro. ‘Neurótica’. Na comédia, Flávia Reis interpreta 11 personagens afetadas por neuroses. Direção de Márcio Trigo. Teatro Miguel Falabella, NorteShopping. Sáb, às 19h. R$ 60. 14 anos. Até 21 de setembro. ‘No front’. Daniel Herz dirige o espetáculo sobre civis soterrados por uma bomba durante a guerra. Teatro Poeira, Botafogo. Ter e qua, às 20h. R$ 60. 12 anos. Até 25 de setembro. ‘Nossa história com Chico Buarque’. Com texto de Vinicius Calderoni e Rafael Gomes (também a frente da direção), o musical passeia pela história de 21 personagens —interpretados por dez atores, entre eles Laila Garin, Soraya Ravenle, Cyda Moreno e Flávio Bauraqui—, embaladas por mais de 50 músicas do cantor e compositor. Teatro Riachuelo, Centro. Qui a sáb, às 20h. Dom, às 19h. Dias 7, 14 e 22 de setembro e 5 e 6 de outubro, sessão extra às 15h. De R$ 39 (balcão) a R$ 250 (plateia vip). 12 anos. Até 6 de outubro.   ‘A noviça rebelde’. Já vista por 100 mil pessoas, a nova montagem de Charles Möeller e Claudio Botelho para o musical é estrelada por Malu Rodrigues e Larissa Manoela (que se reveza com Tabatha Almeida). Cidade da Artes. Qui e sex, às 19h. Sáb e dom, às 15h e às 19h. De R$ 42 a R$ 360. Livre. Até 6 de outubro. ‘Pandemônio’. Dirigidos por Breno Sanches, Jessica Marques e Pedro Carvalho encenam peça ambientada em uma realidade distópica em que fundamentalismo religioso assume o poder. Teatro Poeirinha, Botafogo. Qui a sáb, às 20h. Dom, às 19h. R$ 70. 16 anos. Até 29 de setembro. ‘Parem de falar mal da rotina’. O espetáculo, com texto de Elisa Lucinda, une histórias vividas e ouvidas por ela, além de poemas retirados de seus livros. A peça propõe uma divertida reflexão sobre o cotidiano, com versos e conversas sobre a rotina. Teatro Municipal Ziembinski, Tijuca. Qui a sáb, às 19h30. Dom, às 19h. R$ 30. 12 anos. Até 29 de setembro. ‘Uma peça para Fellini.’ Baseada na vida e obra de Federico Fellini (1920-1993), o monólogo, dirigido por Marcia do Valle — que também atua na trama — e Cavi Borges, homenageia o cineasta italiano. Teatro Ziembinski, Tijuca. Ter e qua, às 20h. R$ 40. 12 anos. Reestreia terça (16). Até 25 de setembro. ‘Peçanha — Protocolo de segurança’. A peça prevista para se apresentar era o clássico “Hamlet”, mas o ator se atrasou e o policial Peçanha, que iria apenas demonstrar as normas de segurança, conta suas histórias do dia a dia de trabalho em mais de 20 anos de profissão para entreter o público. Este é o ponto de partida da peça do personagem de esquetes do Porta dos Fundos, interpretado por Antonio Tabet. Sob direção de Daniel Nascimento, o espétáculo mistura humor e crítica social. Teatro Casa Grande, Leblon. Qui a sáb, às 20h. R$ 120 (balcão) e R$ 140 (plateia). 16 anos. Únicas apresentações. ‘Pequeno monstro’. No solo, Silvero Pereira mistura as próprias histórias às de outras pessoas, para tratar de violências a crianças LGBTQIA+. Direção de Andreia Pires. Espaço Cultural Municipal Sergio Porto, Humaita. Qui a sáb, às 20h. Dom, às 19h. Reestreia quinta (12). Até 22 de setembro. 14 anos. Sáb e dom, às 17h, sessões extra com interprete de libras. Grátis, retirada de senha no local uma hora antes. ‘Procurando Araribóia’. Com recursos do teatro de animação e linguagem satírica, o espetáculo do grupo Teatro Meteco conta a história de Arabibóia, de líder dos povos originários no século XVI a aliado dos colonizadores portugueses. Direção de Matías Palma. Teatro Glauce Rocha, Centro. Sex e sáb, às 19h. Dom, às 18h. R$ 30. 14 anos. Até 22 de setembro. ‘Raul Seixas — O musical’. Bruce Gomlevsky dá vida ao roqueiro baiano no monólogo com 24 canções tocadas ao vivo. Teatro Claro Mais, Copacabana. Qui, às 20h. De R$ 39,60 (balcão 2) a R$ 60 (plateia e frisa). 12 anos. Até quinta (12). ‘Riobaldo’. Adaptação de “Grande Sertão: Veredas”, clássico de Guimarães Rosa, o monólogo de Gilson de Barros conta a história do ex-jagunço e agora fazendeiro, que dá nome à obra, e seus três amores: Diadorim, Nhorinhá e Otacília. Mais do que a mulheres que marcaram a vida Riobaldo, o espetáculo reflete ainda sobre questões existenciais do ser humano. Teatro Municipal Domingos de Oliveira, Planetário do Rio, Gávea. Qui a sáb, às 20h. Dom, às 19h. 16 anos. Até domingo (15 ). ‘O segredo de Brokeback Mountain’. Moacyr Góes dirige a adaptação do conto de Annie Proulx, que inspirou o premiado filme homônimo. Na trama, Marcéu Pierrotti e Júlio Oliveira encenam a história do amor proibido entre dois cowboys americanos. Teatro das Artes, Shopping da Gávea. Qua e qui, às 20h. R$ 120. 16 anos. Até 26 de setembro. ‘Shirley Valentine’. Na comédia de Willy Russel, adaptada por Miguel Falabella, Susana Vieira é uma esposa solitária que viaja para a Grécia com a amiga. A direção é de Tadeu Aguiar. Teatro Adolpho Bloch, Glória. Sex e sáb, às 20h. Dom, às 18h. De R$ 40 a R$ 150. 10 anos. Até 22 de setembro. 'Tremores ligeiros'. ""O gato cego"", ""A coroa de orquídeas"", ""O chantagista"" e ""Vontade de ser mãe"": quatro contos de ""A vida como ela é"", de Nelson Rodrigues, servem de inspiração para a peça de José Pedro Peter, que integra o elenco com Aline Fanju, Alexandre Varella e Ricardo Lopes. A direção é de Michel Blois. Espaço Abu. Av. Nossa Senhora de Copacabana 249. Quia a dom, às 20h. R$ 80. Até 29 de setembro. ‘Três mulheres altas’. Suely Franco, Deborah Evelyn e Fernanda Nobre, sob direção de Fernando Philbert, interpretam mulheres que refletem sobre a passagem do tempo. Teatro Copacabana Palace. Qui a sáb, às 19h30. Dom, às 17h. De R$ 39,60 (balcão) a R$ 160 (plateia). 12 anos. Até 29 de setembro. ‘A tropa’. O acerto de contas entre um pai doente e filhos conduz a comédia dramática estrelada por Otávio Augusto, com texto de Gustavo Pinheiro. Teatro dos Quatro, Shopping da Gávea. Qui, às 20h. R$ 100. 14 anos. Até 31 de outubro. ‘Um só’. Eduardo Melo, Felipe Hintze, Felipe Silcler interpretam três jovens atores em início de carreira, suas aspirações e angústias. A direção é de Viétia Zangrandi. Estúdio FilmIn, Botafogo. Sáb e dom, às 19h. R$ 80. Livre. Até domingo (15).   ‘Bora!’. Com coreografia de Henrique Rodovalho, da Quasar Cia de Dança, o Ballet de Londrina apresenta o espetáculo embalado pela música eletrônica do compositor japonês Aoki Takamasa e do multiartista português Komet. Teatro Nelson Rodrigues, Caixa Cultural, Centro. Sex e sáb, às 19h. Dom, às 18h. R$ 20 (balcão) e R$ 30 (plateia). Livre. Únicas apresentações. Mostra Mulheres em Cena. Na 8ª edição, artistas mulheres apresentam performances de dança. Qui: Mostra Processos, com trabalhos de seis artistas. Sex: Princesa Ricardo. Sáb: Lígia Tourinho e Cia Fragmento de Dança. Dom: Gladis das Santas. Centro Coreográfico da Cidade do Rio de Janeiro, Tijuca. Qui a dom, às 19h. R$ 20. Até domingo (15). ‘Tudo é Natureza’. Com intuito de alertar para questões ambientais e reimaginar um mundo mais sustentável, a Companhia Os Dois usa materiais como sacos plásticos na performance de dança. Sesc Copacabana. Qui a dom, 20h30. R$ 30. Livre. Até 22 de setembro."
O Globo,"Peça de Cosme e Damião, cinema de graça e mais: o que fazer com crianças no Rio de Janeiro",{'https://oglobo.globo.com/rioshow/infantil/guia/peca-de-cosme-e-damiao-cinema-de-graca-e-mais-o-que-fazer-com-criancas-no-rio-de-janeiro.ghtml'}," Peças sobre a tradição do dia de Cosme e Damião e dos youtubers Dearo e Manu e festival de cinema gratuito na Gamboa são algumas das novidades da programação infantil carioca, que se estende por opções de mostras interativas, passeios e muito mais. Veja um roteiro de atividades para os pequenos de 12 a 18 de setembro.                              "
O Globo,Datena foca no eleitorado de baixa renda e ainda evita postura de candidato ‘tradicional’,{'https://oglobo.globo.com/politica/eleicoes-2024/noticia/2024/09/12/datena-foca-no-eleitorado-de-baixa-renda-e-ainda-evita-postura-de-candidato-tradicional.ghtml'}," ""Escolhe quem você acha que é melhor e vota"", costuma dizer José Luiz Datena (PSDB) aos fãs que encontra nos atos de campanha, mesmo após a queda nas pesquisas de intenção de voto. Na último pesquisa Quaest, divulgada na quarta (11), o candidato foi de 12% para 8% das intenções de voto e ficou empatado de Tabata Amaral (PSB), de quem quase foi vice. A estratégia da campanha do jornalista, no entanto, aparentemente não vai mudar por enquanto.   Candidato do PSDB à prefeitura de São Paulo, ele divulgou na segunda-feira (9), durante caminhada na região da Vila Mariana, outra proposta voltada para a população mais vulnerável, a tarifa gratuita no transporte público para as famílias inscritas no Bolsa Família. O plano é parte da fórmula quem vem sendo adotada pela equipe de Datena: propostas de fácil compreensão voltadas para o público de baixa renda. Outros exemplos são a ampliação do horário de funcionamento das Unidades Básicas de Saúde e das creches em duas horas, os mercadinhos solidários, com alimentos com preços mais acessíveis para famílias em situação de vulnerabilidade e a mais recente, da tarifa zero no transporte público paulistano para os inscritos no Bolsa Família. O time do candidato afirma que as ideias mencionadas cabem no orçamento da prefeitura e, se todas fossem adotadas, teriam um custo estimado de R$ 4,6 bilhões de reais, o que seria equivalente a cerca de 4,2% do orçamento anual do poder municipal. As décadas na televisão conferiram ao jornalista a atenção esperada quando caminha pela cidade. Os idosos, em especial, parecem reconhecer mais o apresentador, que atende aos pedidos de fotos enquanto grita pelo coordenador das agendas de rua da campanha tucana, Marcelo Missa, que organiza as filas de retratos com os fãs. “Missa, ô Missa!”, chama diversas vezes o apresentador, frase que já é quase um bordão entre quem está todos os dias com o candidato. Ele, por sinal, é católico e tem na foto do WhatsApp uma imagem de Nossa Senhora. Os admiradores que o candidato encontra, no entanto, podem nem sempre ser convertidos em eleitores. Nas ruas os militantes tucanos correm para distribuir panfletos ou oferecer os adesivos com o número 45, que o candidato raramente cola na roupa durante as aparições. — Vota em você quem quer votar, quem confia em você — diz Datena, que afirma que recebeu pedidos para adotar mais a postura de candidato ‘tradicional’ e pedir votos pelas ruas, o que foi ignorado. — Não vou mudar nada — responde. No dia a dia da corrida eleitoral, quem não conhecia o apresentador pessoalmente anteriormente descreve que, no privado, ele se porta da mesma forma como agia na frente das câmeras da Band, sem papas na língua e dono de uma ""personalidade forte"". Em uma agenda no Mercado de Pinheiros no fim de agosto, por exemplo, não escondeu o descontentamento ao descer do carro e encontrar o local praticamente vazio. “Vocês estão de brincadeira?”, disse ele irritado para os membros da campanha. Na terça-feira (10), outro compromisso não saiu como esperado. Pela manhã o comunicador foi ao jornal Folha de S.Paulo, que fica na região central e, depois da visita, emendou uma caminhada pela Rua General Osório, também no Centro, conhecida como 'Rua das Motos', em um compromisso que divulgaria o programa Remédio em Casa, voltado para a entrega de medicações no domicílio da população vulnerável. A ideia era associar o público que frequenta a região, os motoqueiros, com o programa, já que as entregas dos remédios seriam feitas em duas rodas. A proposta foi mencionada, mas o tucano acabou hostilizado por um lojista por conta de reportagens que fez sobre as suspeitas de venda de peças roubadas naquela área. Houve discussão e o compromisso terminou com Datena no meio de um bate-boca. Sem papas na língua, como dizem. — Você me chamou de ladrão na televisão! — disse o comerciante. — E você não é? — questionou o candidato, já entrando no carro. — Quando você combate uma doença, sempre aparece alguém — comentou Datena em seguida. Xingado, entrou no carro devolvendo as ofensas. — Vai se f…. você seu filho da p… — disse o apresentador, antes de ir embora. Os compromissos públicos da campanha tem sido idealizados e organizados em um trabalho conjunto dos membros do PSDB e dos marqueteiros da candidatura. Apesar de comunicador, Datena enfrenta dificuldades para explicar de forma clara as propostas do plano de governo. Mesmo assim os tucanos têm deixado o candidato livre para conduzir o discurso da maneira que achar mais adequada, ainda que com os eventuais deslizes, como a performance no primeiro debate televisivo, em que o candidato reconheceu que teve uma participação aquém do esperado e chegou a pedir desculpas internamente. A candidatura, ultimamente, tem lidado também boatos de integrantes que já deixaram o ninho do PSDB. O ex-dirigente municipal da sigla, Fernando Alfredo, espalhou na semana passada um vídeo em que afirmava que “Dapena”, como ele tem se referido ao jornalista de forma pejorativa, iria desistir da candidatura. Alfredo foi quem organizou um protesto durante a convenção partidária realizada na Assembleia Legislativa de São Paulo (Alesp), no fim de julho, que oficializou a candidatura de Datena pelo PSDB. Apoiador de Ricardo Nunes (MDB), o ex-dirigente defendeu o apoio dos tucanos ao atual mandatário. Ele atua no momento na candidatura a vereador do ex-secretário municipal de Urbanismo das gestões Bruno Covas e Nunes, Cesar Azevedo, do União Brasil, e acabou expulso do PSDB. No dia que Alfredo espalhou o vídeo que ventilava uma suposta desistência da candidatura o apresentador passou o dia realizando exames no Hospital Sírio-Libanês, cancelou agenda no centro da cidade e uma sabatina que faria para o jornal Folha de S.Paulo. A direção do PSDB negou que Datena estivesse em tratativas para abandonar a candidatura. Ao sair do hospital, conversou com a imprensa e disse que deve passar por uma nova cirurgia no coração após as eleições. Ele já passou por seis cateterismos no coração e também enfrenta diabetes, tema que gosta de mencionar nas interações com o eleitorado. — O ritmo de campanha é muito pesado — disse ao sair do hospital. Um dia depois voltou com a agenda pelas ruas. O ritmo, no entanto, tem sido reduzido se comparado com a agenda dos adversários. Os compromissos públicos aos finais de semana são raros. Nos dias úteis, quase sempre entre 10h e 11h, o candidato chega ao local combinado de óculos escuros. Gosta de grifes de luxo, com destaque para Louis Vuitton. Deseja bom dia, caminha por alguns minutos e, ao final, fala com a imprensa, com quem parece se sentir nostálgico e relembra os tempos em que era repórter de rua. A televisão também parece fazer falta. Durante agenda no Hospital São Paulo, na Zona Sul, mencionou que considera injusto que teve que deixar as telinhas para lançar a campanha enquanto Marçal não foi obrigado a abrir mão das redes sociais.   A queda nas intenções de voto nas pesquisas recentes também não parece ter desanimado o comando do PSDB com a candidatura de Datena. Durante reunião online que ocorreu na terça (10) o jornalista conversou com o presidente do partido, Marconi Perillo, e o deputado federal Aécio Neves. O trio avalia que ainda há condição de virada e que a eleição paulistana ainda está em aberto. Datena se mostrou animado para seguir até o fim da disputa e os dois caciques, que mantêm canal aberto com o jornalista, disseram acreditar que o PSDB ainda tem chance no páreo que, até o momento, está com a liderança embolada entre Guilherme Boulos (PSOL), Ricardo Nunes e Pablo Marçal (PRTB). — Já estive em primeiro (nas pesquisas) e posso voltar pra esta posição — diz o apresentador, após a última pesquisa Quaest voltar a mostrar queda nas intenções de voto."
O Globo,Promessa de Marçal de isenção fiscal na periferia deve se tornar inócua com reforma tributária,{'https://oglobo.globo.com/politica/eleicoes-2024/noticia/2024/09/12/promessa-de-marcal-de-isencao-fiscal-na-periferia-deve-se-tornar-inocua-com-reforma-tributaria.ghtml'}," O empresário Pablo Marçal (PRTB), candidato à prefeitura de São Paulo, tem entre as principais propostas a criação de um “cinturão de empresas” nas periferias da cidade, como forma de geração de empregos e solução para a mobilidade. Para tal, promete incentivos fiscais de ISS e IPTU. O Imposto sobre Serviços, porém, deixará de existir em 2033 com a Reforma Tributária. Além disso, a promessa não é nova e repete ideias de candidatos anteriores como João Doria, Guilherme Boulos e Celso Russomanno.   O ISS muncipal, um dos impostos seria utilizado para dar desconto tributário às empresas, vai acabar a partir de 2033 com o surgimento do IVA (Imposto sobre Valor Agregado), uma junção do IBS (Imposto sobre Bens e Serviços), local, e do CBS (Contribuição sobre Bens e Serviços), federal. O novo tributo vai agregar todas as taxas sobre consumo. Para especialistas, a mudança no sistema tributário pode desencorajar empresas a aceitarem benefícios nos próximos anos, já que a maioria planeja seus investimentos a longo prazo. – A atração de empresas pelos impostos sobre consumo ficará inviável. Além disso, a atração via incentivo do ISS não pode ser por região da cidade, mas por setor empresarial, tipo de empresa. O que não garante, portanto, que esses empresas vão se deslocar para a periferia – afirmou a coordenadora do Núcleo de Direito Tributário da FGV, Tathiane Piscitelli. O novo sistema tributário permitirá apenas isenções uniformes, acertadas na regulamentação da reforma, em votação no Senado Federal, e as reduções ocorrerão no destino, onde o produto será vendido ao consumidor. Dessa forma, não será possível a isenção de impostos na origem, quando o produto é gerado pelas empresas, como é hoje. – Se o incentivo for relacionado ao ISS, realmente a reforma tributária tem potencial de limitar o estímulo que o candidato quer oferecer, porque o ISS será extinto em 2033 (e vai diminuindo progressivamente a partir de 2029, enquanto o IBS, que o substituirá, começará a ser implementado) – disse Larissa Longo, pesquisadora do núcleo de tributação do Insper. A economista pondera, no entanto, que a atração de empresas que visem investimentos a curto prazo poderia ocorrer. Outra possibilidade seria o incentivo fiscal por meio de diminuição da cobrança do IPTU (Imposto Predial e Territorial Urbano), este não será afetado pela reforma tributária. A reportagem do Globo questionou o Marçal sobre a viabilidade da proposta, considerando as dificuldades urbanas e tributárias, além da repetição da ideia em outros planos de governo anteriores. Marçal disse que nunca tinha ouvido falar da proposta, defendendo a ideia como inovadora, e minimizou a mudança no sistema de impostos. – Eu nunca ouvi falar dessa proposta. Quem colocou isso? Você está falando de futuro. O dia que conseguir unificar (os impostos) é uma coisa, mas enquanto não faz temos que agir. Em 2033, eu nem vou estar governando mais. Isso aí é para o próximo candidato, de 2028 – disse Marçal.   Nas eleições de 2016, Doria incluiu no plano de governo os “Corredores Empresariais, com incentivo para empresas migrarem para regiões povoadas e com baixo número de empregos para gerar oportunidades e postos de trabalho”. A medida, porém, não saiu do papel. A mesma proposta foi feita por candidatos como Celso Russomanno (Republicanos) em 2012, 2016 e 2020, Guilherme Boulos (PSOL) em 2020, e Bruno Covas em 2020, que ganhou a disputa. Boulos, 2020: “Criar polos de emprego, lazer, cultura e educação em locais na periferia, para evitar evasão escolar e horas gastas em transporte público”. Russomanno 2020: “Incluir como princípio básico das políticas de promoção do desenvolvimento econômico e da geração de emprego e renda a descentralização da estrutura produtiva de São Paulo, promovendo o desenvolvimento econômico das regiões e seus bairros”. Russomanno, 2016: “A geração de empregos nos bairros vai permitir que os paulistanos trabalhem perto de casa, o que vai baixar o gasto em transporte e diminuir os deslocamentos"". Russomanno, 2012: “Uma gestão que incentive o desenvolvimento e a geração de emprego local, através de programas como o 'Emprego na Periferia'. Incentivar a revitalização urbana dos bairros, levando em conta seu perfil socioeconômico a fim de criar Arranjos Produtivos Locais (APL's) e cooperativas de produção e fortalecer o desenvolvimento local”. – Desde a década de 1970, temos a tentativa de levar empregos na periferia por meio de incentivos dos governos e nunca deu certo. Acho que ainda não se entendeu o que é a economia periférica. Qual atividade seria desenvolvida nessas regiões? O que seria esse cinturão? A periferia não é homogenia. Já existem atividades como comércio, serviços e produção cultural nesses bairros, que podem ser incentivadas – disse o arquiteto, urbanista e professor da Unifesp, Kazuo Nakano. Kazuo ainda ressalta que para melhoria da mobilidade, além de fortalecer a atividade econômica nas periferias, é necessário promover adensamento populacional no centro. – Além de levar empresas para as periferias, são necessárias moradias no centro. Tem que fazer as duas coisas. Mas ai entra um problema de disputas judiciais envolvendo imóveis vazios no centro. Não é uma construção fácil, leva tempo – avalia."
O Globo,"Richthofen concurseira: hoje servidores, cinco assassinos de indígena em Brasília podem virar precedente para Suzane",{'https://oglobo.globo.com/blogs/true-crime/post/2024/09/richthofen-concurseira-hoje-servidores-cinco-assassinos-de-indigena-em-brasilia-podem-virar-precedente-para-suzane.ghtml'}," Um outro crime brutal ocorrido meia década antes da morte de Manfred e Marísia von Richthofen, executados a mando da filha Suzane em outubro de 2002, pode servir como precedente para que ela consiga realizar, agora, o sonho de ingressar no serviço público. Na madrugada de 20 de abril de 1997, o indígena Pataxó Galdino Jesus dos Santos, de 44 anos, foi violentamente assassinado por cinco jovens que, após uma noite de diversão, decidiram transformá-lo em uma “tocha humana”, segundo palavras da acusação à época. Hoje, assim como almeja Suzane, todo o quinteto atua no funcionalismo, em diferentes esferas da administração pública.   Como esse blog revelou, Suzane Louise Magnani Nunes, ex-Richthofen, prestou concurso no último domingo para concorrer a uma vaga de escrevente judiciário no Tribunal de Justiça de São Paulo (TJSP). De acordo com as regras do edital, porém, ela não poderia, mesmo se aprovada, assumir o posto justamente por conta da condenação a 40 anos de prisão pelo duplo homicídio dos pais — atualmente, a neoconcurseira cumpre o restante da pena, que vai até 2041, em regime aberto. Já existe uma jurisprudência definida pelo Supremo Tribunal Federal (STF), durante julgamento em 2023, no sentido de que pessoas condenadas e aprovadas em concursos públicos podem ser nomeadas e empossadas, desde que o crime cometido não seja incompatível com o cargo e que não haja conflito de horários entre o trabalho e o cumprimento da pena. Além desta decisão, caso opte por uma batalha judicial, Suzane também poderia basear-se na situação dos assassinos de Galdino Santos, que também enfrentaram disputas no tribunais para iniciar suas carreiras atuais.   A vítima participava à época de um encontro de líderes indígenas em Brasília. Após o evento, seguiu até a pensão na W3 Sul, onde estava hospedado. Como o local já estava fechado, ele foi dormir no banco de um ponto de ônibus. Galdino teria sido confundido, como seria relatado em depoimentos posteriores, com uma pessoa em situação de rua por Eron Chaves Oliveira, então com 19 anos; Tomás Oliveira de Almeida, de 18; Max Rogério de Souza, de 18; Antônio Novely Cardoso Vilanova, de 19; e o menor Gutemberg Nader Almeida Júnior, de 17. O quinteto comprou dois litros de combustível, retornou ao local e despejou o líquido inflamável sobre o corpo do indígena, que dormia profundamente e não teve chance de defesa. O grupo fugiu em seguida.   Galdino foi socorrido por populares que conseguiram apagar as chamas, mas as queimaduras foram muito graves, atingindo 95% do seu corpo. Levado a um hospital, morreu horas depois. A motivação para o crime, segundo os próprios acusados, era dar continuidade à diversão da noite anterior. Eles não demonstraram remorso ao longo do processo judicial, como consta nos autos, e o crime foi tratado como homicídio qualificado, com agravantes como motivo torpe, crueldade e impossibilidade de defesa da vítima. Os assassinos maiores de idade foram condenados a 14 anos de prisão em 2001. Durante o cumprimento da pena, prestaram concursos públicos, foram aprovados e tomaram posse graças a decisões judiciais.   Hoje, Eron, de 46 anos, trabalha no Departamento de Trânsito do Distrito Federal (Detran-DF), com um salário de R$ 9 mil. Tomás, de 45, é técnico legislativo no Senado Federal, com salário bruto de mais de R$ 18 mil. Antônio Novely, de 46, é servidor da Secretaria de Saúde do DF, no Hospital Regional de Santa Maria, com uma média salarial de aproximadamente R$ 12 mil. Já Gutemberg, menor à época do crime, hoje com 44 anos, cumpriu um ano de medida socioeducativa por fato análogo ao crime de homicídio. Após completar 18 anos, ele teve o registro apagado, conforme prega a legislação. Atualmente, trabalha em cargo de chefia na Polícia Rodoviária Federal (PRF) com salário de R$ 12 mil. Antes de ser aprovado na PRF, Júnior chegou a passar em um concurso da Polícia Civil do Distrito Federal, mas foi impedido de tomar posse na etapa de sindicância por causa da sua vida pregressa.   Entre os cinco assassinos do indígena, contudo, Max, advogado de 46 anos, é o que mais se aproxima dos anseios de Suzane. Em 2017, após aprovação em concurso público, ele foi nomeado para o cargo de analista judiciário no Tribunal de Justiça do Distrito Federal e Territórios (TJDFT) com salário de R$ 17 mil. Antes de tomar seu lugar nos quadros da Justiça, Max atuou em escritórios de advocacia em Brasília. Ao contrário de Suzane, que ainda cumpre pena, nenhum dos cinco condenados pela morte de Galdino deve algo à Justiça atualmente."
O Globo,"Quaest mostra eleitorado de Lula dividido em BH, com petista em quarto lugar; Engler se consolida entre bolsonaristas",{'https://oglobo.globo.com/blogs/pulso/post/2024/09/quaest-mostra-eleitorado-de-lula-dividido-em-bh-com-petista-em-quarto-lugar-engler-se-consolida-entre-bolsonaristas.ghtml'}," A nova pesquisa Quaest divulgada nesta quarta-feira em Belo Horizonte revela um cenário de dificuldade para o candidato do presidente Luiz Inácio Lula da Silva (PT), o deputado federal petista Rogério Correia. Entre os eleitores que votaram no chefe do Executivo em 2022, há um cenário de pulverização, com o correligionário de Lula amargando apenas um quarto lugar: o prefeito Fuad Noman (PSD) e o deputado estadual Mauro Tramonte (Republicanos) têm a preferência de 25% desta fatia cada, enquanto Duda Salabert (PDT) soma 21%. Correia, por sua vez, alcança 12%.   Quem mais avançou entre os lulistas na comparação com a última amostra, divulgada em agosto, foi o candidato à reeleição, que tinha 8% e mais do que triplicou suas intenções de voto. Embora Correia seja o candidato oficial do PT na capital mineira, o presidente ainda não cumpriu agendas com o deputado durante a campanha. Uma das razões apontadas é justamente a presença de outras duas candidaturas competitivas de legendas com ministros na Esplanada: a de Fuad, do PSD, e a de Salabert, do PDT. O início da propaganda eleitoral na televisão e no rádio é outro fator que pode ter contribuído para o salto do prefeito na pesquisa. Com 2 minutos e 34 segundos de aparição, ele só perde no quesito para Bruno Engler (PL), com nove segundos a mais — e que também parece ter colhido frutos do chamado horário político. Candidato do ex-presidente Jair Bolsonaro (PL), Engler conquistava, no levantamento anterior, a preferência de 26% dos que votaram no aliado em 2022, índice que subiu para 38%. Ele é seguido por Tramonte, com 27% do voto bolsonarista, e pelo próprio Fuad, que também cresceu no segmento, passando de 8% para 16%. Quem desidratou entre os bolsonaristas foi o senador Carlos Viana (Podemos), que concorreu ao governo do estado nas eleições passadas pelo PL, com o apoio do então presidente. Na última pesquisa, Viana tinha 14% dos votos deste eleitorado. Hoje, apenas 4%. Pesa contra ele o menor tempo de televisão, com 26 segundos. A melhora de desempenho do prefeito em ambos os eleitorados alavancou sua performance geral. Fuad cresceu onze pontos percentuais e chegou aos 20%, ficando numericamente em segundo atrás de Tramonte (27%), em um empate técnico com Engler (16%) — a margem de erro é de três pontos percentuais para mais ou para menos. A avaliação positiva da gestão do aspirante à reeleição também saltou de 27% para 39%. Tramonte, por sua vez, que já liderava a corrida, teve uma redução numérica dentro da margem de erro, de 30% para 27%. Apresentador licenciado da Record TV, emissora comandada pelo bispo Edir Macedo, da Igreja Universal do Reino de Deus, o deputado tem a preferência majoritária do eleitorado evangélico, com 38%. Na disputa, Tramonte tem o apoio de dois padrinhos políticos, o governador Romeu Zema (Novo) e o ex-prefeito Alexandre Kalil, que deixou a gestão bem avaliado em março de 2022 para concorrer nas eleições daquele ano. A pesquisa contratada pela TV Globo ouviu 1.002 eleitores da capital mineira de 16 anos ou mais entre os dias 8 e 10 de setembro. O nível de confiança de 95%. O levantamento foi registrado no Tribunal Superior Eleitoral (TSE) com o número MG-08280/2024."
O Globo,"Lula vai a Belford Roxo pela segunda vez retribuir apoio de Waguinho, enquanto nunca esteve em seis capitais",{'https://oglobo.globo.com/politica/eleicoes-2024/noticia/2024/09/12/lula-vai-a-belford-roxo-pela-segunda-vez-retribuir-apoio-de-waguinho-enquanto-nunca-esteve-em-seis-capitais.ghtml'}," O presidente Luiz Inácio Lula da Silva (PT) desembarca nesta quinta-feira no Rio de Janeiro para um evento em Belford Roxo, cidade na Baixada Fluminense que recebe sua segunda visita desde que foi eleito. Em contrapartida, após 21 meses de mandato, o petista nunca cumpriu agendas oficiais em seis capitais — Rio Branco (AC), Natal (RN), Florianópolis (SC), Palmas (TO), Porto Velho (RO) e Vitória (ES).   A ida ao município consiste em um aceno ao prefeito Waguinho (Republicanos), que apoiou o presidente em 2022. Nessas eleições municipais, ele tenta eleger o sobrinho, Matheus do Waguinho, como sucessor. A agenda desta quinta, a inauguração de uma rede de cuidados para gestantes e bebês, contará com a presença de Waguinho. Em virtude do período eleitoral, Matheus não estará presente, já que a legislação proíbe a presença de qualquer candidato no lançamento de obras públicas nos três meses que antecedem o pleito. Mesmo sem a presença física do postulante, a visita de Lula é um reforço para a sua campanha, que rivaliza com a do deputado estadual Márcio Canella (Republicanos). Neste ano, Lula já havia ido à cidade para uma série de agendas marcadas para o mesmo dia, 6 de fevereiro. Naquela ocasião, almoçou com Waguinho, inaugurou um hospital oncológico e participou do lançamento de uma escola municipal que levou o nome de seu neto, Arthur Silva, que morreu aos 7 anos. Depois de Belford Roxo, o presidente participará de uma agenda na capital fluminense. Na sexta, ele segue para Itaboraí, onde também já esteve neste ano. Na cidade, há apenas dois candidatos à prefeitura: Jair Dias (PT) e o atual gestor, Marcelo Deralori (PL). A agenda consiste na inauguração de unidade de tratamento de gás natural na área do antigo Complexo Petroquímico do Rio de Janeiro (Comperj). A construção do Comperj foi destaque entre os casos de corrupção envolvendo a Petrobras, que seriam revelados pela Operação Lava-Jato, a partir de março de 2014. Em abril deste ano, Lula esteve em Itaboraí para entregar unidades do Residencial Viver Melhor, que integra o programa Minha Casa, Minha Vida   Enquanto marca presença em cidades com aliados, a exemplo do Rio de Janeiro, onde esteve em 12 eventos desde que foi eleito, as capitais em que adversários governam nunca foram visitadas. É o caso de Vitória e Florianópolis, onde os prefeitos Lorenzo Pazolini (Republicanos) e Topázio Neto (PSD) são favoritos para a reeleição. A exceção neste raciocínio é São Paulo, governada por Ricardo Nunes (MDB), que também já foi visitada em 12 ocasiões. Em várias delas, o deputado federal e candidato do presidente, Guilherme Boulos (PSOL), esteve presente. Com a mesma quantidade de visitas que Belford Roxo — uma —, estão Maceió, Macapá, Manaus, Goiânia, São Luís, Campo Grande, Cuiabá, João Pessoa, Boa Vista, Aracaju e Curitiba. A partir da agenda desta quinta, a cidade vai se equiparar a Belo Horizonte e Teresina, capitais com duas visitas neste mandato de Lula."
O Globo,"Em BH, candidato de Lula vê aliados de PSOL, Rede e PV em campanha por adversários",{'https://oglobo.globo.com/politica/eleicoes-2024/noticia/2024/09/12/em-bh-candidato-de-lula-ve-aliados-de-psol-rede-e-pv-em-campanha-por-adversarios.ghtml'}," Concorrendo com o apoio formal de cinco partidos, o candidato do presidente Luiz Inácio Lula da Silva (PT) em Belo Horizonte, o deputado federal petista Rogério Correia, tem visto aliados embarcarem nas campanhas de seus adversários. Formalmente ao seu lado na coligação, representantes de PV, PSOL e Rede Sustentabilidade têm se engajado junto ao prefeito Fuad Noman (PSD) ou a Duda Salabert (PDT).   Federado desde 2022 com o PT, o PV já flertava com a reeleição de Fuad Noman antes mesmo da definição sobre Rogério Correia. Com bom fluxo com o prefeito, o partido tem candidatos a vereador participando de agendas, mas o apoio mais importante vem do deputado estadual Mário Henrique Caixa. Locutor oficial do Atlético Mineiro, o Galo, na rádio Itatiaia, Caixa é amigo pessoal do candidato a vice de Fuad, o vereador Álvaro Damião (União Brasil). O apoio foi formalizado durante agenda no último domingo. Na ocasião, o parlamentar chegou a simular uma locução pedindo a reeleição de Fuad, com Damião. — O Caixa é um grande amigo, amigo do Damião de 30 anos. É uma voz que a cidade conhece, respeita e trás pessoas para a rua. Nós pedimos o apoio e ele, de forma extremamente amiga, está aqui conosco — agradeceu o prefeito. Na mesma toada que o PV, a Rede é outra sigla que, apesar de formalmente compor a chapa de Rogério, está dispersa em apoios. Vice-prefeito no primeiro mandato de Alexandre Kalil, Paulo Lamac é um dos coordenadores políticos da campanha de Fuad Noman. No início do ano, Lamac chegou a ser pré-candidato pela Rede, mas desistiu de concorrer em março para assumir a Secretaria municipal de Governo. O seu partido, contudo, cedeu aos interesses do PT. Hoje, o PSOL, que compõe a federação, é responsável pela indicação da candidata a vice de Rogério, a deputada estadual Bella Gonçalves. Apesar de dividir a chapa com o petista, nem mesmo o PSOL está inteiramente presente na campanha do deputado federal. Filiados se dividem entre Fuad e Duda Salabert. A vereadora que herdou a cadeira de Bella Gonçalves na Câmara Municipal, Cida Falabella, é uma das que, recentemente, fez um aceno sutil ao prefeito. Em texto publicado nas redes sociais, Falabella não declarou apoio expresso ao candidato do PSD, mas disse que se recusava a atacar qualquer candidato aliado ao progressismo. ""Sempre mantive diálogo com o governo Fuad, apesar de nossas divergências. Fuad é um importante aliado de Lula no cenário nacional e, acima de tudo para mim, está a cidade. Precisamos fazer campanha, crescer ainda é possível para a esquerda, mas não contem comigo para proliferar nenhuma palavra contra nenhum aliado do campo progressista"", escreveu. Do lado de Duda, candidatas a vereadora como Juhlia Santos têm feito parte de sua campanha e recebido, inclusive, pedidos de voto da pedetista. Concorrendo pela primeira vez à Câmara Municipal, Santos é uma das apostas para o Legislativo. Mulher travesti e quilombola, a candidata recebeu R$ 295 mil de recursos do PSOL, quantia acima de integrantes da sigla como a própria Falabella. Há ainda postulantes do partido, como a vereadora Iza Lourença, que publicaram mensagens de apoio tanto a Duda quanto a Rogério. No início deste mês, os dois candidatos compareceram ao aniversário de 31 anos de Iza e pediram sua reeleição. A parlamentar é a grande aposta da esquerda para ser puxadora de votos. — Por termos uma aliança nacional com Lula, optamos por estar na campanha de Rogério, mas tenho respeito e diálogo com a Duda, uma pessoa muito importante para a cidade. Não tenho vontade política de me afastar dela e é natural que em uma caminhada que priorizamos derrotar a extrema-direita estejamos juntas. Meu intuito é mostrar que o voto do Rogério e da Duda são importantes, somos campanhas aliadas — justificou Iza Lourença ao GLOBO. A desidratação da coligação no entorno de Rogério Correia se explica a partir do cenário eleitoral conturbado em Belo Horizonte. Segundo a última Quaest divulgada na capital mineira, Rogério está atrás numericamente de Fuad e Duda, com 5% das intenções de voto. O prefeito tem 20%, enquanto a pedetista 11%. Quem lidera a corrida é o deputado estadual Mauro Tramonte (Republicanos), com 27%."
O Globo,Advogada terá de pagar R$ 20 mil de indenização após dizer que muçulmanos 'explodem' e 'torturam cristãos',{'https://oglobo.globo.com/brasil/noticia/2024/09/12/advogada-tera-de-pagar-r-20-mil-de-indenizacao-apos-dizer-que-muculmanos-explodem-e-torturam-cristaos.ghtml'}," A advogada Ana Paula Silva Sanches foi condenada em segunda instância pelo Tribunal de Justiça de São Paulo (TJ-SP) por publicações em suas redes sociais, em 2021, nas quais acusava muçulmanos de “explodirem” e “torturarem cristãos”. Segundo a Associação Nacional dos Juristas Islâmicos (Anaji), responsável por dar entrada no processo, a acusada usava sua conta no Instagram para incitar o ódio religioso ao vincular práticas de violência e tortura à religião islâmica.   “Quando falo que o islã é uma cultura anticristã, é anticristã! Não estou dizendo assim de não gostar de cristãos. Estou dizendo de uma cultura que mata cristãos. Qualquer religião que não considere Jesus como o Cristo, não pode dizer que é cristã, é anticristã”, diz Ana Paula em um dos trechos de vídeo transcritos no processo. À época, ela estaria questionando a criação de adesivos no Instagram em homenagem ao Ramadã — mês sagrado do Islamismo, que ocorria no período em questão. “Não sei porque muitos deles estão se sentido ofendidos. Se eles… Se tem uma casta que não explode cristão, não tem que se sentir ofendido porque eu não estou falando deles. Estou falando da casta, que em sua maioria, explode cristãos. (…) Se eu não me encaixo dentro daquilo, a carapuça não serve para mim. É um povo mimizento. Bombástico”. Ana Paula não foi localizada para se manifestar sobre a decisão. Nos autos do processo, ela alegou que as falas foram cortadas e, por isso, retiradas de contexto, “com a clara finalidade de desvirtuar toda realidade”. A advogada também afirma que é formada em teologia e tem “conhecimento técnico religioso aprofundado”, o que a impediria de “propagar qualquer ato de violência, perseguição religiosa ou incentivo a qualquer ato ofensivo para com os islâmicos”. Ao recorrer da decisão na primeira instância, Ana Paula alegou que foi vítima de cerceamento de defesa e que suas falas estavam protegidas pelo direito à liberdade de expressão. Contudo, o desembargador José Rubens Queiroz Gomes, relator do processo, afastou as apelações e considerou que ela “ultrapassou os limites da liberdade de expressão”: “A liberdade de expressão ou de pensamento não é ilimitada, ou seja, encontra limites no direito alheio que, na hipótese dos autos, é o direito daquele que professa fé diferente da ré de não ser rotulado da forma como o fez a ré”, discorreu o magistrado. Sobre outro vídeo no qual a advogada usava um lenço enrolado na cabeça, simulando um hijab, e disse que “quem rir, vai explodir”, o juiz descreveu como um “deboche”. Além disso, reiterou que a vinculação, por parte da ré, de termos violentos ao Alcorão e a uma suposta frase do profeta Maomé sustentam a sentença por danos morais. Já estipulado na primeira instância, o valor de R$ 20 mil foi mantido pela Corte. A indenização, considerada “suficiente à reparação da dor sofrida pelas vítimas” e um “desestímulo ao causador do dano”, será destinada ao Fundo Estadual de Defesa dos Interesses Difusos. (*estagiário sob supervisão de Luã Marinatto)"
O Globo,"Após pesquisa Quaest, eleição de Fortaleza tem reviravolta com candidatos do PL e do PT à frente em média do Rali",{'https://oglobo.globo.com/blogs/pulso/noticia/2024/09/12/apos-pesquisa-quaest-eleicao-de-fortaleza-tem-reviravolta-com-candidatos-do-pl-e-do-pt-a-frente-em-media-do-rali.ghtml'}," O levantamento da Quaest divulgado nesta quarta-feira tirou Capitão Wagner (União) da liderança na corrida para a prefeitura de Fortaleza na média das últimas pesquisas medida pelo Rali, agregador do do GLOBO feito em parceria com o Instituto Locomotiva. Ele foi ultrapassado tanto por André Fernandes (PL), aliado de Jair Bolsonaro, quanto por Evandro Leitão (PT), nome do presidente Lula no pleito. Já o atual prefeito, José Sarto (PDT), aliado do ex-governador Ciro Gomes, passou da segunda para a quarta colocação. Todos somam, porém, índices próximos de intenções de voto. Veja o infográfico com os dados.       Até a última semana, a disputa era liderada por Capitão Wagner, que era seguido por José Sarto, ainda de acordo com o Rali.     A pesquisa Quaest divulgada nesta quarta-feira ainda manteve Capitão Wagner numericamente na primeira colocação da corrida, com 24% das intenções de voto, mas agora ele aparece tecnicamente empatado com os outros três rivais, após registrar queda de sete pontos percentuais. André Fernandes e Evandro Leitão tiveram crescimentos expressivos, para 21% cada um, enquanto o prefeito José Sarto também registrou oscilação negativa e marcou 18%. O cenário indica um empate quádruplo dentro da margem de erro, que é de 3 pontos percentuais para mais ou para menos.   Este é o segundo levantamento da Quaest na campanha eleitoral em Fortaleza, e o primeiro do instituto na capital cearense desde o início da propaganda eleitoral gratuita no rádio e na TV, no dia 30 de agosto. A pesquisa Quaest foi encomendada pela TV Verdes Mares, afiliada da TV Globo no Ceará. Para esta pesquisa, o instituto ouviu 900 eleitores de 16 anos ou mais entre os dias 8 e 10 de setembro. O nível de confiança é de 95%, o que significa que se forem realizadas 100 pesquisas nas mesmas condições, 95 delas trarão o mesmo resultado considerando a margem de erro.   O Rali apresenta o panorama das intenções de voto divulgadas por seis empresas e institutos de pesquisa com relevância nacional. No caso de Fortaleza, já foram divulgadas pesquisas recentes dos institutos Datafolha, Quaest, Atlas e Ideia. Ipec e Ipespe ainda não fizeram levantamentos sobre a disputa na capital. A metodologia do agregador, elaborada a partir da experiência do Locomotiva no setor de pesquisas, considera diferentes fatores para calcular o total agregado de intenções de voto dos candidatos. De um lado, pesa o tamanho da amostra e o quão recente é um resultado. Do outro, são levados em conta o histórico de atuação dos institutos e sua cobertura nos diferentes estados nas últimas três eleições.   Já no Recife, em Pernambuco, o prefeito João Campos (PSB) segue consolidado na liderança com 74,1% das intenções de voto no agregador Rali depois da divulgação da Quaest desta quarta-feira. O segundo lugar é o ex-ministro do governo Bolsonaro Gilson Machado (PL) com 8,8%. Ele é seguido por Daniel Coelho (PSD), nome da governadora Raquel Lyra (PSDB) na disputa, com 5%. No levantamento da Quaest, João Campos marcou 76% das intenções de voto, mas oscilou negativamente, já que, em agosto, tinha 80%. Em seguida, vêm Daniel Coelho (PSD) e Gilson Machado (PL), empatados com 6% cada. Dani Portela(PSOL) tem 2% e Tecio Teles (Novo), 1%. Considerando a margem de erro de três pontos percentuais para mais e para menos, os quatro estão tecnicamente empatados."
O Globo,"Em 'guerra de fotos', Hugo Motta tem o aceno de bancadas com 325 deputados; Elmar e Brito somam 150",{'https://oglobo.globo.com/politica/noticia/2024/09/12/em-guerra-de-fotos-hugo-motta-tem-o-aceno-de-bancadas-com-325-deputados-elmar-e-brito-somam-150.ghtml'}," Os deputados Hugo Motta (Republicanos-PB), Elmar Nascimento (União-BA) e Antonio Brito (PSD-BA), líderes de seus partidos e candidatos à presidência da Câmara, entraram em uma ""guerra de fotos"" para medir forças na disputa pelo comando da Casa. Alçado à favorito por receber acenos do governo, da oposição e do presidente da Casa, Arthur Lira (PP-AL), Motta fez aniversário nesta quarta-feira e reuniu, além do próprio Lira, líderes de partidos que representam bancadas que somam 325 deputados. Na foto que mostrou a comemoração do aniversário de Motta aparecem os líderes partidários Odair Cunha (PT-MG), Altineu Cortes (PL-RJ), Doutor Luizinho (PP-RJ), Isnaldo Bulhões (MDB-AL), Renildo Calheiros (PCdoB-PE), Luciano Amaral (PV-AL) e Romero Rodrigues (Podemos-PB). O deputado Zucco (PL-RS), próximo do ex-presidente Jair Bolsonaro também estava presente. O número já seria suficiente para garantir a eleição do líder do Republicanos como chefe da Câmara, mas, apesar do aceno favorável, os partidos ainda vão dialogar com os deputados antes de fechar questão sobre a disputa. Como o voto secreto, também é possível haver dissidências. Embora não tenha aparecido na foto de aniversário, o líder do PSB, Gervásio Motta (PB), também tem sinalizado favorável a Motta. Os dois são do mesmo grupoi na Paraíba e Gervásio participou de uma reunião com Lira, Motta e outros líderes aliados na noite de terça. Apesar disso, integrantes do PP dizem que ainda há indefinição no PSB porque Elmar articulou uma aliança entre o União Brasil e o prefeito do Recife, João Campos (PSB). Ainda assim, a expectativa de aliados de Motta é ter o apoio de todo o PSB. Já Elmar e Brito, que articulam a união em uma única candidatura que se mostrar mais viável futuramente, participaram de uma reunião na segunda-feira na casa do ministro do Turismo, Celso Sabino. Na foto também aparecem o ministro das Comunicações, Juscelino Filho, o presidente do União Brasil, Antonio Rueda, e os deputados Danilo Forte (União-CE), Diego Coronel (PSD-BA), Paulo Litro (PSD-PR), Murilo Gouveia (União-RJ) e Luiz Gastão (PSD-CE). Em outro registro, em um encontro na Câmara realizado na terça-feira, Elmar posou ao lado dos líderes da Maioria, André Figueiredo (PDT-CE), do PSDB, Adolfo Viana (BA), e dos presidentes do Solidariedade, Paulinho da Força (SP), e do Avante, Luís Tibé (MG). Juntos com PSD e União, as legendas somam 150 deputados. Apesar do favoritismo de Motta na Casa, Elmar e Brito têm descartado desistir. Aliados dos dois avaliam que o avanço de Motta faz parte somente do início da disputa e que o jogo está aberto. Na noite desta quarta, Elmar e Brito participaram de um jantar em homenagem ao ministro do Supremo Tribunal Federal Gilmar Mendes. No encontro, Brito buscou o ministro das Cidades, Jader Filho, para tentar ajudar com o apoio do MDB. Por outro lado, o partido tem acenando com apoio a Motta, que já foi da legenda e ainda tem boa relação com a sigla. Rival histórico do PT, o líder do União Brasil tem apostado agora em fazer acenos ao governo para sobreviver na disputa. Elmar tem tentado mostrar ao presidente Luiz Inácio Lula da Silva que seria melhor para o Palácio do Planalto do que Motta. Em um aceno ao governo, o candidato do União chegou a dizer que vai tentar vencer a disputa sem fazer acordo com o PL de Jair Bolsonaro. Apesar disso, integrantes do PT, como o líder da Câmara, Odair Cunha, e a presidente do partido, Gleisi Hoffmann, têm se mostrado mais inclinados a apoiar Motta. A cúpula do partido entende que o líder do Republicanos seria a melhor solução porque é o que tem capacidade de dialogar com o maior número de forças políticas na Casa."
O Globo,"Máscara, umidificador, hidratação: veja como aliviar o desconforto do tempo seco e carregado de fumaça",{'https://oglobo.globo.com/blogs/minas-no-globo/post/2024/09/mascara-umidificador-hidratacao-veja-como-aliviar-o-desconforto-do-tempo-seco-e-carregado-de-fumaca.ghtml'}," Em Belo Horizonte (MG) não chove há 145 dias. A Defesa Civil emitiu um alerta de tempo extremamente seco até a próxima segunda-feira, dia 16. O Instituto Nacional de Meteorologia (Inmet) prorrogou até sexta o alerta de “grande perigo” devido à onda de calor que atinge 196 cidades mineiras, além dos estados de São Paulo, Paraná, Mato Grosso, Mato Grosso do Sul, Rondônia e Amazonas.   Aliado a isso, a população enfrenta as consequências geradas pelos incêndios. Além dos danos ambientais, a fumaça toma conta da paisagem. Só nos últimos cinco dias, os bombeiros receberam quase mil chamados para combate a queimadas em Minas. O problema se traduz em dor de cabeça, olho seco, coriza, dor de garganta e desidratação, entre outros sintomas. Mas o que de fato é eficiente para aliviar esses desconfortos? Caroline Mésseder, professora da Faculdade Ciências Médicas e especialista em clínica médica, afirma que já houve um aumento no número de internações por causa de infecções respiratórias. Ela destaca a necessidade de ingestão de líquido, antes mesmo de sentir sede, e recomenda o uso de umidificador, desde que se sigam recomendações, e de máscara em casos específicos. Veja a entrevista completa. Em período de tempo seco, qual a quantidade de água que deve ser ingerida? Importante lembrar que a sede já é um sinal que o nosso corpo está desidratado. É errado esperar ter sede para se hidratar. O ideal é de 30 a 50ml de líquido por quilo de peso, então há essa média de 2 litros a 2,5 litros que é uma recomendação geral levando-se em conta o peso médio da população de 60 e 70 kg. Entretanto, a gente tem que lembrar que existem variações. Quando a pessoa tem uma sudorese mais intensa, é preciso beber mais água. Lembrando que os alimentos ricos em líquidos também nos ajudam a manter a hidratação: melancia, melão... Essa alimentação mais leve é um pilar para hidratação. A ingestão de frutas, sucos, água de coco, chás entra na contagem. Qual a relação entre tempo seco e as doenças respiratórias? A baixa umidade promove um ressecamento das mucosas. Isso quebra um pouco as barreiras de proteção tornando organismo mais suscetível à inflamação e, consequentemente, infecções. As pessoas que sofrem com olho seco, o colírio é um recurso que pode ser usado para diminuir a irritação da mucosa ocular. A lavagem nasal pode ser um bom recurso para limpeza e hidratação da cavidade nasal desde que feita adequadamente. Deve-se usar o soro fisiológico. O soro caseiro é contra indicado porque pode não ter a quantidade de elementos necessários na solução e acabar irritando a mucosa nasal. Em que situações o umidificador deve ser usado? Ele é um aliado desde que usado corretamente. O ideal é trocar a água do umidificador a cada três ou no máximo cinco dias, além da higienização adequada do aparelho. É importante ficar atento ao tempo de uso: de 5 a 6 horas. Para quem vai optar por mantê-lo ligado durante a noite, não deixar o umidificador na potência máxima e garantir alguma corrente de ar, como uma janela entreaberta. A umidade em excesso junto ao calor vai favorecer o surgimento de mofo que também prejudica a saúde respiratória. Para quem não tem o umidificador, balde de água, bacias, toalhas molhadas ajudam a amenizar um pouco desse impacto do tempo seco. Como ar mais poluído, inclusive com fumaça de queimadas, para quem é indicado o uso de máscara? Para quem tiver com sintomas na via aérea superior - coriza, espirro, febre ou lacrimejamento - deve usar máscara para evitar a propagação desses vírus ou bactérias. Há uma atenção especial nos casos de sangramento nasal, prostração, incapacidade de hidratação oral porque isso pode ser um sinal de desidratação mais intensa que tem que ser visto pelo médico e manejado em ambiente hospitalar. Então, esses sinais de alerta servem para a população em geral. É indicado o uso de máscara para aquelas pessoas que estão com algum sintoma respiratório ou que tenha alguma doença e, por isso, são mais suscetíveis a infecções respiratórias."
O Globo,"Pelo menos 12 grandes rios brasileiros estão secando, aponta estudo; saiba quais",{'https://oglobo.globo.com/brasil/meio-ambiente/noticia/2024/09/12/pelo-menos-12-grandes-rios-brasileiros-estao-secando-aponta-estudo-saiba-quais.ghtml'}," Um levantamento do Laboratório de Análise e Processamento de Imagens de Satélites (Lapis), da Universidade Federal de Alagoas (UFAL), mostra que os maiores rios do país estão secando. A seca atual atinge 55% do território nacional e é a mais extensa já registrada, atingindo 4,6 milhões de km².   Por satélite, o laboratório detectou redução na vazão de rios, lagos e reservatórios das regiões Centro Oeste, Sudeste e da Amazônia. Pelo menos 12 grandes rios já são afetados. Na lista de maior redução no volume de águas estão os rios Manso, Paranaíba e Jequitinhonha, em Minas Gerais; Tocantins, entre os estados de Tocantins e Maranhão; e o Rio Paraná, no trecho entre São Paulo e Mato Grosso do Sul. Centro da terceira maior bacia hidrográfica do país, o Rio São Francisco, que nasce em Minas Gerais e desemboca no mar em Sergipe, já teve sua vazão reduzida em 60% nas últimas três décadas. Na Amazônia, o levantamento registra as reduções mais significativas nos rios Mamiá, em Coari, Tefé e Badajós. Todos cortam o estado do Amazonas. O Tefé possui cerca de 350 km de extensão, formando o lago de Tefé antes de desembocar no Rio Solimões. O Rio Badajós é afluente da margem esquerda do Solimões. O Rio Mamiá, por sua vez, é cercado por uma área de 30 mil hectares de floresta nativa preservada. Estudos mostram que o local abriga 50 milhões de árvores, onde vivem cerca de 208 espécies, incluindo várias em risco de extinção, como o Tucano-de-Bico-Preto e o Macaco-Aranha-de-Cara-Preta.   Segundo o professor Humberto Barbosa, responsável pelo levantamento, os principais rios do Brasil registram níveis muito baixos em decorrência da seca, como é o caso da Amazônia, o que prejudica todos os brasileiros, que dependem deles para várias atividades. O controle do nível da água dos rios, lagos e reservatórios é importante para abastecimento humano e de animais, agricultura, piscicultura, transporte e geração de energia. O estudo mostra que pelo menos nove usinas hidrelétricas brasileiras podem ser afetadas por essa redução do volume de águas. O Rio Jequitinhonha abriga a segunda maior barragem do Brasil, a da UHE Irapé. No Rio Paranaíba está a UHE São Simão. No Rio Paraná está instalada a UHE Porto Primavera, por exemplo. No Tocantins, está instalada a UHE Estreito, no trecho entre Maranhão e Tocantins. O nome faz referência justamente à característica do rio, que é mais estreito nessa área. No Rio São Francisco a situação é ainda mais grave. Além de abastecer centenas de municípios, ele gera energia por meio de cinco usinas hidrelétricas - Sobradinho, Apolônio Sales, Paulo Afonso, Luiz Gonzaga e Xingó.   A baixa vazão dos rios é também uma questão internacional, pois prejudica países vizinhos. É caso do lago natural Baía Grande, que faz parte da bacia Amazônica e é dividido entre Brasil e Bolívia, onde é chamado de Laguna Marfil. O lago tem uma superfície de cerca de 100 km2, das quais 52% pertencem à Bolívia e 48% ao Brasil. Na Bolívia, a área compõe uma unidade de conservação de manejo integrado. No Brasil, o acesso é controlado por fazendeiros, segundo os pesquisadores Denildo Costa, da Universidade Federal do Mato Grosso (UFMT), e Mauro Crema. Barbosa prevê que, na Amazônia, o bloqueio atmosférico pode ser quebrado nos próximos dias devido à atuação da Zona de Convergência Intertropical (ZCIT), fenômeno que leva chuvas à região."
O Globo,PL mais que triplica pagamentos por pesquisas dois anos após ofensiva de Bolsonaro contra institutos,{'https://oglobo.globo.com/politica/noticia/2024/09/12/pl-mais-que-triplica-pagamentos-por-pesquisas-dois-anos-apos-ofensiva-de-bolsonaro-contra-institutos.ghtml'}," Sigla do ex-presidente Jair Bolsonaro, que fez duras críticas às pesquisas eleitorais durante as eleições presidenciais de 2022, o Partido Liberal (PL) mais que triplicou a quantidade levantamentos financiados pela legenda em comparação ao último pleito municipal, passando de 8 (2020) para 28 (2024).   O estado com maior investimento em pesquisa é São Paulo, onde o PL encomendou sete sondagens até agora. Quando era candidato à reeleição presidencial, em 2022, Bolsonaro questionou por diversas vezes a credibilidade dos institutos de pesquisa.   — Essas pesquisas não valem de nada. Erraram tudo em 2018 e agora, obviamente, potencializam o outro lado — disse o ex-presidente em agosto de 2022, durante viagem à Nova York para participar da Assembleia Geral da ONU, quando questionado sobre pesquisas eleitorais que mostravam Lula com vantagem na corrida. Em outro momento, em abril do mesmo ano, durante evento no Rio Grande do Sul, o então presidente afirmou que “quem acredita em pesquisa, acredita em Papai Noel também”. Somente em Santos, nos últimos meses, o PL encomendou cinco pesquisas eleitorais do Paraná Pesquisas com sondagens sobre os candidatos à prefeitura, onde o partido tenta emplacar a atual deputada federal Rosana Valle. Outras duas pesquisas no estado paulista foram encomendadas pelo partido ao Paraná Pesquisas, uma em Ilhabela e outra em Araraquara. O partido gastou R$ 282.680 nos sete levantamentos.   Até agora, 137 pesquisas eleitorais foram pagas por partidos no país. No pleito de 2020, foram 198, contando primeiro e segundo turnos. Os dados são do Tribunal Superior Eleitoral (TSE). Piauí é o estado com o maior número de pesquisas encomendadas por partidos políticos. São 83, sendo 53 do PSD, 12 do MDB, 8 do Republicanos, 4 do PSB, 3 do PT e 1 do Novo, PP e PDT. No último pleito municipal, foram 77. Além do Piauí, outros cinco estados registraram aumento nas pesquisas encomendadas por partidos: Paraná, São Paulo, Pará, Sergipe e Tocantins. Os valores pagos por levantamento variam de R$ 3.500, total pago pelo PSD à empresa Census por uma pesquisa de intenção de votos em Acauã (PI); a R$ 40,7 mil, valor que o PL deu em troca de um levantamento do Paraná Pesquisas em Juiz de Fora (MG)."
O Globo,"Análise da sabatina O GLOBO, Extra, Valor e CBN: defesa de Castro por Ramagem é tudo o que Paes mais quer",{'https://oglobo.globo.com/politica/eleicoes-2024/noticia/2024/09/12/analise-da-sabatina-o-globo-extra-valor-e-cbn-defesa-de-castro-por-ramagem-e-tudo-o-que-paes-mais-quer.ghtml'}," Na semana passada, o governador Cláudio Castro trocou o comando da Polícia Civil do Rio e deu uma declaração desastrosa para a campanha do seu aliado, Alexandre Ramagem, que coloca a segurança pública como o principal mote dos seus programas de TV e tem o adversário Eduardo Paes jogando o problema no colo do Palácio Guanabara: “Temos visto um aumento gigante da violência e uma piora dos índices”. Ontem, o entorno de Ramagem não acreditou quando o viu defendendo o governo do estado com uma “nota 7”, cilada que qualquer manual básico de media training rejeita, principalmente desde que pesquisa Quaest do fim de agosto apontou que 83% dos eleitores rejeitam o candidato que aparecer apoiado por Castro.   Ramagem (PL) chegou na Redação do GLOBO acompanhado da sua esposa Rebeca, também delegada de polícia, e de Bruno Bonetti, suplente do senador Romário e braço-direito de Valdemar Costa Neto. Mais uma vez, o candidato do PL participou de um importante momento da campanha sem a presença do seu maior estrategista de comunicação: o marqueteiro Paulo Vasconcellos, fundamental na eleição de Castro há dois anos e hoje muito mais envolvido na candidatura de reeleição do prefeito de Belo Horizonte, Fuad Noman, do que na disputa carioca. O ex-chefe da Abin de Jair Bolsonaro e deputado federal eleito em 2022 com 59.170 votos reconhece dificuldades em lidar com as estratégias de comunicação de uma campanha majoritária. Antes da sabatina começar, perguntei a ele sobre o debate da Band de agosto, onde foi orientado por Carlos Bolsonaro nos intervalos. O próprio reconheceu o “nervosismo” diante de Paes e Tarcísio Motta, dois candidatos já fartamente experimentados para eleições ao Executivo. Ontem, os sinais de ainda não estar à vontade no papel de candidato voltaram a aparecer. Ramagem até mostra facilidade em enfileirar números de áreas como segurança, saúde, educação e transportes. Foram meses de aulas semanais no Palácio Guanabara com Rodrigo Abel, chefe de gabinete de Cláudio Castro, e vários especialistas, além de uma trajetória “desde 2007 como ordenador de despesas” dentro da Polícia Federal. A desenvoltura para conectar dados com uma narrativa que faça sentido para o eleitor é que não consegue engrenar a menos de quatro semanas do primeiro turno. Ora, se as pesquisas mostram que a segurança é o principal problema para o eleitor do Rio, por que o candidato do PL passou minutos relevantes das suas respostas enaltecendo que a administração Castro reduziu homicídios, roubo de carga e bate recorde de apreensão de fuzis? Como uma mesma fala pode conter que o governo “está produzindo muito” e, ao mesmo tempo, que “estamos perdendo o estado para as forças paralelas”? Tantos sinais trocados ofuscam as mensagens que a comunicação de Ramagem quer ver de maneira mais clara, como “vemos um prefeito que joga a responsabilidade nos outros”. Sem subestimar a violência como o grande tema da eleição, Paes tem usado boa parte do seu tempo de TV apresentando como atuou na área nos últimos três anos, comprando câmeras e investindo em iluminação. Na conversa antes da sabatina, Ramagem disse acreditar que o carioca só vai se ligar na eleição na última semana de campanha. É justamente no início de outubro que Bolsonaro vai desembarcar no Rio para agendas diárias com o ex-Abin e que ocorrerá o debate da TV Globo, o único que Paes irá até o fim da campanha. Entre 25% e 30% dos votos, é essa a meta da campanha, além da crença que Tarcísio chegará a índices acima dos dois dígitos. Enquanto outubro não chega, a campanha busca criar fatos novos para capturar a atenção do público. Na TV, a tentativa se deu com o lema “nós, os otários, vamos vencer”. Ontem, de uma maneira um tanto improvisada e aleatória, Ramagem ensaiou fazer uma denúncia sobre a existência de um aparato clandestino de inteligência, sem apresentar provas. Em menos de duas horas, Paes rebateu o adversário nas ruas usando o tema “telhado de vidro” do ex-Abin: “Esses caras que são arapongas, que grampeiam os próprios aliados, como ele fez com o presidente Bolsonaro, sempre têm uma tendência a achar que todo mundo faz igual a eles. Esse negócio de grampear os outros é especialidade dele, não minha”, respondeu no início da tarde."
O Globo,BR-319: especialistas apontam riscos ambientais em obra defendida por Lula em rodovia no coração da Amazônia,{'https://oglobo.globo.com/brasil/meio-ambiente/noticia/2024/09/12/br-319-especialistas-apontam-riscos-ambientais-em-obra-defendida-por-lula-em-rodovia-no-coracao-da-amazonia.ghtml'}," Anunciada pelo presidente Luiz Inácio Lula da Silva (PT) na terça-feira, a pavimentação de uma extensão de 20 quilômetros da rodovia BR-319 preocupa especialistas, que alertam sobre os riscos de crescimento do desmatamento no coração da Floresta Amazônica. Em julho, uma decisão liminar da 7ª Vara Ambiental e Agrária da Seção Judiciária do Amazonas suspendeu a licença prévia, concedida no governo Bolsonaro, para a reconstrução e asfaltamento do trecho do meio da estrada.   Advogado do Observatório do Clima, Paulo Busse destaca que o Ibama “vem alertando para os riscos socioambientais do empreendimento”. O especialista ressalta que, caso a obra seja retomada, as consequências serão “catastróficas e irrecuperáveis para a floresta, os povos que lá vivem e para o clima do planeta”. — A mera expectativa gerada pela concessão da licença prévia já aumentou o desmatamento às margens do traçado da futura estrada. Os povos indígenas sequer foram ouvidos, o que viola uma série de direitos — aponta Busse. Pesquisador da USP e da Universidade Federal do Amazonas, Lucas Ferrante aponta que a rodovia não tem viabilidade científica atestada e destaca que a seca — elemento levantado por Lula para justificar a importância da obra — não deve ser motivo para pressionar o licenciamento. — O desmatamento na Amazônia é maior na beira das estradas. A pavimentação da rodovia provocaria uma situação extremamente crítica, que impacta no ciclo hídrico inclusive de outros países. Também não há contingente para combater o crime organizado caso o projeto vá a frente. O presidente precisa se guiar por critérios técnicos e reverter a obra imediatamente — avalia. Já o advogado Gabriel Turiano, especialista em Direito Público, aponta que a “viabilidade de uma obra dessa magnitude depende da obtenção das licenças ambientais necessárias”. Turiano ressalva, entretanto, ser possível “encontrar alternativas que permitam o desenvolvimento econômico com a preservação do meio ambiente”. — O principal benefício da realização da obra é permitir melhor trafegabilidade e, por consequência, crescimento econômico. Já os contras do projeto estão no desafio de preservar o meio ambiente e encontrar mecanismos para prevenir e controlar os riscos advindos da realização da obra e, após, da utilização frequente da rodovia — explica. Construída durante a ditadura militar, no início dos anos 1970, a via foi abandonada na década seguinte e costuma ficar intransitável entre dezembro e maio por conta do lamaçal do período chuvoso. Questionada pelo GLOBO em abril, a gestão de Wilson Lima defendeu a pavimentação como ""forma de tirar o estado do isolamento em relação ao restante do Brasil"".   O anúncio da obra, ao custo de R$ 157,5 milhões, ocorreu durante uma visita de Lula ao Amazonas em meio a seca severa e onda de queimadas que atingem o Norte do país. Com cerca de 900 quilômetros de extensão, a estrada conecta Manaus a Porto Velho, no “arco do desmatamento"". — É preciso parar com essa história de achar que a companheira Marina não quer construir a BR-319. Essa BR-319 foi construída nos anos 70. Ela foi abandonada por desleixo não sei de quem, ela ficou sem funcionar e hoje a rodovia tem uma parte para cá que funciona, uma parte para lá que funciona, e no meio são 400 quilômetros, que foram inutilizados — disse Lula durante discurso aos moradores de Manaquiri. O presidente destacou que a importância da via se dá principalmente em momentos de seca e disse que a gestão federal vai reconstruir a estrada ""com a maior responsabilidade"", em uma parceria com os estados. — Já tive muitas discussões e enfrentamos grandes desafios para construir essa estrada. Existem 400 km que nunca foram reconstituídos. Em vez de continuar a briga, propus à Marina e ao Rui (Costa, ministro da Casa Civil) que começássemos com 52 quilômetros, divididos em 20 e depois 32. Precisamos ouvir todos os envolvidos e garantir que a estrada seja construída sem permitir que seja destruída por grileiros — afirmou o presidente. Na decisão que suspendeu a licença prévia, a juíza Maria Elisa Andrade aceitou a ação civil pública movida pelo Observatório do Clima, rede que reúne dezenas organizações da sociedade civil. O grupo pedia a anulação da licença concedida pelo Instituto Brasileiro do Meio Ambiente e dos Recursos Naturais Renováveis (Ibama) no último ano do governo do ex-presidente Jair Bolsonaro (PL). A magistrada acatou a necessidade de preexistência de governança ambiental e controle do desmatamento antes da recuperação da via e apontou que, sem este trabalho, os danos ambientais previstos nas áreas ao redor da via — que compreende 13 municípios, 42 Unidades de Conservação e 69 Terras Indígenas — não poderão ser evitados. Nos cerca de 400 km de comprimento do “trecho do meio”, área correspondente à parcela mais preservada da floresta devido à dificuldade de acesso de desmatadores, o Ibama identificou sete Unidades de Conservação (UC), todas localizadas no estado do Amazonas. Segundo o Instituto, três dessas unidades são federais e as outras quatro estaduais. A juíza também reconheceu a importância de considerar estudos de impactos climáticos para o asfaltamento da estrada. ""Em última análise, o subdimensionamento dos impactos ambientais de grandes empreendimentos tende a esvaziar compromissos nacionais assumidos para mitigar a crise climática"", aponta a juíza na decisão. Caso a determinação seja descumprida, uma multa de R$ 500 mil pode ser aplicada sobre a administração pública. Um grupo de trabalho foi criado pelo governo federal em novembro para apresentar estudos e propostas que promovam a discussão de soluções de otimização da infraestrutura da rodovia. O projeto foi incluído Programa de Aceleração do Crescimento (PAC), pacote de medidas de infraestrutura prioritárias do Executivo. Nos últimos sete anos, o governo federal gastou R$ 572,9 milhões na manutenção e na conservação da estrada, entre 2016 e 2023, segundo o Departamento Nacional de Infraestrutura de Transportes (Dnit). Um dos pontos levantados por ambientalistas foi a possibilidade de crescimento do risco de zoonoses (doenças infecciosas transmitidas dos animais para os seres humanos), abrindo, inclusive, precedentes para uma nova pandemia. Além disso, pesquisadores apontam que a pavimentação da rodovia visa a facilitar o acesso a áreas de exploração de petróleo e gás. Em dezembro, o Congresso Nacional aprovou um projeto de lei que flexibiliza o licenciamento ambiental da obra e cria a possibilidade de uso de verbas do Fundo Amazônico — destinado a proteger a floresta tropical — no empreendimento."
O Globo,"Sucessão na Câmara: Lira sinaliza apoio a Hugo Motta e é chamado de traidor por aliados de Elmar, que tenta atrair Lula",{'https://oglobo.globo.com/politica/noticia/2024/09/12/sucessao-na-camara-lira-sinaliza-apoio-a-hugo-motta-e-e-chamado-de-traidor-por-aliados-de-elmar-que-tenta-atrair-lula.ghtml'}," O presidente da Câmara dos Deputados, Arthur Lira (PP-AL), sinalizou na quarta-feira em almoço que irá apoiar Hugo Motta (Republicanos-AL) para a sucessão ao comando da Casa. Em um dia movimentado por conversas a portas fechadas, Lira se juntou a líderes de sete partidos para celebrar o aniversário do candidato do Republicanos. A demonstração foi robusta, com a participação de representantes de siglas que somam 325 parlamentares, mais do que o necessário para uma eventual vitória em primeiro turno (257).   Do outro lado da disputa, o líder do União Brasil, Elmar Nascimento (BA), declarou ter ignorado convite para um diálogo com Lira, de quem é próximo. Elmar foi recebido pelo presidente Luiz Inácio Lula da Silva durante a tarde e reafirmou a disposição de continuar na corrida. Além disso, ressaltou o apoio do PSD e de dissidentes de siglas do Centrão e sinalizou ao Palácio do Planalto que não terá o apoio do PL, partido do ex-presidente Jair Bolsonaro. Insatisfeitos com o cenário, parlamentares do União Brasil já começaram a qualificar Lira como “traidor”.   Após o almoço em homenagem a Motta, o líder do PT, deputado Odair Cunha (MG), declarou que o presidente da Câmara confirmou o apoio ao líder do Republicanos. Estiveram no local Altineu Côrtes (PL-RJ), Doutor Luizinho (PP-RJ), Isnaldo Bulhões (MDB-AL), além de representantes de Podemos, PV e PCdoB. Embora reconheça que o encontro não foi realizado para colher o apoio oficial, Motta disse a interlocutores que os convidados são aqueles que “já estão embarcando no projeto”. O parlamentar ressaltou ainda a necessidade de mergulhar na campanha e conversar com todos os deputados, pois o momento seria de “construção de pontes”. A eleição só ocorrerá em fevereiro. Com o voto secreto, há margem para traições de parlamentares aos partidos. Deputados esperam que o presidente da Câmara possa fazer um anúncio formal esta semana, embora já tenha postergado o prazo mais de uma vez. Motta tem dito que cabe só ao próprio Lira o anúncio, “no tempo dele”, e que não vê motivos para acelerar o processo. Já Elmar Nascimento teve, além da conversa com Lula, uma reunião com integrantes da cúpula e da bancada do União Brasil. Após o segundo compromisso, ele não escondeu a contrariedade com a situação. O presidente da Câmara chegou a ser o principal fiador de sua candidatura. — Minha pré-candidatura segue de pé. Nada mudou. O presidente (Arthur) Lira é do PP, mas não me falou nada. Ele me procurou hoje, mas não tive tempo. Só falo sobre ele quando ele falar em on (em público, oficialmente sobre o apoio a Hugo Motta). Eu não tenho inimigos, nem vou ter. Toda hora que ele chamar, vou aceitar — disse Elmar. O cenário sofreu uma reviravolta na semana passada, quando Marcos Pereira (Republicanos-SP) abriu mão de sua candidatura em favor de Hugo Motta, que angariou apoio relevante em pouco tempo. Na conversa com Lula, Elmar disse que quer criar um blocão de apoio com o PSD, do também candidato Antônio Brito (BA), do qual só não fará parte o PL. Ele sinalizou que, mais à frente, perto da eleição de fevereiro, a candidatura será liderada por ele ou Brito. Ou seja, o parlamentar mais bem posicionado. Na visão de auxiliares do governo, o líder do União Brasil quis deixar claro a Lula seu potencial de votos, pois chegou a citar a possibilidade de atrair parte relevante do PP, mesmo à revelia de Lira. Segundo aliados de Lula, Elmar está tentando se desvencilhar do presidente da Câmara para construir uma relação mais próxima com o governo. O Planalto avalia que o parlamentar está irritado com Lira Um gesto claro em direção ao governo foi feito na terça-feira, quando ele se colocou à disposição do Planalto para trocar os nomes da legenda na Comissão de Constituição e Justiça para adiar a análise do projeto de lei de anistia aos envolvidos nos atos de 8 de janeiro. Na conversa de quarta-feira, Lula voltou a dizer a Elmar que não tem objeção a ele e a nenhum outro nome na disputa. O presidente reforçou que não irá interferir no processo e que é legítimo Elmar se posicionar como postulante. O Palácio do Planalto, no entanto, prefere o líder do Republicanos. Desde a semana passada, articuladores de Lula começaram a atuar para que Motta tenha adesão de partidos da base do governo, inclusive pressionando o MDB. De acordo com relatos, o encontro entre Lula e Elmar foi em tom cortês e acompanhado do ministro do Turismo, Celso Sabino, e das Comunicações, Juscelino Filho, ambos do União Brasil. Na quarta-feira, o deputado Alexandre Leite (União-SP) acabou admitindo ao microfone do Conselho de Ética da Câmara o que parlamentares do União Brasil veem manifestando nos corredores desde a reviravolta na sucessão: —O presidente Arthur Lira traiu o deputado Elmar. Ele traiu o nosso líder — disse Leite. — Não há ninguém mais descontente com o deputado Arthur Lira do que nós.   Após o almoço de Hugo Motta, o líder do PL, Altineu Côrtes, disse que a bancada será consultada para se posicionar sobre o apoio ao candidato do Republicanos. Segundo ele, tanto o presidente da legenda, Valdemar Costa Neto, quanto o ex-presidente Jair Bolsonaro vão conversar com Lira sobre o assunto. — Hugo é um nome que reúne todas as qualidades. É do partido de Tarcísio (de Freitas, governador de São Paulo), mas vamos ouvir a bancada — disse Altineu. Já o líder do PT disse que “apoia o nome de Hugo Motta para sua sucessão, como um nome qualificado para a construção da unidade na casa”. Odair afirmou ainda que vai “submeter o nome” dele à bancada do PT. A aliança desenhada entre PSD e União também foi selada para valer na disputa à presidência do Senado, onde Davi Alcolumbre (União-AP) é candidato. Apoiadores de Motta avaliam, porém, que o presidente do PSD, Gilberto Kassab, e a cúpula do União têm desavenças históricas. O aceno a Elmar, portanto, seria uma forma de valorizar o partido nas negociações por apoio ao líder do Republicanos."
O Globo,"Entrevista: 'Vamos trabalhar para construir mecanismos para que não se repita', diz Macaé Evaristo sobre caso de assédio",{'https://oglobo.globo.com/politica/noticia/2024/09/12/entrevista-vamos-trabalhar-para-construir-mecanismos-para-que-nao-se-repita-diz-macae-evaristo-sobre-caso-de-assedio.ghtml'}," Substituta de Silvio Almeida, a nova ministra dos Direitos Humanos Macaé Evaristo disse, em entrevista ao GLOBO, que quer criar mecanismos para que casos como o dele não se repitam, diz que o orçamento da pasta é um ‘problema’, e que foi escolhida por sua trajetória, e não por ser uma mulher negra. Leia abaixo a entrevista.   Quais vão ser as suas prioridades à frente do ministério? Todas as áreas precisam de muito cuidado, porque têm problemas muito sérios. Um ponto importante, por exemplo, é a população de rua. A população brasileira cresceu em uma medida, a população de rua cresceu N vezes mais. Então, tem aqui iniciado um plano, chamado Ruas Visíveis, ainda com um orçamento, na minha avaliação, que precisa ser incrementado e com ações que são desenhadas, mas que precisam ir com muito mais força para a rua. O mais importante para mim nesse momento é ter um bom diagnóstico e fortalecer internamente a equipe. Uma das críticas é que a senhora não tem experiência direta na área de direitos humanos. Como responde? Eu sou professora, mas também sou assistente social. Tem uma questão dos direitos humanos que é inegável, que é sentir na pele. Eu sei o que é opressão, desigualdade, eu sinto na minha pele. A senhora falou da opressão que sofreu. Que experiência da sua vida vai trazer para a sua atuação no ministério? Eu posso dizer da experiência de nascer uma criança negra em uma cidade do interior de Minas, filha de uma família empobrecida. Eu perdi meu pai muito cedo, tinha 10 anos. Minha mãe era professora, criava quatro filhas. Venho de uma família que apostou na educação como um mecanismo de emancipação. Eu sempre trabalhei pela educação, mas não somente do ponto de vista escolar. Uma política fundamental que está aqui dentro desse ministério é a da educação em direitos humanos. Se as pessoas não compreenderem a humanização do outro, eu não acredito que é possível reduzir desigualdades. Qual a importância de ser uma mulher negra em um posto de primeiro escalão do governo? Um debate importante do movimento negro e do movimento de mulheres é da representatividade. Primeiro, é importante a gente chegar no lugar dele. São poucas como nós que conseguem ainda devido à desigualdade. Mas quando as nossas mais novas podem nos ter como referência, até a possibilidade de sonhar se torna palpável. Uma coisa maravilhosa para mim hoje, por exemplo, é encontrar uma médica ou um médico negro. Agora, a grande questão para mim é que eu estou aqui também porque eu sou uma mulher e também porque eu sou negra. Mas não é isso que faz a diferença. Eu acho que o que faz a diferença é que eu tenho uma trajetória de muita responsabilidade, de compromisso com os direitos humanos e tenho uma experiência de gestão que também é importante. As análises feitas quando surgiram as denúncias de assédio sexual contra o ministro Silvio Almeida foram de que isso era ruim para o movimento negro, pelo destaque ele tinha. Como a senhora vê isso? Um dos principais pontos do racismo é tratar a questão de um indivíduo como se isso fosse a regra do conjunto dos indivíduos. Quando a gente dá certo, é mérito, é individual. Mas se alguma coisa não funciona bem, o conjunto dos indivíduos são penalizados em função dessa questão. Precisamos avançar nos processos. A institucionalidade precisa saber lidar com assédio. Sou uma mulher que defende os direitos das mulheres. Fui secretária de Educação e eu recebi denúncia, apurei e exonerei pessoas com processos, por exemplo, de pedofilia. Mas nem as vítimas, nem quem foi punido, teve o nome estampado nos jornais. As pessoas não têm que ter suas vidas devastadas. Nós estamos sofridas, mas nós temos que sair do luto para a luta. Vamos trabalhar para construir essas políticas, essa estratégia e mecanismos para que isso não se repita. A senhora acha que nesse caso deveria ter sido feito tudo internamente? Eu não sei os procedimentos, porque eu não estava aqui. Fui informada pelos jornais. O Silvio Almeida fez algum contato com a senhora? Não fez. Na verdade, eu só conhecia o Silvio pela televisão e a produção acadêmica dele. Como a senhora pretende criar mecanismos para prevenir casos de assédio? O presidente Lula já tinha publicado um decreto sobre essa questão do assédio moral, sexual, aqui para todo o governo. Agora, acho que precisa avançar, ter portarias que deixem muito explícito para todo mundo qual é o canal institucional (para fazer denúncias), quais as competências desse canal, qual é o caminho que o processo dessa natureza ou de qualquer assédio precisa percorrer. A senhora vai propor uma sistematização para toda a administração federal? A ministra Esther Dweck (Gestão) está trabalhando nisso. Em 2024 houve uma queda de 37% no orçamento do ministério, e o previsto para 2025 está longe do patamar de 2023. Como pretende lidar com essa questão? Eu vejo, claro, isso como um problema. Vou ter que bater em muitas portas, não só para aumentar especificamente o orçamento, mas também para avançar na efetivação do que foi acordado com outros ministérios em políticas ligadas a esta pasta. Qual trabalho que a Comissão de Mortos e Desaparecidos, recriada em agosto, deve desenvolver? A gente tem o direito de saber, porque saber é poder. E porque saber é que pode nos permitir construir estratégias para que nunca mais se repita. Diante disso, como a senhora viu a demora de um ano meio para a comissão ser instalada? Não vou fazer a avaliação do que foi o ministério até aqui. Eu proponho que a gente olhe para frente, trabalhe bastante e que avance nas pautas, cumpra os objetivos. A gente tem um orçamento restrito, mas vamos executar esse para a gente poder pedir mais. Ano que vem nós queremos mais. A senhora responde a uma ação de improbidade administrativa que aponta superfaturamento na compra de uniformes escolares e fez acordo em outra que tratava de superfaturamento na compra de carteiras escolares. Faltou cuidado da senhora na gestão de recursos públicos? Não, eu acho que não faltou cuidado desses processos licitatórios, efetivamente, eles não têm um problema em si. Vou falar, por exemplo, da questão dos uniformes. No próprio processo, o juiz já disse que não tem percepção de nenhum dano ao Erário, tanto é que a empresa não sofreu nenhuma sanção. Eu fui a última ré a ser citada no processo. E já fiz a minha defesa e estou bastante tranquila. Tanto no governo do estado quanto no âmbito municipal, essas instâncias de licitação, de compra, elas são feitas em setores meio, que existem para esse fim. Então, a Secretaria de Educação é demandante, não é ela que realiza. Todo mundo tem o direito de desconfiar. E a gente precisa dizer: vamos demonstrar. Que mudanças de gestão a senhora vai implementar para que acusações semelhantes não voltem a acontecer? Eu não acho que faltou atenção da minha parte. Agora, quando o processo é feito, fora da sua secretaria, e ele é respaldado pela Advocacia-Geral do Estado, pela Procuradoria Geral do Município, você que é gestor, imagina que está tranquilo. Então, muitas vezes a gente é citado porque naquele momento você era o secretário."
O Globo,Presidente estadual do PT ataca candidato da sigla em João Pessoa por ação junto a ex-ministro de Bolsonaro: 'Desespero',{'https://oglobo.globo.com/politica/eleicoes-2024/noticia/2024/09/12/presidente-estadual-do-pt-ataca-candidato-da-sigla-em-joao-pessoa-por-acao-junto-a-ex-ministro-de-bolsonaro-desespero.ghtml'}," Presidente estadual do PT na Paraíba, Jackson Macêdo criticou a decisão do candidato do partido à prefeitura de João Pessoa, Luciano Cartaxo, de se unir ao adversário no pleito e ex-ministro da Saúde de Bolsonaro, Marcelo Queiroga, em um pedido protocolado na Justiça Eleitoral para que tropas federais sejam convocadas para atuar na eleição municipal. O candidato do Podemos, Ruy Carneiro, também participou da formulação da solicitação, anunciada em uma coletiva de imprensa nesta terça-feira.   O trio aponta a suposta existência de uma ligação entre o crime organizado e a gestão de Cícero Lucena (PP) à frente a Prefeitura de João Pessoa, após a deflagração de operações da Polícia Federal na capital da Paraíba. Lucena tenta a reeleição, e uma aliança entre ele e o PT chegou a ser defendida por Jackson Macedo. — Não acreditei quando eu vi a imagem, porque é aquela coletiva de imprensa que nada tem de denúncia, solicitação de tropas federais, até porque não é prerrogativa de candidato e de partido solicitar tropa federal (...) Aquilo é uma aliança política, que já estava montada desde antes da eleição. É uma aliança política para derrotar o campo progressista, que é liderado pelo governador João Azevêdo aqui na Paraíba — disse Macedo durante entrevista à Rádio Arapuan. O presidente estadual do PT disse ainda que a iniciativa é "" desespero para tentar ir ao segundo turno"". Segundo ele, Queiroga ""representa tudo de mal e de ruim que aconteceu no Brasil nos últimos quatro anos"". Ele também criticou a gestão do ex-ministro na pasta da Saúde, que chamou de negacionista: — Eu lamento que ao lado do candidato do PT, ali estava um ex-ministro, um candidato que representa o negacionismo durante a pandemia, que foi responsável por milhares de mortes no país, porque eles negaram a ciência, a vacina. Eles receitaram remédio que não tinha nenhum tipo de efeito no período da pandemia. O presidente que ele representa desdenhou, desdenhou da pandemia naquele momento. Dias antes, em entrevista ao programa ""Voz da Paraíba"", da Rádio 1005.FM, Macêdo se mostrou criticou à iniciativa do partido de ter um candidato próprio na capital e defendeu que uma aliança com Lucena teria sido o ""melhor cenário"": — Abrimos mão de ter um palanque amplo no apoio do presidente Lula em 2026, a direção nacional entendeu que era melhor manter a candidatura de João Pessoa e vamos esperar o resultado disso. A minha preocupação maior, como venho dizendo há um ano, é a consequência disso que pode ser ruim para o PT. Vamos aguardar o resultado da eleição.   Nas redes, Cícero Lucena publicou um vídeo no qual critica a iniciativa dos adversários. ""Reafirmo meu compromisso com a paz, com a verdade e com o povo da nossa cidade. Sempre defenderei eleições limpas, sem fake news, com respeito ao resultado e à democracia"", diz Lucena no texto que acompanha a gravação. — Mais uma vez nossos adversários tentam manchar a minha imagem, e o pior, a imagem da nossa cidade. João Pessoa é morada de um povo pacífico e ordeiro (...), onde todas as eleições sempre foram tranquilas — disse Lucena na gravação divulgada nesta terça-feira, após a coletiva dos candidatos da oposição. — Nossos adversários se uniram para um festival de preconceitos, mentiras e ataques às instituições.   O pedido do trio para o envio de tropas federais foi feito após a Polícia Federal deflagrar a Operação Território Livre, na qual foram cumpridos três mandados de busca e apreensão na cidade. A ação visava ""combater os crimes de aliciamento violento de eleitores e organização criminosa atuante em João Pessoa."" — A gente tem acompanhado claramente que a cidade de João Pessoa vem sendo manchete na imprensa por conta dessa relação com o crime organizado — disse o petista ao abrir a coletiva de imprensa convocada pelo trio da oposição. — Nós estamos aqui para defender eleições limpas. O eleitor escolhe em quem vai votar. — Estava em Cruz das Armas, cheguei na Comunidade Lagoinha, que nos acolheu muito bem. E vieram dois marginais, que a foto está na PF. Disseram: traficante fulano de tal disse que daqui não é para passar — relatou Carneiro, do Podemos, durante a coletiva. Segundo a PF, através do controle do território, os criminosos estariam ""exercendo influência no pleito eleitoral"" e fazendo uso da violência para coagir votos. Os agentes apreenderam R$ 35 mil em dinheiro, documentos de suspeitos e contracheques de funcionários da prefeitura e aparelhos celulares. Uma das investigadas no caso é a vereadora Raíssa Lacerda (PSB). Nesta terça-feira, ela publicou um vídeo no qual se defende das suspeitas levantadas. — Estão sendo levantadas calúnias, informações inverídicas. Ontem, recebi da Justiça Eleitoral uma decisão que eu estaria no bairro São José obrigando os eleitores a votar em mim. Na documentação da Justiça Eleitoral, as duas pessoas que aparecem aqui não são meus apoiadores, são de outro vereador — diz Lacerda na gravação, publicada em seu perfil no Instagram. — Nessa camapanha eu não pude sequer transitar lá livremente ou quem gosta de mim adesivar sua casa, pois se faz probido (...) Não estou entendendo. Está acontecendo uma armação, um complô, para me prejudicar. Em maio, a secretária executiva de Saúde de João Pessoa, Janine Lucena, filha do prefeito, foi alvo de outra operação da Polícia Federal, que mirava uma facção conhecida como Nova Okaida, segundo a TV Paraíba. O caso foi lembrado pelos três adversários do atual prefeito durante a coletiva desta terça-feira. ""No decorrer da investigação, foi observado que um preso do sistema penitenciário estadual, o qual tem posição de liderança em organização criminosa, articulou a obtenção de vantagens em órgão público, notadamente cargos, e em contrapartida oferecia apoio a agentes públicos para adentrarem em comunidades controladas ou que sofrem forte influência do crime"", disse a PF, na época, por meio de nota."
O Globo,"Os segmentos em que Nunes e Marçal avançaram em São Paulo, segundo a Quaest",{'https://oglobo.globo.com/blogs/pulso/post/2024/09/os-segmentos-em-que-nunes-e-marcal-avancaram-em-sao-paulo-segundo-a-quaest.ghtml'}," Os resultados da última pesquisa Quaest para a eleição de São Paulo apontam para uma recuperação do prefeito Ricardo Nunes (MDB) na disputa. Os recortes do levantamento indicam que o movimento foi alavancado pela intenção de voto dos mais pobres e dos menos escolarizados. Esses segmentos, historicamente, são mais impactados pela propaganda na TV, recurso em que o emdebista tem vantagem: o atual prefeito soma 65% do tempo distribuído entre os candidatos no horário eleitoral gratuito.   No quadro geral do eleitorado, Nunes passou de 19% para 24% das intenções de voto em duas semanas e apareceu numericamente à frente do empresário Pablo Marçal (PRTB), com 23%, e do deputado federal Guilherme Boulos (PSOL), que tem 21%. O trio está em situação de empate técnico. Os dados apontam que o emedebista avançou de 16% para 25% na escolha daqueles que vivem com até três salários mínimos, e passou de 21% para 29% das menções dos que estudaram só até o ensino fundamental. O prefeito também ampliou em sete pontos as intenções de voto no segmento feminino, de 18% para 25%. Embora continue atrás do ex-coach Pablo Marçal nesse grupo, o atual prefeito avançou de 18% para 26% entre os evangélicos. Marçal, porém, também teve evolução expressiva junto ao público evangélico, estrato social majoritariamente mais identificado com o ex-presidente Jair Bolsonaro. Nesse nicho, ele saltou de 27% para 37%. Em outra frente, Nunes também conseguiu abocanhar uma fatia maior do eleitorado que preferiu o ex-presidente Luiz Inácio Lula da Silva (PT) na eleição presidencial de 2022. Nesse grupo, o emedebista passou de 12% para 17% da preferência desse eleitorado, enquanto o psolista Guilherme Boulos, aliado do petista, não avançou no segmento mais lulista. Boulos oscilou de 44% para 43%.   Nunes disputa ainda com Marçal o eleitorado de Bolsonaro, mas viu o ex-coach sair fortalecido nesse embate após o 7 de Setembro. Em manifestação realizada na Avenida Paulista, o emedebista subiu no mesmo carro de som que Bolsonaro e o governador Tarcísio de Freitas (Republicanos), mas teve participação discreta, quase despercebida. Já o ex-coach desfilou entre os manifestantes para produzir conteúdo para suas redes sociais, sua principal plataforma de impulsionamento. Hoje, Marçal é escolhido por 50% dos que declaram ter votado no ex-presidente no segundo turno de 2022, percentual que era de 39% no fim de agosto. Já os bolsonaristas que apoiam Nunes variaram de 33% para 32% no período. O ex-coach também teve evolução expressiva junto ao público evangélico, estrato social majoritariamente mais identificado com Bolsonaro. Nesse nicho, Marçal saltou de 27% para 37%, enquanto o atual prefeito avançou de 18% para 26%. A pesquisa realizada pela Quaest entre 8 e 10 de setembro entrevistou 1.200 eleitores de 16 anos ou mais. O levantamento está registrado na Justiça Eleitoral sob o número SP-09089/2024."
O Globo,Amazônia se torna o maior emissor de gases de efeito estufa do planeta,{'https://oglobo.globo.com/brasil/meio-ambiente/noticia/2024/09/12/amazonia-se-torna-o-maior-emissor-de-gases-de-efeito-estufa-do-planeta.ghtml'}," Em meio ao cenário de seca extrema e queimadas no Norte do país, dados do Copernicus, o programa de observação da Terra da União Europeia, indicam que o Sudoeste da Amazônia foi a região que mais emitiu gases de efeito estufa no planeta nos últimos cinco dias, segundo Lucas Ferrante, doutor em biologia e pesquisador da USP e da Universidade Federal do Amazonas. A conclusão é baseada no volume de aerossóis e de monóxido de carbono captado nessa área de emissão. Esses gases são associados aos que causam o efeito estufa na atmosfera, como o dióxido de carbono, que também é liberado nos incêndios.   — A região se tornou a maior emissora de gases de efeito estufa devido ao avanço do desmatamento e às queimadas — alerta Ferrante, que pesquisa os efeitos da ação humana sobre a Amazônia há mais de uma década. Os efeitos dessa emissão, se continuarem por um longo período, terão impacto por todo o planeta, segundo a pesquisadora do Instituto de Pesquisa Ambiental da Amazônia (Ipam) Camila Silva e o professor de Economia na PUC-RS Gustavo Inácio Moraes, que estudou efeitos climáticos em sua tese de doutorado. Moraes ressalva que o cenário por enquanto é o resultado de uma temporada sazonal de queimadas, e apenas um período de muitos meses “poderia criar uma tendência mais alarmante”. — Os gases liberados contribuem para o aquecimento global, que aumenta os níveis do mar, altera o clima. Além disso, espécies de fauna e flora desaparecem — alerta Silva.   Com mais de 82 mil focos de incêndio de 1º de janeiro a 9 setembro deste ano, a Amazônia já alcançou o dobro de queimadas em relação ao mesmo período de 2023, e o número só não é maior do que os 85 mil pontos de fogo registrados em 2007, recorde da série histórica. O GLOBO percorreu cerca de 1,6 mil quilômetros na BR-163, que liga Santarém (PA) a Cuiabá, na BR-230 (a Transamazônica) e na Transgarimpeira (na Bacia do Tapajós) e presenciou o avanço do fogo sobre a floresta, os pastos e as casas que margeiam as rodovias. Na altura da cidade de Trairão (PA), às margens da BR-163, uma família precisou sair de casa às pressas para tentar conter as chamas do terreno ao lado. Enquanto uma mulher retirava os objetos de casa, um homem tentava jogar terra sobre o fogo com um trator. Alguns vizinhos se aproximaram com baldes e uma mangueira para barrar o fogo. A cena virou rotina na região desde agosto, quando se intensificou a seca. Segundo dados do Instituto Nacional de Pesquisas Espaciais (Inpe), o município com mais focos de calor é São Félix do Xingu (PA), com 4.988 pontos. O prefeito João Cleber de Souza Torres (MDB) atribui a queimada à estiagem severa e ao costume da população de usar o fogo para preparar a roça. — Tem muito fogo acidental e alguns podem ser criminosos. O pessoal põe fogo em pequenas roças e no quintal. A seca neste ano foi a mais severa, como não víamos desde a década de 1980. A última vez que choveu foi em maio — disse. O município abriga a Terra Indígena Apyterewa, onde o governo federal faz um trabalho de retirada de grileiros e garimpeiros. Agentes e brigadistas do Ibama estão combatendo as queimadas na reserva e, segundo a equipe, alguns invasores iniciaram uma queimada na área para impedir que os fiscais retirassem o gado. A denúncia foi levada à Polícia Federal, que já abriu neste ano outros 19 inquéritos para apurar incêndios criminosos na Amazônia e no Pantanal. Na área do Parque Nacional do Jamanxim (PA), a situação também é dramática. Durante a noite, o fogo avançava com rapidez nas margens da BR-163. A fumaça provoca ardência nos olhos e dificulta a respiração. A reportagem testemunhou uma casa de madeira devorada pelas chamas, enquanto os motoristas desaceleravam na pista com medo de as labaredas atingirem os veículos. No distrito do Jardim do Ouro, em Itaituba (PA), alguns bois foram para o meio da rodovia Transgarimpeira para escapar das chamas no pasto. O sol virou uma mancha avermelhada às 13h, com a fumaça espessa que cobria o céu. Na paisagem, subsistiam os troncos das castanheiras, que podem chegar a até 50 metros de altura, em meio ao mato rasteiro em cinzas. Araras-azuis e papagaios fugiam do calor em revoada, enquanto os buritis ardiam. Mais à frente, em Moraes Almeida (PA), a fumaça atrapalhava a visibilidade na pista de pouso de aviões pequenos que vinham dos garimpos da região. — Sempre tem fumaça nessa época, mas não tanto quanto agora — comentou Emilia Silva, que mora à beira da BR-163. Além do pequeno aeroporto do garimpo, o distrito tem serrarias, madeireiras e fazendas de gado erguidas no coração da Amazônia.   A fumaça se intensifica no município de Novo Progresso (PA), que ficou conhecido nacionalmente pelo “Dia do Fogo” em 2019, quando fazendeiros da região organizaram uma vaquinha para pagar o combustível e abrir o pasto no “Dia D” da queimada. O prefeito da cidade, Gelson Dill (MDB), afirmou que a situação atual está pior do que a dos últimos anos. — Moro aqui há 25 anos e não me lembro de ter vivido uma seca tão grande. A brigada de bombeiros mais próxima fica a 400 quilômetros. Estamos tentando usar os nossos caminhões pipas, mas eles não conseguem acesso às áreas — contou."
O Globo,"VMA 2024: Anitta é premiada pela 3ª vez consecutiva, em noite de funk brasileiro em Nova York; vídeo",{'https://oglobo.globo.com/cultura/noticia/2024/09/12/vma-2024-anitta-e-premiada-pela-3a-vez-consecutiva-em-noite-de-funk-brasileiro-em-nova-york.ghtml'}," A cantora Anitta conquistou o prêmio de melhor clipe latino, por ""Mil veces"", entregue no Video Music Awards 2024, na noite dessa quarta-feira, em Nova York. É a terceira vez consecutiva que a brasileira leva a estatueta do astronauta do VMA. Anitta agradeceu aos fãs brasileiros por todo o apoio em sua carreira, e também elogiou os outros astros que concorreram com ela na categoria, como Karol G.   - Muito obrigada, pessoal. Estou muito feliz por isto! Primeiro de tudo, quero agradecer a meus fãs que votaram [para a premiação] e estão sempre me apoiando. Que ano incrível foi para a cultura latina e preciso reconhecer que a Karol G teve um ano incrível. Que turnê incrível! Quero agradecer a meu país, que sempre me apoia, e é o motivo de eu estar aqui e sempre voltar - disse Anitta, esbanjando no inglês. Antes de abocanhar mais essa premiação, Anitta subiu ao palco do VMA 2024, apresentando um medley unindo ""Paradise"" - sua mais nova parceria com Fat Joe e DJ Khaled -; ""Alegría"", ao lado de Tiago PZK; e ainda bombando o funk brasileiro cantando ""Savage funk"".   O troféu principal da edição deste ano do VMA ficou com Taylor Swift (que também levou como artista do ano) e Post Malone por ""Fortnight"". Também foram premiados Sabrina Carpenter por ""Espresso"" (música do ano); Billie Eilish com ""What was I made for?"" (mensagem social); e SZA, com ""Snooze"" (vídeo de R&B); Lisa e seu ""Rockstar"" (K-pop); ""Human"" de Lenny Kravitz (rock), entre outros.   Artista do Ano
Taylor Swift Clipe do Ano
Taylor Swift ft. Post Malone - ""Fortnight"" Melhor Pop
Taylor Swift Melhor Clipe de Música Latina
Anitta - ""Mil Veces"" Música do Ano
Sabrina Carpenter - ""Espresso"" Melhor Clipe Alternativo
Benson Boone - Beautiful Things Performance mais icônica do VMAs
Katy Perry – “Roar” (2013) Melhor Viral
Megan Thee Stallion feat. Yuki Chiba – “Mamushi” Melhor Clipe de Rock
Lenny Kravitz - ""Human"" Melhor Colaboração
Taylor Swift ft. Post Malone - ""Fortnight"" Melhor música de Afrobeats
Tyla – “Water” Música do Verão
Taylor Swift feat. Post Malone – “Fortnight” Melhor Clipe de R&B
SZA - ""Snooze"" Artista Revelação
Chappell Roan Prêmio Push: Performance do Ano
Junho de 2024: LE SSERAFIM - EASY Melhor Grupo
SEVENTEEN Melhor Clipe de Hip-hop
Eminem - ""Houdini"" Melhor Clipe de K-pop
LISA - ""Rockstar"" Melhor Vídeo com uma Mensagem Social
Billie Eilish - ""What Was I Made For?"" Melhor Direção
Taylor Swift ft. Post Malone – “Fortnight” – Dirigido por Taylor Swift Melhor Cinematografia
Ariana Grande – “we can’t be friends (wait for your love)” — Cinematografia por Anatol Trofimov Melhor Edição
Taylor Swift ft. Post Malone – “Fortnight” – Editado por Chancler Haynes Melhor Coreografia
Dua Lipa – “Houdini” – Coreografia por Charm La'Donna Melhores Efeitos Visuais
Eminem – “Houdini” – Efeitos Visuais por Synapse Virtual Production, Louise Lee, Rich Lee, Metaphysic, Flawless Post Melhor Direção de Arte
Megan Thee Stallion - “BOA” – Direção de Arte por Brittany Porter"
O Globo,Nova posição e desafios físicos: como chega Memphis Depay ao Corinthians,{'https://oglobo.globo.com/esportes/noticia/2024/09/12/nova-posicao-e-desafios-fisicos-como-chega-memphis-depay-ao-corinthians.ghtml'}," sApresentado ontem à torcida do Corinthians, o atacante Memphis Depay é outra estrela do futebol europeu que resolve se experimentar no Brasil. No caso do holandês, a contratação se torna ainda mais impactante pela idade (30 anos), pela importância na seleção do país e pelo mercado que o atacante ainda tem no Velho Continente. No Timão, o atacante dará seguimento a uma nova fase da carreira, jogando centralizado no ataque, e terá que se adaptar fisicamente, tanto em lesões quanto em ritmo de jogo. Depay estourou no futebol atuando como um ponta-esquerda insinuante, driblador e explosivo, com ótima finalização colocada de média distância. Foi com esse estilo que disputou sua primeira Copa do Mundo, no Brasil, em 2014 — também esteve no Mundial do Catar. O chute preciso ainda é parte importante de seu estilo de jogo, mas Depay mudou pouco a pouco a forma com que atua. Agora, joga muito mais centralizado, como um camisa 9 móvel. Foi assim que fez em boa parte da última temporada, no Atlético de Madrid. Atuava de costas para a defesa tentando um último passe (ou finalização de média distância) ou correndo nas costas dos defensores adversários como referência em lançamentos. Os lances em que levava mais perigo eram os que dominava na meia-lua da grande área e conseguia girar para tentar o chute forte e colocado. Na temporada 2023/24 de La Liga, tinha 19,9 ações com a bola por jogo e teve média de 0,7 finalizações no gol por partida, em 23 jogos (9 como titular).   O baixo número de partidas é uma das razões pela qual o Atlético de Madrid teria optado por não exercer uma renovação automática de contrato, liberando o jogador ao fim da última temporada. Memphis enfrentou muitas lesões musculares enquanto esteve no clube. De abril de 2023 a julho de 2024, teve sete problemas físicos, que o fizeram perder 40 jogos somando clube e seleção, segundo levantamento do site Transfermakrt. Na temporada passada, fez 20 jogos pelo clube, com 7 gols marcados e 2 assistências. Na seleção (pela qual disputou a Euro), foram 10 jogos, 2 gols e 2 assistências. O novo estilo de jogo do atacante se encaixa também nesse momento físico, e será uma necessidade de encaixe para o Corinthians numa era em que o futebol brasileiro vive uma demanda por intensidade. As propostas de Ramón Díaz exigem bastante movimentação dos atletas, algo que passará por adaptação das duas partes. O que deve ser amenizado se ele for escalado como homem mais avançado do time. Ao mesmo tempo, Memphis também não é o centroavante clássico, especialista em último toque, como os que o Corinthians dispõe com Pedro Raul e o recém-chegado Héctor Hernández — e que o técnico argentino tinha como Vegetti, no Vasco. É um camisa 9 de posicionamento menos fixo, mais próximo de Yuri Alberto, mas com diferenças no estilo de jogo."
O Globo,'Mania de você': Festa de aniversário de Luma e Viola terá tragédia. Veja fotos exclusivas,{'https://oglobo.globo.com/play/novelas/noticia/2024/09/12/mania-de-voce-festa-de-aniversario-de-luma-e-viola-tera-tragedia-veja-fotos-exclusivas.ghtml'}," Uma tragédia marcará o capítulo de “Mania de você” desta sexta-feira (13). Enquanto todos estiverem festejando o aniversário de Luma (Agatha Moreira) e Viola (Gabz) com um banquete preparado por ambas na mansão de Molina (Rodrigo Lombardi), a lancha em que Henrique (Antonio Saboia) estará explodirá bem próximo à ilha do empresário, assustando os convidados.   Berta (Eliane Giardini), que estará presente no evento, imediatamente começará a ligar insistentemente para o filho, mas o celular dele dará desligado. Depois de um tempo, Mavi (Chay Suede) trará a notícia de que o rapaz realmente estava na embarcação, deixando Berta completamente desesperada. No Twitter: @colunaplay No Instagram: @colunaplay No Facebook: Coluna Play"
O Globo,Abono do PIS: Equipe econômica avalia mudar critério de concessão do benefício,{'https://oglobo.globo.com/economia/noticia/2024/09/12/abono-do-pis-equipe-economica-avalia-mudar-criterio-de-concessao-do-beneficio.ghtml'}," O leque de alternativas em estudo no governo para revisar despesas envolve outras medidas estruturantes de corte de gastos, além do Benefício de Prestação Continuada (BPC). A estratégia é ir além da questão fiscal e fazer ajustes para tornar as políticas públicas mais eficientes, justas e com foco na competitividade da economia. Estão no radar da equipe econômica auxílios como abono salarial e seguro-desemprego, mas ainda é necessário avançar no diálogo com o Ministério do Trabalho.   O abono (o abono do PIS/Pasep) é até um salário mínimo por ano para que trabalha com carteira assinada e recebe até dois salários por mês. No caso do abono, a ideia é que o auxílio não seja mais vinculado a trabalhadores com carteira assinada. O critério passaria a ser renda per capita (por pessoa) da família, o mesmo do Bolsa Família. — Acho que tem várias formas de pensar no abono para incorporá-lo em uma nova gestão de política social, que é mais moderna e que não se vincula a ter carteira de trabalho ou não. Você deveria primeiro pensar se você deve conceder o abono com base no salário da pessoa ou na renda familiar per capita da família que ela pertence — disse o secretário de Monitoramento e Avaliação de Políticas Públicas do Ministério do Planejamento, Sérgio Firpo, em entrevista ao GLOBO.   Segundo Firpo, o diagnóstico é de que os trabalhadores com carteira já são de alguma forma “privilegiados” na economia brasileira, considerando que têm mais direitos do que os que estão na informalidade. Além disso, da forma que funciona hoje, uma mesma família pode receber mais de um abono. Ele lembrou que essa é uma herança de um tempo em que o acesso às políticas assistenciais dependiam de uma vinculação ao mercado de trabalho. — Diante do despertar de que somos um país com 50% dos trabalhadores na informalidade, não dá para ignorar que esses que estão na rabeira da distribuição. Qualquer política social ou assistencial para quem tem carteira de trabalho assinada está favorecendo não quem é pobre, mas sim quem está em uma condição mais privilegiada — argumentou. Para exemplificar, o secretário citou uma família com três pessoas, em que dois adultos recebem até dois salários mínimos — ou até R$ 5.648 mensais. — Considerando quase R$ 2 mil per capita, essa família está entre os 40% mais ricos da população brasileira e está recebendo o abono.   Em relação ao amparo aos desempregados, a avaliação dentro do governo é que a sobreposição do seguro-desemprego e da multa de 40% do FGTS em demissões sem justa causa acaba desestimulando a permanência no emprego. Isso ocorre principalmente quando o mercado de trabalho está aquecido. Ou seja, no Brasil, o seguro-desemprego normalmente cresce quando a economia está crescendo e as empresas, contratando mais, ao contrário de outros países. — A gente adotou dois sistemas de proteção ao trabalhador quando ele perde o emprego. Você tem uma garantia, se for demitido ou se cavar a demissão, que vai conseguir ficar um tempo recebendo o seguro-desemprego e mais a multa — destacou Firpo.   Além disso, o secretário destacou que o seguro normalmente não é acionado pelo trabalhador mais pobre. Ele, porém, ponderou que esses são diagnósticos, mas que as discussões sobre a forma de aperfeiçoar as políticas voltadas ao amparo ao desempregado ainda são preliminares e dependem de um diálogo com o Ministério do Trabalho. Abono salarial e seguro desemprego representarão um gasto de R$ 87,5 bilhões no próximo ano, contra R$ 81,5 bilhões previstos para este ano."
O Globo,Aumenta número de brasileiros com visto para procurar trabalho em Portugal,{'https://oglobo.globo.com/blogs/portugal-giro/post/2024/09/aumenta-numero-de-brasileiros-com-visto-para-procurar-trabalho-em-portugal.ghtml'}," O número de brasileiros com visto para procurar trabalho em Portugal aumentou 20% de janeiro a agosto deste ano em comparação com o mesmo período de 2023.   Números revelados ao Portugal Giro pelo Ministério dos Negócios Estrangeiros informam que 7,2 mil vistos foram atribuídos a brasileiros nos primeiros oito meses deste ano. A quantidade concedida para os brasileiros representa 33% do total dos 22 mil vistos expedidos no período para estrangeiros em busca de trabalho em Portugal. No último ano, os brasileiros receberam seis mil vistos, o que corresponde a 46% do total de carimbos concedidos aos 13 mil imigrantes em 2023.   Os brasileiros começaram a pedir visto para procurar trabalho em Portugal em novembro de 2022. É uma medida criada para evitar a permanência irregular e arriscada no país. Uma parte dos candidatos, no entanto, acabou desistindo diante da exigência financeira para subsistência. A alternativa era ter um responsável financeiro. Com o aumento da procura, brasileiros que se candidataram reclamaram que a demora na análise e conclusão do processo custaram oportunidades.   Mesmo assim, os brasileiros lideraram a concessão do visto temporário no primeiro ano do projeto, com mais de 14,5 mil aprovados para entrar em Portugal e procurar trabalho. A permissão para procurar trabalho por até seis meses foi uma saída encontrada pelo ex-governo do Partido Socialista para combater a falta de mão de obra sem deixar o imigrante vulnerável.  "
O Globo,Deolane Bezerra em 'A Fazenda': participação teve polêmicas envolvendo a família e desistência. Relembre,{'https://oglobo.globo.com/play/realities/noticia/2024/09/12/deolane-bezerra-em-a-fazenda-participacao-teve-polemicas-envolvendo-a-familia-e-desistencia-relembre.ghtml'}," Deolane Bezerra, que está presa após uma operação contra uma organização criminosa de lavagem de dinheiro e jogos ilegais, participou de ""A Fazenda 14"", da Record, em 2022. A passagem da influenciadora digital e advogada pelo reality show foi tumultuada e marcada por uma série de confusões.   Ela deixou o programa após as irmãs, Daniele e Dayanne Bezerra, se mobilizarem pela sua retirada. Para isso, as duas alugaram carros de som e se instalaram em frente à propriedade onde os peões ficavam confinados. A família solicitou a liberação de Deolane do reality show após alegar que a mãe da influenciadora estava internada.   Nos primeiros dias de confinamento, Deolane protagonizou um conflito com Deborah Albuquerque, ao sair em defesa de Pétala Barreiros. Nas discussões entre as duas ao longo do programa, a influenciadora chegou a cuspir na cara da rival. Após dez dias de programa, Deolane ameaçou desistir do reality show. Tudo piorou quando Bárbara Borges, principal adversária da influenciadora, voltou de uma roça falsa. À época, Deolane ficou abalada e mostrou o desejo de abandonar o confinamento. Em conversa com aliadas, ela afirmou que se sentiu ""lesada"".   Após tomar a decisão de desistir, a influenciadora afirmou durante uma live no Instagram que foi a protagonista da edição de 2022. — Carreguei ""A fazenda"" nas costas. É para ser soberba? Vou ser. É para ser arrogante? Agora eu serei. Carreguei nas costas, dentre muitas outras coisas que aconteceram. E não tenham dúvidas de que vocês vão saber tudo.   Deolane Bezerra voltou a ser presa nesta terça-feira (10) após descumprir medidas cautelares estabelecidas pela Justiça. A prisão domiciliar foi revogada um dia após obter o habeas corpus e ser liberada da Colônia Pena Feminina do Recife, onde estava detida desde a semana passada. De acordo as regras estabelecidas pelo Tribunal de Justiça de Pernambuco, ela não poderia se pronunciar publicamente sobre o caso por meio de redes sociais, imprensa e outros meios de comunicação. Apesar das restrições estabelecidas, ela falou em um microfone da imprensa ao deixar o presídio. “Foi uma prisão criminosa”, afirmou a influenciadora, enquanto atravessava a multidão que se deslocou para o portão da unidade prisional após o anúncio do habeas corpus. Logo em seguida, o perfil oficial dela publicou uma foto em que ela e tem como legenda a frase ""Carta Aberta"". Na imagem, ela surge com uma roupa nude, decorada com peças brilhantes, cabelos bem produzidos e maquiada. A boca da advogada, entretanto, está tapada com um adesivo desenhado com um X, como se estivesse impedida de falar. Em pouco menos de uma hora de realizada a publicação, a imagem ganhou mais de um milhão de curtidas e recebeu diversos comentários. No Twitter: @colunaplay No Instagram: @colunaplay No Facebook: Coluna Play"
O Globo,Por que Vini Jr. não consegue repetir na seleção brasileira o desempenho que tem no Real Madrid?,{'https://oglobo.globo.com/esportes/futebol/noticia/2024/09/12/por-que-vini-jr-nao-consegue-repetir-na-selecao-brasileira-o-desempenho-que-tem-no-real-madrid.ghtml'}," As duas últimas partidas do Brasil nas Eliminatórias para a Copa do Mundo, na vitória sobre o Equador e na derrota para o Paraguai, evidenciaram a desorganização que tem tomado conta de diversos setores da seleção desde o fim do Mundial do Catar, em 2022. No administrativo, o presidente Ednaldo Rodrigues deu várias “aulas” do que não fazer. Já no comando técnico, Dorival Júnior tem enfrentado enormes dificuldades para dar uma identidade anímica e tática ao time canarinho. Somado a isso, os jogadores, que são diretamente afetados por tais problemas, têm deixado a desejar no quesito coletivo e individual. A partir disso, é natural que a maioria das críticas caia em cima dos principais nomes, como Vini Jr. Jogador mais midiático da seleção na ausência de Neymar, o atacante passa longe de conseguir repetir na seleção o mesmo desempenho que tem no Real Madrid — onde se colocou como favorito ao prêmio de melhor jogador do mundo na última temporada. Entre os jornalistas que acompanham Vini de perto na capital da Espanha e também na seleção brasileira, é unanimidade que os contextos quase antagônicos em relação ao ambiente e às estruturas táticas que o craque encontra no clube e na seleção são preponderantes para desempenhos tão distintos. — Acho que tudo passa por um coletivo bem organizado, armado e treinado, como é o Real Madrid. Nesse coletivo você consegue potencializar o individual dos seus jogadores. Já em um onde onde você ainda busca a melhor formação, não tem muito tempo para treinar, passa por um momento bastante complicado de pressão, até pela posição nas eliminatórias, você não tem esse coletivo forte, o individual também afunda — ponderou Gustavo Hofman, correspondente da ESPN em Madri.   Comentarista da Rádio Marca e correspondente da TNT Sports na Espanha, Tati Montovani ressaltou o contexto favorável para Vini no Real: — Os mecanismos e as dinâmicas do Real Madrid com o Vinicius são bem diferentes das dinâmicas com a seleção brasileira. No Real, por exemplo, ele tem um lateral bastante defensivo que joga pelo lado dele e deixa todo o lado do campo para ele. Além disso, no Real Madrid, dificilmente recebe bolas de costas ou a busca no meio e arranca. O contexto mais favorável para as características dele é receber em velocidade para atacar os espaços. No Real, o time faz com que ele jogue dessa forma para tentar uma, duas, três vezes até acertar. O contexto é bem diferente no coletivo do Brasil. Acho que ele joga com muito mais confiança no Real que na seleção — analisou Tati. Ao longo da era Dorival Júnior, a primeira em que tem sequência e espaço que o permitam ser protagonista (nove das 15 partidas que o atacante fez pela seleção após a Copa do Mundo de 2022 foram sob o comando do treinador), Vini Jr. soma apenas dois gols. Em comparação com os números da última temporada europeia e o início desta, a média de participação direta em bolas na rede com o time espanhol é quase o triplo da de quando o camisa 7 atuou pelo Brasil com Dorival.   — Sei do meu potencial, do que posso fazer pela seleção. Claro que está sendo um processo muito complicado porque quando a confiança não vem, os gols não vêm. Acaba complicando mais — disse Vini após a derrota para o Paraguai. — Nem sempre vou fazer os gols. Não é tão fácil quanto parece. Sei da minha confiança e de tudo que represento. Eu estando melhor, vou dar tranquilidade aos demais — completou. A falta de confiança citada somada à enorme pressão colocada em cima do atacante faz com que os erros na tomada de decisão aumentem. Um exemplo disso é que Vini Jr. foi o jogador da seleção que mais perdeu a posse de bola durante a Copa América e nas duas últimas partidas pelas Eliminatórias. Na era Dorival, a média é de 14,7 por jogo. Além disso, o aproveitamento do atacante em dribles bem sucedidos é de 32,5%, — na última Champions League, vencida pelo Real Madrid e em que Vini foi o melhor jogador, o número foi de 51%, com 3,7 por partida.   A falta de organização tática e coletiva da seleção, de fato, impacta no rendimento do atacante. Por outro lado, percebe-se que Vini tem potencial para evoluir individualmente. Até porque, de certo modo, Rodrygo, seu companheiro no Real Madrid, tem sido um dos poucos que conseguem se sobressair no bagunçado plantel brasileiro. Uma possibilidade seria montar um esquema mais em função do camisa 7. — Acho que se cobra do Vini Jr. como se ele fosse a maior estrela, mas na prática não vemos a seleção sendo montada em torno dele. A diferença é que o Rodrygo é um jogador versátil. É por isso que os treinadores o adoram. Ele muitas vezes ajuda a camuflar problemas e falhas do técnico e do time. É quase que um bombeiro — aponta Fernando Kallás, repórter da Reuters em Madri. — Desde a chegada do Ancelotti, ficou claro que o Vinícius não é assim. Ele precisa de uma estrutura muito clara e bem montada para poder fazer o que sabe de melhor, que é explorar as costas dos laterais e o 1x1 com a velocidade e a visão de jogo que tem do lado esquerdo. Mas para isso ele precisa ter com quem se associar."
O Globo,"Vasco chega a três classificações nos pênaltis na Copa do Brasil: 'Trabalhamos muito na semana', diz Paiva",{'https://oglobo.globo.com/esportes/futebol/vasco/noticia/2024/09/12/vasco-chega-a-tres-classificacoes-nos-penaltis-na-copa-do-brasil-trabalhamos-muito-na-semana-diz-paiva.ghtml'}," O Vasco está nas semifinais da Copa do Brasil contando com muita competência nas disputas de penalidades. Nesta quarta-feira, o cruz-maltino eliminou o Athletico em plena Ligga Arena vencendo a disputa por 5 a 4 (após derrota por 2 a 1 no tempo regulamentar), com gol decisivo de Vegetti e defesa de Léo Jardim na cobrança de Canobbio. Foi o terceiro triunfo do cruz-maltino nesse tipo de disputa na atual edição da competição. — Trabalhamos muito os pênaltis na semana, não só os jogadores que entram porque sabíamos que teria desgaste e (o jogo) nos cobraria trocas. Trabalhamos todo mundo. Sforza era um jogador amarelado, mas sustentou bem o jogo fisicamente, é um que bateria pênalti, o que nos ajudou a mantê-lo em campo. Victor Luis tem bola parada acima da média, Vegetti é nosso batedor oficial, Puma vai para as decisões e bate os pênaltis também. Tínhamos que controlar a intensidade e manter a estratégia defensiva. Mas sabíamos que no fim do jogo poderíamos colocar algum jogador para nos ajudar nos pênaltis, Puma foi um deles. É um quebra-cabeça para resolver com uma pressão absurda e não podia tomar gol no fim para nos mantermos vivos. Sabemos da qualidade do Léo (Jardim) também, dificilmente ele fica cinco penalidades sem defender uma. Estão, estávamos muito confiantes que nos classificaríamos — explicou o técnico Rafael Paiva após a partida. Agora, o cruz-maltino aguarda São Paulo ou Atlético-MG, que se enfrentam nesta quinta-feira na Arena MRV. O Galo tem a vantagem após vencer por 1 a 0 no Morumbis.     Veja quem marcou de pênalti nas decisões:    "
O Globo,Presidente Lula concede a medalha Oswaldo Cruz a destaques em campanhas por vacinação e contra o negacionismo,{'https://oglobo.globo.com/saude/noticia/2024/09/12/presidente-lula-concede-a-medalha-oswaldo-cruz-a-destaques-em-campanhas-por-vacinacao-e-contra-o-negacionismo.ghtml'}," Uma cerimônia no Palácio do Planalto, na tarde dessa quarta-feira, homenageou 22 pessoas e dez instituições que se destacaram no campo das atividades científicas, educacionais, culturais e administrativas relacionadas com a medicina, a higiene e a saúde pública em geral. O presidente Luiz Inácio Lula da Silva liderou a cerimônia, concedendo a medalha Oswaldo Cruz - que neste ano teve a vacinação como tema. A apresentadora Xuxa, a empresária Luiza Trajano, o influenciador Ivan Baron e André Fernandes, fundador da Agência de Notícias das Favelas (ANF), estão entre os condecorados.   - Na época da Covid-19, quando todo mundo imaginava que o SUS era aquilo que se vendia de forma equivocada, quem apareceu para salvar milhões de vidas? - indagou Lula: - Eu não sei por que algumas pessoas que falaram contra a vacina ainda não foram processadas. A ministra da Saúde, Nísia Trindade, que também participou da cerimônia, ressaltou que o maior desafio da pasta foi enfrentar a desinformação e o negacionismo: - Essa desinformação, em plena pandemia da Covid-19, trouxe uma onda danosa de abalo na confiança das vacinas, e ao mesmo tempo foi responsável pela perda de mais de 700 mil vidas. Não podemos esquecer. André Fernandes, que lidera, em favelas do país, o trabalho de informar a população através das ações da ANF, celebrou a retomada da crença na ciência. A agência divulga, através do minidoor social, as campanhas de vacinação do Ministério da Saúde e levou pela primeira vez o Zé Gotinha a diversas comunidades do Brasil, o que contribuiu para popularizar novamente as vacinas. - Ficamos muito emocionados por estarmos participando da história de ajudar a aumentar os índices vacinais ao lado da ministra Nísia e do presidente Lula - disse Fernandes."
O Globo,"Contra o Vasco, Athletico perde segunda decisão por pênaltis seguida após sequência de dez vitórias",{'https://oglobo.globo.com/esportes/noticia/2024/09/12/contra-o-vasco-athletico-perde-segunda-decisao-por-penaltis-seguida-apos-sequencia-de-dez-vitorias.ghtml'}," As disputas de pênaltis foram um cenário de tranquilidade para o Athletico na maior parte dos últimos 22 anos, mas as duas últimas temporadas quebraram a ""tradição"" que o time paranense vinha construindo nesse tipo de definição. Na noite desta quarta-feira, pelas quartas de final da Copa do Brasil, contra o Vasco, a equipe chegou à segunda derrota consecutiva nos pênaltis após uma sequência de dez classificações e até títulos seguidos desde 2018. O levantamento é do ge, que relembrou, no ano passado, as disputas de penalidades dos paranaenses desde 2001. O clube passou por: Ceará (3ª fase da Copa do Brasil 2018), Bahia (quartas da Sul-Americana 2018), Junior Barranquilla-COL (final da Sul-Americana de 2018), Coritiba (final do segundo turno do Paranaense 2019), Toledo (final do Paranaense 2019), Flamengo (quartas da Copa do Brasil 2019), Grêmio (semifinal da Copa do Brasil 2019), Londrina (quartas do Paranaense 2022), CRB-AL (3ª fase da Copa do Brasil 2023) e Botafogo (oitava da Copa do Brasil 2023). No entanto, na última vez em que tinha levado uma partida às penalidades, o Furacão também acabou caindo em casa. Foi contra o Bolívar, pelas oitavas de final da Libertadores de 2023. Venceu por 2 a 0, levou o agregado para 3 a 3, mas Thiago Heleno acabou acertando o travessão na última cobrança: 5 a 4. Nesta quarta, Vegetti cobrou o pênalti decisivo que deu a vitória por 5 a 4 para o cruz-maltino, depois de Léo Jardim defender cobrança de Canobbio. O time paranaense acabou dando adeus à competição em plena Ligga Arena, mesmo vencendo por 2 a 1 no tempo regulamentar (3 a 3) no agregado."
O Globo,Horário de verão pode voltar? Entenda prós e contras,{'https://oglobo.globo.com/brasil/noticia/2024/09/12/horario-de-verao-pode-voltar-entenda-pros-e-contras.ghtml'}," O governo do presidente Lula avalia a volta do horário de verão, encerrado em 2019. A discussão ocorre neste momento por conta da seca no país e da possibilidade de esse instrumento ser usado para economizar energia. O ministro de Minas e Energia, Alexandre Silveira, defende que a mudança pode ajudar o sistema em um ""momento realmente crítico"" na geração causado pela seca, que se soma ao calor e o aumento do consumo nos horários de pico — que hoje ocorrem no meio da tarde.   No entanto, estudos feitos há alguns anos demonstraram que o horário de verão tinha um efeito contrário: gastava-se mais energia do que o normal, por conta de novos hábitos de consumo. Apesar das questões técnicas, a decisão será política e tomada em conjunto com o Palácio do Planalto, justamente porque há dúvidas sobre os benefícios da medida para o setor. Entenda, a seguir, alguns pontos para entender se o horário de verão deve voltar ou não.   Além do aumento de consumo em horários de pico, o ministro afirma que, no início da noite, quando também há um forte consumo, o sistema perde geração intermitente (eólica e solar). Isso obriga a gerar mais energia com termelétricas ou acionar mais hidrelétricas. — A solar não está mais produzindo, no início da noite normalmente a eólica produz menos, então nós precisamos de despachar a térmica. Se a gente puder diluir isso no horário de verão, talvez seja um ganho que vá dar a robustez, inclusive ao sistema — disse Silveira. Em evento no Palácio do Planalto nesta quarta-feira, o vice-presidente Geraldo Alckmin rechaçou a chance de o país ficar sem energia, mas admitiu que a volta do horário de verão é uma ""alternativa"" analisada pelo governo diante da seca prolongada. — Não vai faltar energia, mas precisamos todos ajudar. Horário de verão pode ser uma boa alternativa pra você poupar energia. Campanha pra economizar energia também. Procurar economizar energia. São várias alternativas.   Em setembro do ano passado, a Associação Brasileira de Bares e Restaurantes (Abrasel) afirmou, em nota, que o adiantamento do relógio em uma hora traz impactos positivos para a economia. Em uma carta enviada ao presidente Lula, a Abrasel alega que o faturamento do setor de bares e restaurantes cresce, em média, de 10% a 15% entre 18h e 21h, durante o período de adiantamento do relógio. A medida cria ainda uma espécie de ‘terceiro turno” para o segmento, já que o brasileiro é diferente do americano e do europeu, que não têm o happy hour como hábito.   Segundo a entidade, o horário de verão estimula o consumo e a frequência de clientes nos estabelecimentos, além de contribuir para a economia de energia e redução de custos operacionais nas empresas.   O horário de verão foi extinto no início do governo Jair Bolsonaro, em 2019. Naquele momento, houve uma avaliação técnica de que o horário não fazia mais sentido do ponto de vista do setor elétrico. O governo alegou que a alteração gera desgaste na saúde (estudos mostram que parte das pessoas têm dificuldade para se adaptar à mudança, o que afeta o padrão de sono e pode trazer complicações cardíacas). Em setembro de 2023, uma nova avaliação do Ministério de Minas e Energia (MME) havia descartado a possibilidade de o país voltar com o horário de verão.   O adiantamento dos relógios em uma hora era justificado pela necessidade de redução de consumo de energia elétrica— na medida em que as pessoas poderiam, em tese, ter um melhor aproveitamento da luz natural. Funcionava também como um estímulo para que as empresas e a população em geral pudessem encerrar as atividades do dia com a luz do sol ainda presente, sem precisar de iluminação artificial. Porém, os técnicos do MME identificaram mudanças no hábito de consumo da população, com uma maior demanda por energia elétrica no período da tarde. Logo, o horário de verão não teria o mesmo resultado no sentido de redução do consumo.   Em uma enquete informal feita nas redes sociais no começo do ano passado, o presidente Lula perguntou quem era a favor e quem era contra o horário de verão. Na época, o resultado foi favorável ao retorno da medida.   Já durante o governo Bolsonaro, a extinção do horário de verão foi respaldada também em pesquisas de opinião pública que, segundo representantes, mostrava que a maioria das pessoas no país aprovava o fim do ajuste anual nos relógios.   Criado por um decreto de Getúlio Vargas, a medida ""estreou"" no país no dia 3 de outubro de 1931. A partir de então, a mudança nos relógios esteve presente com interrupções até 1968, quando, já durante a ditadura militar, o então presidente da República, marechal Artur da Costa e Silva, suspendeu ""de vez"" o adiantamento dos ponteiros, o que só voltou a ocorrer em 1985, com o fim do regime autoritário.   A partir de 1985, o horário de verão foi adotado anualmente em todos os estados das regiões Sul, Sudeste e Centro-Oeste, até 2019, primeiro ano de Bolsonaro no Palácio do Planalto. Aqueles 34 anos foram o maior período de adoção da mudança sem interrupção. Por isso, muita gente estranhou quando o governo decidiu não mais avançar os ponteiros em uma hora de outubro até fevereiro. Segundo então o ministro das Minas e Energia, Bento Albuquerque, estudos mostram que o horário de verão não tem relevância no que diz respeito à economia de energia. Assim sendo, a discussão fica no campo da subjetividade: Quem acorda de madrugada para trabalhar não gosta porque é obrigado a levantar da cama muito antes do amanhecer. Já quem defende a medida exalta o ganho de qualidade de vida por sair do trabalho, lá pelas 18h, ainda sob a luz do dia.     ."
O Globo,"Clonagem de veículos, coach e 50 mil seguidores: saiba quem é influenciador investigado por estelionato e preso por porte ilegal de munições em SP",{'https://oglobo.globo.com/brasil/sao-paulo/noticia/2024/09/12/clonagem-de-veiculos-coach-e-50-mil-seguidores-saiba-quem-e-influenciador-investigado-por-estelionato-e-preso-por-porte-ilegal-de-municoes-em-sp.ghtml'}," Com quase 50 mil seguidores e discurso motivacional em seu perfil no Instagram, o influenciador e empresário Filippe Ribeiro, de 29 anos, foi preso nesta terça-feira, durante o cumprimento de um mandado de busca e apreensão da Delegacia de Investigação Sobre Entorpecentes (Dise) de Carapicuíba, em São Paulo.   A prisão de Filippe aconteceu na casa onde ele vive, em Santana de Parnaíba. O empresário, que também se apresenta como coach, é investigado por aplicar golpes em venda de veículos, mas acabou preso por porte ilegal de munição de uso restrito. Na residência do empresário, os agentes encontraram documentos, carros e munições calibre 38, 40 e 9 mm. O empresário não apresentou, no entanto, a documentação necessária para comprovar a regularidade da posse das munições, e acabou preso em flagrante. Além da casa de Filippe, policiais também fizeram buscas em endereços comerciais ligados a ele. Nos locais, segundo a Secretaria de Segurança Pública de São Paulo (SSP), foram encontrados outros objetos, veículos e uma motocicleta. Os mandados são parte de uma investigação contra Filippe Ribeiro, fundador do Grupo Avanzza e autoproclamado “coach”, com livro lançado e quase 50 mil seguidores em perfil no Instagram. Ao GLOBO, o delegado Estevão Castro, responsável pela investigação, explicou que Filippe é investigado por estelionato, falsificação de documentos e adulteração de sinal identificador de veículo automotor. Os golpes são aplicados por sete empresas estabelecidas em Barueri, das quais o influenciador é sócio.   Em seu perfil no Instagram, Filippe Ribeiro vende o sucesso de um “ex-endividado”, e alega ter transformado uma dívida de R$ 300 mil em investimentos financeiros que o possibilitaram a vida de luxo ostentada nas redes. Em um dos vídeos divulgados no perfil, Filippe ostenta um veículo da marca Porsche, na cor azul, e diz que, no passado, “o único azul que via era dos geladinhos que vendia”. Recentemente, lançou o livro “Como sair de devedor a investidor”, em que promete relatar sua “jornada no empreendedorismo” e ensinar como fez “mais de 300 mil de dívidas” se transformarem “em uma holding de empresas de sucesso”. O empresário também anunciou, três dias antes de ser preso, um curso em que ensinaria aos seguidores qual é “a forma mais inteligente de comprar carro”.   De acordo com o delegado, Filippe compra carros de pessoas com dívidas de financiamento, sob promessa de quitar os débitos. — Por causa disso, ele paga um valor bem abaixo da tabela para o devedor. Aí ele vende esse mesmo carro para um terceiro de boa-fé pelo valor da tabela, dizendo que vai quitar o financiamento e entregar a documentação. Ele embolsa esse dinheiro e não paga o financiamento — explica Castro. Além disso, por meio de laranjas, Filippe também aluga carros em outros estados, transporta os veículos para São Paulo, clona placas de outros carros, troca e vende, sem que a locadora saiba onde foi parar o veículo alugado. — Com o dinheiro dos golpes ele compra carros e motos de luxo. Se autointitula coach, tem livro publicado e dá palestra pela internet — afirma o delegado. A empresa Avanzza é alvo de pelo menos 34 reclamações em sites. Clientes alegam ter sido lesados em compra e venda de veículos e acusam o grupo de não transferir a propriedade de veículos após a venda."
O Globo,Quase metade dos gols de Vegetti pelo Vasco em 2024 foram marcados de cabeça; veja levantamento,{'https://oglobo.globo.com/esportes/futebol/vasco/noticia/2024/09/12/quase-metade-dos-gols-de-vegetti-pelo-vasco-em-2024-foram-marcados-de-cabeca-veja-levantamento.ghtml'}," Complicou? Chama o Vegetti que ele marca! Quando tudo parecia se encaminhar para uma eliminação do Vasco na Copa do Brasil, o atacante argentino apareceu mais uma vez para salvar a equipe usando a cabeça. Com o gol marcado diante do Athletico-PR - que levou o jogo para os pênaltis e para a classificação do cruz-maltino - o camisa 99 chegou a sete gols de cabeça em 2024. Vegetti marcou 18 gols em 39 jogos na temporada 2024, entre Campeonato Carioca, Copa do Brasil e Campeonato Brasileiro. Desses 18 gols, sete (ou 38,89%) foram em jogadas pelo alto, onde o argentino usou de sua estatura, força e precisão para marcar de cabeça. Veja o levantamento:   Gols de cabeça de Vegetti em 2024 O jogo pelo alto tem sido uma grandes vertentes do Vasco nesta temporada, e Vegetti tem se aproveitado de uma sintonia fina com Lucas Piton - um dos principais assistentes da equipe na temporada - para utilizar a sua especialidade para ajudar o cruz-maltino, como foi na Ligga Arena. Curiosamente, Vegetti marcou em todas as fases da Copa do Brasil nesta campanha semifinalista do Vasco - mesmo que não tenha sido de cabeça. O argentino balançou as redes na primeira fase contra o Marcílio Dias-SC, fez contra o Água Santa na segunda, marcou contra o Fortaleza na terceira fase, balançou as redes nas oitavas diante do Atlético-GO e marcou contra o Athletico-PR nas quartas. Vegetti e o Vasco agora esperam o duelo desta quinta-feira entre Atlético-MG e São Paulo para saber quem será o adversário na semifinal da Copa do Brasil. O time mineiro venceu o jogo de ida por 1 a 0 e joga por um empate para avançar, enquanto o time paulista precisa vencer por pelo menos dois gols de diferença para se classificar de forma direta, ou uma vitória simples para levar a partida para a decisão por pênaltis."
O Globo,"Após 20 anos de buscas, destroços de navio francês que naufragou em 1856 são localizados",{'https://oglobo.globo.com/mundo/epoca/noticia/2024/09/12/apos-20-anos-de-buscas-destrocos-de-navio-frances-que-naufragou-em-1856-sao-localizados.ghtml'}," Não! Não é o Titanic. Qualquer semelhança é mera coincidência. Uma equipe de mergulho dos Estados Unidos encontrou os destroços do navio a vapor francês Le Lyonnais, que naufragou no Atlântico em 1856, após colidir com um veleiro americano. Considerado o mais moderno da época, o navio estava voltando para a França, após concluir sua viagem inaugural a Nova York, quando ocorreu o desastre, que deixou 114 mortos.   Jennifer Sellitti, porta-voz da empresa Atlantic Wreck Salvage, disse à AFP que os destroços foram encontrados no mês passado, após mais de 20 anos de buscas, e estão a 320 quilômetros de New Bedford, Massachusetts. As medições de um cilindro do motor foram fundamentais para identificar a embarcação. - Com certeza, não está com a mesma aparência de antes - descreveu Sellitti, atribuindo o desgaste às condições ""brutais"" do Atlântico.   O Le Lyonnais foi construído em 1855, encomendado pela empresa Compagnie Franco-Américaine para transportar passageiros e correspondências através do Atlântico. - Foi a primeira tentativa da França de ter uma linha de passageiros bem-sucedida, num momento em que estava começando a transição da vela para o vapor - afirmou Sellitti. A colisão ocorreu na noite de 2 de novembro de 1856, quando o Lyonnais, com 132 passageiros e tripulantes a bordo, a maioria de franceses, se chocou com o Adriatic, um veleiro americano que se dirigia para a Geórgia. Jonathan Durham, capitão do Adriatic, que mais tarde foi detido e julgado na França, relatou ao The New York Times que o Lyonnais ""mudou repentinamente de curso, o que tornara a colisão inevitável"". O Adriatic sofreu grandes danos, mas conseguiu chegar a Gloucester, Massachusetts, dois dias depois. Já o navio francês ficou gravemente danificado, com um buraco na linha de flutuação e outro provavelmente próximo às suas carvoarias, explicou Sellitti. O barco afundou vários dias depois, e apenas algumas pessoas sobreviveram."
O Globo,"Ao enfrentar incêndios, governo Lula avança pouco sobre anterior",{'https://oglobo.globo.com/opiniao/editorial/coluna/2024/09/ao-enfrentar-incendios-governo-lula-avanca-pouco-sobre-anterior.ghtml'}," Os incêndios que se alastram pelas regiões Norte, Centro-Oeste e Sudeste, lançando fumaça sobre 60% do território nacional, despertaram uma reação insólita nas instituições. O Supremo Tribunal Federal (STF) passou por cima do Executivo e, por decisão do ministro Flávio Dino, ordenou o deslocamento de forças policiais e bombeiros militares dos estados não atingidos às regiões afetadas. Por mais meritória que seja a medida — não há dúvida de que o combate ao fogo é urgente —, no ordenamento da democracia brasileira ela não cabe a um juiz do Supremo. A decisão se torna ainda mais inusitada quando se descobre que foi tomada no contexto de três ações impetradas no Supremo contra o Executivo, ainda na gestão Jair Bolsonaro, cujos autores são o PT, do presidente Luiz Inácio Lula da Silva, e a Rede Sustentabilidade, da ministra Marina Silva. Ora, tanto Lula quanto Marina, que tanto criticaram a política ambiental do governo anterior, hoje detêm poderes constitucionais para pôr em marcha toda sorte de medida no combate ao fogo. Por que, afinal, seus partidos precisam da ajuda do STF?   Uma explicação plausível é que, diante do gigantesco desastre ambiental, o atual governo trouxe avanços tímidos em relação à gestão anterior. Inicialmente relatadas pelo ministro André Mendonça, as ações resultaram, em março, na determinação do STF para que o Executivo apresentasse um plano de prevenção e combate a incêndios, com sistema de monitoramento, metas e estatísticas. A encomenda do plano teve apoio unânime na Corte. Com as ações sob a relatoria de Dino, o Supremo assumiu funções executivas e ordenou a mobilização de forças para debelar os focos de incêndio. A medida foi agora ampliada, e Dino também ordenou um mutirão das polícias Federal e Civil, da Força Nacional e do Ministério Público para investigar as causas de incêndio por ação humana em 20 municípios do Norte e Centro-Oeste.   Nada há, em princípio, de errado nas medidas em si. Ao contrário, elas são aparentemente necessárias diante do que se tem visto no país. Mas evidentemente não deveriam caber a um ministro do Supremo. Repete-se um preocupante avanço do Judiciário sobre espaços abertos pela inércia de outros Poderes. Também por meio de Dino, o STF interveio em questão da alçada de Legislativo e Executivo no caso das emendas parlamentares. Além de exigir transparência no trânsito de recursos do Tesouro até as bases eleitorais de deputados e senadores, uma decisão individual de Dino, depois referendada pelo plenário, chegou a proibir o pagamento até das emendas impositivas, obrigatório pela legislação. Ele deu ainda um prazo para a formulação de novas regras destinadas a tornar as transferências mais transparentes. Mais uma vez, as medidas são defensáveis. Mas não cabe ao Judiciário intervir na questão a tal ponto. Pode-se argumentar que situações de emergência, como os incêndios ou o abuso na destinação de recursos do Orçamento, justificam o STF ocupar espaço de outros Poderes. Mas esses atropelos institucionais têm se tornado mais frequentes e decerto não contribuem para o cumprimento da regra constitucional que estabelece Poderes independentes, mas harmônicos entre si. Perde a democracia."
O Globo,Combate à pobreza energética tem de ser eficiente,{'https://oglobo.globo.com/opiniao/artigos/coluna/2024/09/combate-a-pobreza-energetica-tem-de-ser-eficiente.ghtml'}," O acesso à energia é um dos pilares da sustentabilidade. Garantir energia acessível, confiável, limpa e moderna para todos até 2030 é um dos Objetivos de Desenvolvimento Sustentável da ONU (ODS 7). O tempo é curto, e a Agência Internacional de Energia informa que 745 milhões de pessoas ainda vivem sem eletricidade. O número nem sequer captura a complexidade do que chamamos de pobreza energética. Ela inclui a falta de serviços essenciais, como aquecimento, refrigeração, iluminação e condições para cozinhar. A pobreza energética é um problema multifacetado, vinculado a questões como infraestrutura deficiente, baixa renda e altos custos de energia. Tem reflexos em saúde, educação, qualidade de vida e na perpetuação de desigualdades estruturais. Enfrentá-la exige políticas eficazes, para melhorar a infraestrutura, assegurar a eficiência das fontes disponíveis e a acessibilidade econômica. Também requer agências reguladoras fortes, que atuem com independência e autonomia. Os subsídios tarifários — usados para aliviar o custo da energia para consumidores de baixa renda e incentivar o desenvolvimento — podem ter efeitos colaterais complexos e não alcançar seus objetivos. Em vez de beneficiar de fato os mais necessitados, podem sustentar fontes que já são competitivas ou até mesmo fósseis, perenizando distorções. Para que sejam eficazes, é necessário planejamento criterioso, com revisões permanentes. O foco deve ser a redução de custos desnecessários e a eliminação de subsídios para fontes que já são economicamente viáveis. Em contraste, devem ser reforçados para reduzir os custos de energia para as populações de menor renda. A conta da economia de baixo carbono não pode recair sobre os mais pobres. Os subsídios pendurados na conta de energia encarecem o custo para todos os consumidores, mas especialmente para aqueles fora da zona de proteção da tarifa reduzida. O resultado é o aumento da inadimplência e das perdas das distribuidoras.   A Light, principal distribuidora de energia do Rio de Janeiro, enfrenta desafios significativos relacionados ao roubo de energia e à complexidade social da região. Embora 99,8% das famílias brasileiras tenham acesso à eletricidade, muitos serviços são prestados de forma irregular, por meio de manipulações de medidores e conexões não autorizadas.   Em 2022, a Light perdeu 7 TWh com roubo de energia, o que representa 56% do consumo formal de baixa tensão da empresa. O problema é intensificado pelo controle de facções e milícias na Região Metropolitana do Rio, que dificultam a gestão e a distribuição. A experiência evidencia a necessidade de políticas públicas robustas. O Programa de Unidade de Polícia Pacificadora (UPP) teve sucesso em reduzir significativamente as taxas de perda de energia na área de concessão da empresa, destacando a importância de uma abordagem coordenada. É essencial que as políticas públicas integrem eficiência energética, justiça social e desenvolvimento sustentável, garantindo que os subsídios não sirvam à perpetuação de desigualdades. Com gestão inteligente, é possível avançar na luta contra a pobreza energética, rumo a um futuro justo e sustentável. *Rafaela Guedes é coordenadora do Núcleo de Energia do Centro Brasileiro de Relações Internacionais"
O Globo,O que candidatos propõem para crianças e adolescentes?,{'https://oglobo.globo.com/opiniao/artigos/coluna/2024/09/o-que-candidatos-propoem-para-criancas-e-adolescentes.ghtml'}," As próximas eleições municipais serão um momento decisivo para o país, especialmente para crianças e adolescentes. A Constituição estabelece papel fundamental para os municípios na implementação das políticas que garantem os direitos dessa parcela da população e fomentam o desenvolvimento local.   É nas cidades que a população tem acesso a grande parte dos direitos e serviços públicos. Por isso o aprimoramento da educação básica, dos serviços de saúde, da assistência social, do transporte e da zeladoria urbana encontram nos municípios um espaço precioso de debate e construção coletiva.   Do ponto de vista da infância e da adolescência, é preciso considerar que são períodos cruciais para o desenvolvimento físico, cognitivo, emocional, social e cultural. No Brasil, além da Constituição, são diversos os marcos legais que amparam promoção e defesa de seus direitos, como o Estatuto da Criança e do Adolescente e o Marco Legal da Primeira Infância. No entanto ser criança e adolescente no Brasil é um enorme desafio. Essa parcela da população, quase um quarto dos brasileiros, é destaque nos indicadores que evidenciam desnutrição, pobreza, racismo, capacitismo, violências e desigualdades. São também os que mais sofrem as consequências dos eventos climáticos extremos. Dados do Unicef mostram que 60% estão expostos a mais de um risco climático e ambiental no país. Segundo o Anuário Brasileiro de Segurança Pública, 61,6% das vítimas de estupro em 2023 tinham entre 0 e 13 anos. Outro dado relevante aponta que, de 5.565 municípios, 3.505 tinham mais da metade da população morando em domicílios sem coleta de esgoto em 2022. Jovens, negros e indígenas eram os mais desassistidos. No mesmo ano, o Brasil tinha 1,9 milhão de crianças e adolescentes com 5 a 17 anos em situação de trabalho infantil, segundo o IBGE. Praticamente metade dos brasileiros com até 14 anos era pobre no período. Situar a infância e a adolescência com prioridade nos debates eleitorais é uma agenda urgente e inadiável. Essa não é apenas uma escolha ética e responsável com milhões de meninas e meninos, mas uma oportunidade para que os novos prefeitos e prefeitas estejam à frente de uma gestão comprometida com a superação dos ciclos de pobreza intergeracional, enfrentando desigualdades sociais, econômicas, raciais, de gênero e território. Para contribuir com os planos de governo, a Agenda 227 produziu o documento “Prioridade absoluta nas eleições 2024: diretrizes para uma gestão municipal comprometida com a infância e a adolescência”. Com a contribuição de mais de 400 organizações da sociedade civil, o texto aborda 22 áreas estratégicas para a efetivação dos direitos de crianças e adolescentes. É um direcionamento fundamental para o próximo ciclo das gestões municipais, contemplando toda a diversidade da população infantojuvenil. A realidade de crianças e adolescentes no Brasil não deixa dúvidas de que estamos diante de um quadro insustentável, com impactos sistêmicos em absolutamente todos os campos: humano, social, econômico, político e ambiental. O pensador, pedagogo e desenhista italiano Francesco Tonucci nos lembra que uma cidade segura para crianças é segura (em todos os níveis) para todos. Que possamos, assim, compreender as eleições municipais como oportunidade de fazer da vida de nossas crianças e adolescentes não apenas uma saída para nosso futuro, mas uma oportunidade para o presente. Não há como adiar ainda mais esse compromisso. *Natacha Costa é coordenadora do Grupo de Trabalho de Educação da Agenda 227 e diretora da Associação Cidade Escola Aprendiz, Renato Godoy é integrante da equipe executiva da Agenda 227 e gerente de relações governamentais do Instituto Alana. A Agenda 227 é um movimento apartidário que defende os direitos das crianças e dos adolescentes"
O Globo,Horóscopo de hoje: veja previsão para seu signo no dia 12/9,{'https://oglobo.globo.com/cultura/horoscopo/noticia/2024/09/12/horoscopo-de-hoje-veja-previsao-para-seu-signo-no-dia-129.ghtml'}," Caiu no dia errado? Veja a previsão completa para o seu signo   Você deverá agora evocar seu senso crítico e guiar-se pela razão, já que a ansiedade poderá atrapalhar a realização de seus objetivos. Pense para além do momento presente e seja pragmático. Preserve-se.   Ainda que seus sonhos lhe pareçam trabalhosos e até inalcançáveis agora, o melhor a fazer será mapear os pequenos passos que darão início a longas jornadas. Ficar parado não ajudará. Movimente-se.   Ao enfrentar conflitos em suas relações próximas e íntimas, o melhor será abrir o coração e falar sobre seus sentimentos, sem reprimir emoções em prol de uma suposta harmonia. Honestidade é liberdade.   O dia despertará grande energia e, para aproveitar o momento, o melhor será priorizar tarefas inadiáveis e desfrutar do tempo livre sem preocupações. Mantenha o foco e organize-se pelo seu bem-estar.   Uma atitude confiante poderá não ser a solução de todos os seus problemas, mas certamente vai lhe ajudar a enfrentá-los com eficiência e segurança. Mantenha o otimismo para alcançar os melhores resultados.   Você estará mais ativo neste momento e pronto para lidar com as notícias que surgirão em seu caminho. Deixe a sua confiança falar por si e expresse seu verdadeiro eu. É hora de ser assertivo e confiante.   O dia demandará momentos de reflexão e silêncio, proporcionando assim, o contato com as emoções que precisam de refinamento e amparo. Pratique a auto-observação para se perceber com atenção e carinho.   Sua mente estará mais acelerada que o habitual, facilitando a resolução de conflitos e a conclusão de projetos estagnados. Valorize sua agilidade e concentre-se para aproveitar a sua própria eficiência.   Suas emoções estarão afloradas e será desafiador colocá-las em palavras. Organize o dia e seus afazeres com momentos para contemplação, já que isso se refletirá em sua organização interior. Seja paciente.   Mesmo que você busque relevar o que se passa em seu interior, algo se agitará trazendo mensagens importantes à tona. Atente-se ao que seu corpo deseja lhe comunicar e não ignore qualquer incômodo.   Você terá que enfrentar antigas questões que agora precisarão ser resolvidas. Revisite o passado com um novo olhar para perceber o que ainda demanda elaboração. Desapegue-se para seguir com leveza.   Ainda que a sua opinião seja sincera e até pertinente, será fundamental avaliar se ela será bem-vinda. Use sua sensibilidade para perceber o momento certo de compartilhá-la e reflita antes de se expressar."
O Globo,Rock in Rio 2024: veja as atrações inéditas desta edição do festival que começa na sexta (13),{'https://oglobo.globo.com/cultura/noticia/2024/09/12/rock-in-rio-2024-veja-as-atracoes-ineditas-desta-edicao-do-festival-que-comeca-na-sexta-13.ghtml'}," Está quase tudo pronto para mais uma edição do Rock in Rio, que volta ocupar a Cidade do Rock, na Barra Olímpica, nos dias 13, 14, 15, 19, 20, 21 e 22 de setembro. O festival completa 40 anos em 2024 e apresenta novidades em relação às edições passadas.   Há mudanças estruturais nos palcos, novos espaços customizados, além de um sem-número de artistas que nunca passaram pelo Rock in Rio nestas 22 edições passadas. Desde a primeira edição, em 1985, o festival apresentou shows de mais de 4.600 artistas, reunindo 12,3 milhões de pessoas na plateia.   Global Village Uma novidades desta edição do Rock in Rio é o Global Village. Trata-se de um espaço de 7.5 mil m² que celebra a cultura de países como Brasil, França e Inglaterra. Na área tupiniquim, que representa a América do Sul, por exemplo, Diogo Nogueira vai comandar uma roda de samba regada de comidas típicas, como caldinho de feijão e dadinho de tapioca, num cardápio assinado pela Chef Raysa Marques com co-criação do cantor. Um novo Palco Sunset Este ano, o Palco Sunset terá a mesma boca de cena do Palco Mundo e ficará localizado em outra área do gramado da Cidade do Rock, onde ficava a Rock Street. A mudança tem como objetivo facilitar a vida da plateia que migra do Palco Mundo para o Sunset, e vice versa, ao final de cada apresentação. Babilônia Feira Hype Clássico do Rio desde 1996, quando foi criada, a Babilônia Feira Hype fará parte da programação do Rock in Rio pela primeira vez. Cerca de 50 expositores estarão lá, das 14h às 21h, perto da Rota 85.   Muitos artistas, nacionais e internacionais, são velhos conhecidos do Rock in Rio. Nomes como Joss Stone, Shawn Mendes, Ludmilla, Lulu Santos, Paralamas do Sucesso, Katy Perry, Charlie Puth, Iza e Ivete Sangalo já passaram pelos palcos do festival em edições passadas. Outros, no entanto, darão as caras pela primeira vez. É o caso de Travis Scott, Mariah Carey, Akon e 21 Savage. Outra surpresa é a presença de nomes do sertanejo na programação. No penúltimo dia do festival, uma das atrações do Palco Mundo é o encontro ""Pra sempre sertanejo"", que vai reunir Chitãozinho & Xororó, Luan Santana, Junior, Ana Castela, Simone Mendes e Orquestra Sinfônica Heliópolis."
O Globo,Correntes de ouro e diamante ditam a moda dos rappers e funkeiros do Rock in Rio 2024; veja fotos,{'https://oglobo.globo.com/cultura/noticia/2024/09/12/correntes-de-ouro-e-diamante-ditam-a-moda-dos-rappers-e-funkeiros-do-rock-in-rio-2024-veja-fotos.ghtml'}," Um item de moda é o preferido dos artistas do rap e do funk que subirão ao palco do Rock in Rio 2024 a partir desta sexta-feira (13): o cordão de ouro e diamantes. E quão mais chamativo e maior, melhor.   MC Cabelinho é dono de um dos colares de ouros mais conhecidos na cena do rap nacional. O rapper é muitas vezes visto usando a corrente com os dizeres ""little hair"", que quer dizer justamente ""cabelinho"" em inglês. Ele vem adicionando pingentes à peça avaliada em R$ 500 mil de tempos em tempos. Para o Rock in Rio, ele mandou fazer dois novos pingentes avaliados em R$ 200 mil reais. Orochi, que como Cabelinho sobe no Palco Sunset nesta sexta, também possui um cordão famoso no mundo da rap. Ele ostenta no peito uma placa de ouro escrita ""Vida cara"". E bota cara nisso. A peça está avaliada entre R$ 500 mil e 1 milhão. Responsável por abrir as apresentações do Palco Mundo, Matuê é adepto de correntes de ouro, mas também costuma ostentar um crucifixo bem generoso no peito. MC Daniel conta com algumas correntes de ouro características, mas costuma guardar sua impactante ""Tropa do Fafá"" para ocasiões especiais, como o cruzeiro de Neymar. A peça conta com homenagens aos amigos MC Ryan SP e MC Hariel e traz os dizeres ""favela venceu"". Falando em Ryan SP, o ícone do funk paulista costuma aderir às correntes quando na companhia dos amigos do rap e do trap. No The Town, no ano passado, ele subiu no palco com um cordão que dizia ""Nunca foi sorte"". Confirmadíssimo como atração do Palco Mundo no Dia Brasil, 21 de setembro, Filipe Ret também chegará de pingente novo no Rock in Rio. Avaliada em R$ 140 mil, a peça feita em ouro amarelo 18k presta homenagens a grandes nomes do funk carioca que faleceram recentemente, como Mr. Catra, MC Sapão e MC Marcinho. O rapper TZ da Coronel também tem sua corrente banhada a ouro, com detalhes em diamante. No pingente é possível ler: ""Coronel"". O músico se apresenta no Palco Favela."
O Globo,Mega-Sena sorteia prêmio de R$ 50 milhões nesta quinta-feira,{'https://oglobo.globo.com/economia/noticia/2024/09/12/mega-sena-sorteia-premio-de-r-50-milhoes-nesta-quinta-feira.ghtml'}," A Caixa Econômica Federal realiza nesta quinta-feira o sorteio do concurso 2.773 da Mega-Sena, com um prêmio estimado em R$ 50 milhões. As apostas para a Mega-sena podem ser feitas até as 19h do dia do concurso, nas casas lotéricas credenciadas, pela internet ou no aplicativo da loteria.   Os sorteios acontecem sempre às 20h, no Espaço da Sorte, em São Paulo, e contam com transmissão ao vivo pelas redes sociais da instituição. O palpite mínimo custa R$ 5,00. Além desse modelo de aposta, com seis números selecionados, que paga o prêmio principal, ainda é possível ganhar prêmios ao acertar quatro ou cinco dezenas.   O Bolão Caixa é a possibilidade que o apostador tem de realizar apostas em grupo. Basta preencher o campo próprio no volante ou solicitar ao atendente da lotérica. Na Mega-Sena, os bolões têm preço mínimo de R$ 10 e cada cota não pode ser inferior a R$ 5. É possível realizar um bolão de no mínimo duas e no máximo cem cotas. Veja os dez maiores prêmios sorteados na História da Mega-sena:  "
O Globo,STF retoma julgamento sobre prisão imediata de réus condenados por júri popular,{'https://oglobo.globo.com/brasil/noticia/2024/09/12/stf-retoma-julgamento-sobre-prisao-imediata-de-reus-condenados-por-juri-popular.ghtml'}," O Supremo Tribunal Federal (STF) continua nesta quinta-feira o julgamento da ação que discute se a soberania das decisões do Tribunal do Júri – o júri popular – autoriza a execução imediata da pena imposta pelos jurados, com a prisão do condenado.   Como o recurso teve reconhecida a repercussão geral, o resultado do julgamento terá impacto direto em outros processos. Entre os mais conhecidos estão o caso da Boate Kiss, já que os quatro réus foram condenados por júri popular e voltaram a ser presos no último dia 2, após decisão do ministro Dias Toffoli. A análise da questão havia começado no plenário virtual, em 2020, mas foi levada para a discussão presencial depois de um pedido de destaque do ministro Gilmar Mendes. Com isso, toda a discussão foi reiniciada nesta quarta-feira. O relator do caso, ministro Luís Roberto Barroso, reiterou o voto que havia sido dado por ele no plenário virtual. Para o presidente do STF, a soberania dos vereditos do júri justifica a execução imediata da condenação, independentemente da pena aplicada. Ele foi seguido pelos ministros Alexandre de Moraes, André Mendonça, Cármen Lúcia e Dias Toffoli. Nesta quarta, Gilmar Mendes também reiterou o voto que já havia proferido no plenário virtual, mas fez novas considerações sobre o tema. Para o decano do STF, embora a soberania dos vereditos do júri seja reconhecida pela Constituição, ela não é absoluta. Por isso, Gilmar entende que a decisão dos jurados pode ser revista em instâncias superiores, especialmente quando a decisão for manifestamente contrária à prova dos autos. No julgamento virtual, Gilmar havia sido acompanhado pelos ministros Rosa Weber e Ricardo Lewandowski, ambos aposentados, que terão seus votos mantidos. Por isso, os ministros Flávio Dino e Cristiano Zanin não votarão. O ministro Edson Fachin abriu uma terceira corrente, para que o STF reconheça como constitucional a execução imediata prevista em lei das penas fixadas acima de 15 anos. Restam votar os ministros Luiz Fux e Nunes Marques.   A discussão foi levada ao Supremo pelo Ministério Público do Estado de Santa Catarina (MP-SC), que recorre de uma decisão do Superior Tribunal de Justiça (STJ) – que revogou a prisão de um condenado a 26 anos e oito meses de prisão pelo júri por feminicídio duplamente qualificado e posse irregular de arma de fogo. O STJ considerou ilegal a prisão com base apenas na premissa de que a condenação pelo Tribunal do Júri deve ser executada prontamente, sem a confirmação da condenação por colegiado de segundo grau ou sem o esgotamento das possibilidades de recursos. No STF, o MP-SC alega que a execução provisória de condenação pelo júri está diretamente relacionada à soberania dos vereditos, que não pode ser revista pelo tribunal de apelação. A Constituição atribuiu ao júri a competência para julgar os crimes dolosos contra a vida, como homicídio e feminicídio. Também assegurou a esse órgão a soberania do seu veredito – ou seja, a decisão dos jurados de condenar ou absolver um acusado, em regra, são definitivas no que diz respeito à apreciação dos fatos. De acordo com o texto constitucional, a soberania do júri visa proteger a independência das decisões populares, garantindo que a análise dos fatos fique a cargo da sociedade representada pelos jurados, e não apenas de juízes togados."
O Globo,Quando vai chover em SP? Veja previsão do tempo por estados para esta quinta-feira,{'https://oglobo.globo.com/brasil/noticia/2024/09/12/quando-vai-chover-em-sp-veja-previsao-do-tempo-por-estados-para-esta-quinta-feira.ghtml'}," A cidade de São Paulo registra, desde segunda-feira, a pior qualidade do ar do mundo, de acordo com o site de monitoramento IQAir. Na capital, a situação é de uma seca intensa que afetou rios e de cinzas das queimadas do Norte, que mudaram a cor do céu. Nesta quinta-feira, o Instituto Nacional de Meteorologia (Inmet) emitiu um alerta de ""grande perigo"" de onda de calor e um de baixa umidade. Segundo o Climatempo, a previsão é que não chova na capital até o domingo, dia 15.   Para esta semana, um alerta meteorológico do Inmet aponta uma nova onda de calor, de ""grande perigo"", que fará a temperatura aumentar em até 5ºC acima da média histórica pelos próximos dias. O alerta de onda de calor do Inmet atinge os estados de Rondônia, Mato Grosso, Mato Grosso do Sul, São Paulo, além de partes do Rio de Janeiro, Minas, e do Amazonas. Nestas áreas, o instituto emitiu um alerta vermelho de ""grande perigo"". Já no Sul, um alerta de menor gravidade, de ""perigo"", deve afetar Santa Catarina e partes do Paraná e do Rio Grande do Sul. O aviso de onda de calor se iniciou na segunda-feira e deve se estender por um período de três dias. Com a baixa umidade, as temperaturas podem superar os 40ºC em algumas cidades. O Inmet também prevê baixa umidade para quase todo o país nesta quinta-feira, seguindo o padrão desde o início da semana. Combinada às altas temperaturas, causadas pela onda de calor que avança do Amazonas ao Rio Grande do Sul, a umidade relativa do ar deve permanecer entre 20% e 30% durante todo o dia. O alerta emitido pelo Inmet recai sobre 21 estados: Acre, Amazonas, Pará, Rondônia, Tocantins, Ceará, Maranhão, Piauí, Rio Grande do Norte, Paraíba, Pernambuco, Bahia, Minas Gerais, São Paulo, Rio de Janeiro, Paraná, Santa Catarina, Rio Grande do Sul, Mato Grosso do Sul, Mato Grosso, Goiás e Distrito Federal. O Inmet emitiu também um alerta de tempestades para o Rio Grande do Sul nesta quinta-feira. Na maior parte do estado, o aviso se estende até a tarde, com chuva entre 20 a 50 mm por dia, ventos intensos, entre 40 e 60 km/h, e queda de granizo.     A qualidade do ar segue piorando ao longo da semana. Nesta quarta-feira, todas as estações da Cetesb, companhia ambiental do estado, apresentaram qualidade ruim ou muito ruim, à exceção de Diadema, no ABC paulista, que registra qualidade moderada. Para a Cetesb, a situação só vai melhorar quando os focos de incêndio forem controlados e com a mudança do tempo, que permita a dispersão dos poluentes. O tempo seco e quente piora a qualidade do ar. A previsão é de que, no domingo, a capital paulista tenha alguma chuva. Segundo o Climatempo, uma mudança brusca de temperatura está prevista para o domingo, quando a máxima será de 20°C e a mínima de 16°C. A expectativa é de que a precipitação seja de 0.7 milímetros, com uma noite nublada e ""possibilidade de garoa"".   A MetSul meteorologia explica que o Brasil está sob a influência de uma massa de ar extremamente seco e quente, o que também resulta em umidade muito baixa. Valores de umidade relativa do ar entre 10% e 20% têm sido comuns nos estados do Centro-Oeste e do Sudeste. Durante a tarde, o nível ficou até abaixo de 10% em alguns locais, em padrão que se assemelha ao de um deserto. Segundo a Organização Mundial da Saúde (OMS), níveis de umidade relativa do ar abaixo de 20% são considerados uma situação de emergência. O final de semana já foi de muito calor em boa parte do país, com marcas acima de 40ºC em alguns lugares, como Cuiabá (42,6ºC), Aquidauana (MS), onde fez 41ºC, e São Miguel do Araguaia (GO), que marcou 40,3ºC. Mas, segundo a MetSul, a onda de calor no Brasil vai ganhar força e atingir o seu máximo de intensidade nesta semana. A estiagem prolongada e o solo a cada dia mais seco criam um ciclo que se retroalimenta, afirma a MetSul. Nos próximos dias, a massa de ar seco e quente sobre o Brasil vai se intensificar ainda mais e se expandir. Além dos alertas de calor e baixa umidade, o Inmet também prevê, para esta quarta-feira, fortes ventos no Nordeste. O Instituto emitiu alertas de vendaval e de ventos costeiros, que devem atingir oito estados.   A partir da seca, o Brasil vem sofrendo com a alta de queimadas, que leva consequências às cidades do Norte e do Sul. Isso também contribui para o aumento das temperaturas. Além dos municípios do Norte estarem sofrendo com as queimadas da própria Amazônia, os estados do Sul e do Sudeste recebem a fumaça, já que um corredor de vento se desloca do Norte ao Sul do país, no momento. No final de semana, foram registrados 7028 focos de calor no país, de acordo com dados do Programa Queimadas do Instituto Nacional de Pesquisas Espaciais (INPE). Em julho e agosto, o número bateu recorde em diversos locais, inclusive na Amazônia, onde o nível de chuva está abaixo do normal, afetando as bacias hidrográficas e tornando a vegetação mais suscetível ao fogo. De acordo com os dados da IQAir, Porto Velho, Rio Branco e São Paulo tiveram as piores qualidades de ar do mundo, no domingo (8). Coordenadora do Laboratório de Química Atmosférica (LQA) da PUC-Rio, Adriana Gioda explica que os valores estavam mais de 10 vezes acima do limite seguro recomendado pela OMS. — Ou seja, toda a população (dessas cidades) pode apresentar riscos de manifestação de doenças respiratórias e cardiovasculares. Além de aumentar a possibilidade de mortes prematuras em grupos de risco — afirma a especialista."
O Globo,Missão com bilionário e civis faz nesta quinta a primeira caminhada espacial privada da história; entenda operação,{'https://oglobo.globo.com/mundo/noticia/2024/09/12/missao-com-bilionario-e-civis-faz-nesta-quinta-a-primeira-caminhada-espacial-privada-da-historia-entenda-operacao.ghtml'}," Lançada na manhã desta terça, a missão Polaris Dawn, da SpaceX, foi ao espaço sem nenhum “astronauta profissional” para fazer a primeira caminhada espacial privada nesta quinta-feira, que começou às 7h20 do horário de Brasília. A bordo de um Falcon 9, dois homens e duas mulheres participam do voo, que marcará a maior distância da Terra já atingida desde as missões Apollo, que levaram o homem à Lua.   A cápsula Resilience foi modificada para realizar a primeira atividade extraveicular (EVA) por astronautas comerciais. A uma altitude programada de 700 km, toda a tripulação vestirá os novos trajes espaciais projetados pela SpaceX e a nave será despressurizada. A escotilha será então aberta e o interior da nave espacial se tornará parte do vácuo do espaço sideral. Apenas duas pessoas, Isaacman e Gillis, sairão do veículo pela escotilha superior e realizarão uma caminhada espacial presos a cabos. Poteet e Menon permanecerão na cápsula para gerenciar os cordões umbilicais e monitorar as leituras para garantir que tudo esteja ocorrendo corretamente. O objetivo principal da caminhada espacial é testar os trajes espaciais que a SpaceX desenvolveu para este voo. A roupa desenvolvida para a missão é uma evolução do traje de Atividade Intraveicular (IVA). O novo modelo para ambientes externos oferece maior mobilidade, um visor HUD (head-up display), câmera de última geração no capacete e novos tecidos de gerenciamento térmico. Depois que o Isaacman e Gillis retornarem e fecharem a escotilha, o interior da cápsula será repressurizado. Os testes do lado de fora devem durar de 15 a 20 minutos, para cada astronauta, um de cada vez.   Entre os objetivos do quarteto estão alcançar a órbita mais alta por uma missão tripulada, com apogeu de 1.400 km — excluindo as missões Apollo para a Lua —, pesquisas médicas sobre os possíveis efeitos da altitude extrema no corpo humano e testes de conexão internet por raios laser no espaço. Entre as pesquisas científicas listadas, os astronautas vão utilizar ultrassom para monitorar, detectar e quantificar êmbolos gasosos venosos, em estudos sobre prevalência humana de doença de descompressão; coletar dados sobre o ambiente de radiação para entender melhor como a radiação espacial afeta os sistemas biológicos humanos; fornecer amostras biológicas para análises em um Biobanco de longo prazo; e pesquisa relacionada à Síndrome Neuro-Ocular Associada ao Voo Espacial (SANS).   O comandante da Polaris Dawn é Jared “Rook” Isaacman, que anteriormente comandou a missão Inspiration4 em 2021. Scott “Kidd” Poteet, amigo de longa data e parceiro de negócios de Isaacman, será o piloto da missão. Eles serão acompanhados por Sarah Gillis e Anna Menon, engenheiras da SpaceX que servirão como especialistas da missão e oficial médica. — Após mais de dois anos de treinamento, estamos animados para embarcar nesta missão. A ideia é aprender o máximo que pudermos sobre o novo traje e devolvê-lo aos engenheiros para desenvolverem futuras evoluções do design. É uma grande honra ter essa oportunidade de testá-lo neste voo — disse Jared Isaacman em uma coletiva de imprensa na Flórida. Jared Isaacman, comandante da Missão, é fundador e CEO da Shift4, e também serviu como comandante da missão da Inspiration4, a primeira missão totalmente civil do mundo a ir ao espaço em 2021. O projeto ajudou a arrecadar mais de US$ 250 milhões para o St. Jude Children's Research Hospital. Considerado um aviador e aventureiro talentoso, Isaacman é qualificado para pilotar aeronaves comerciais e militares e detém vários recordes aéreos mundiais, incluindo dois voos de velocidade ao redor do planeta Terra. Scott “Kidd” Poteet, piloto de missão, é um tenente-coronel aposentado da Força Aérea dos Estados Unidos e seus 20 anos de serviço incluíram o comandante do 64º Esquadrão Agressor, piloto de demonstração Thunderbird #4 da USAF, piloto de teste operacional e avaliação e examinador de voo. Poteet serviu anteriormente como diretor de missão para a Inspiration4. Corredor e triatleta, nativo de New Hampshire, Poteet completou 15 triatlos Ironman desde 2000, incluindo quatro campeonatos mundiais de Ironman em Kailua-Kona, Havaí. Sarah Gillis, especialista em missões, é natural do Colorado e engenheira líder de operações espaciais na SpaceX, onde é responsável por supervisionar o programa de treinamento de astronautas da empresa. Violinista com formação clássica, Gillis começou como estagiária na SpaceX em 2015 e trabalhou em testes com humanos no circuito da espaçonave Dragon. Seu mentor, o ex-astronauta da NASA Joseph R. Tanner, primeiro a encorajou a estudar engenharia aeroespacial na University of Colorado Boulder. Anna Menon, especialista em missão e oficial médica, é engenheira líder de operações espaciais na SpaceX, onde gerencia o desenvolvimento de operações de tripulação e atua no controle de missão como diretora de missão e comunicadora de tripulação. Menon mora em Houston e é casada com o recém-nomeado astronauta da NASA, Anil Menon. Ela escreveu um livro infantil, Kisses from Space, que foi inspirado por sua experiência na preparação para a missão Polaris Dawn e seu desejo de compartilhar sua experiência de voo espacial com seus dois filhos pequenos. Ela o lerá do espaço durante a missão e os lucros de suas vendas do livro beneficiarão o St. Jude Children's Research Hospital."
